ts,latenz_sensing_min,latenz_slot_min
2026-06-28T19:20:00+00:00,10.208547900000001,20.2085479
2026-06-28T19:30:00+00:00,10.087129233333334,20.087129233333332
2026-06-28T19:40:00+00:00,10.092515333333333,20.09251533333333
2026-06-28T19:50:00+00:00,10.062596916666667,20.062596916666667
2026-06-28T20:00:00+00:00,10.104045583333335,20.104045583333335
2026-06-28T20:10:00+00:00,10.077455133333332,20.077455133333334
2026-06-28T20:20:00+00:00,10.114048916666666,20.114048916666665
2026-06-28T20:30:00+00:00,10.061928266666666,20.061928266666666
2026-06-28T20:40:00+00:00,10.088117316666667,20.08811731666667
2026-06-28T20:50:00+00:00,10.064880766666667,20.064880766666665
2026-06-28T21:00:00+00:00,10.107450316666666,20.107450316666664
2026-06-28T21:10:00+00:00,10.075576866666667,20.075576866666665
2026-06-28T21:20:00+00:00,10.063536150000001,20.06353615
2026-06-28T21:30:00+00:00,10.101980416666667,20.101980416666667
2026-06-28T21:40:00+00:00,10.2823225,20.282322500000003
2026-06-28T21:50:00+00:00,10.066945166666667,20.066945166666667
2026-06-28T22:00:00+00:00,10.072354933333335,20.072354933333333
2026-06-28T22:10:00+00:00,10.140398583333333,20.140398583333333
2026-06-28T22:20:00+00:00,10.07285105,20.07285105
2026-06-28T22:30:00+00:00,10.066014216666668,20.066014216666666
2026-06-28T22:40:00+00:00,10.097770833333334,20.097770833333335
2026-06-28T22:50:00+00:00,10.093011666666666,20.093011666666666
2026-06-28T23:00:00+00:00,10.114478850000001,20.11447885
2026-06-28T23:10:00+00:00,10.061755983333335,20.061755983333335
2026-06-28T23:20:00+00:00,10.100664700000001,20.1006647
2026-06-28T23:30:00+00:00,10.060186033333334,20.06018603333333
2026-06-28T23:40:00+00:00,10.114290733333332,20.114290733333334
2026-06-28T23:50:00+00:00,10.132886899999999,20.132886900000003
2026-06-29T00:00:00+00:00,10.0609039,20.060903900000003
2026-06-29T00:10:00+00:00,10.071882133333334,20.071882133333336
2026-06-29T00:20:00+00:00,10.071983233333333,20.071983233333334
2026-06-29T00:30:00+00:00,10.043453983333334,20.043453983333333
2026-06-29T00:40:00+00:00,10.209468883333333,20.209468883333333
2026-06-29T01:00:00+00:00,10.102391833333334,20.102391833333336
2026-06-29T01:10:00+00:00,10.052549966666668,20.052549966666668
2026-06-29T01:20:00+00:00,10.116811049999999,20.116811050000003
2026-06-29T01:30:00+00:00,10.048194916666667,20.048194916666667
2026-06-29T01:40:00+00:00,10.131644,20.131643999999998
2026-06-29T01:50:00+00:00,10.047712916666667,20.04771291666667
2026-06-29T02:00:00+00:00,10.2378099,20.2378099
2026-06-29T02:10:00+00:00,10.0512472,20.0512472
2026-06-29T02:20:00+00:00,10.137236233333335,20.137236233333333
2026-06-29T02:30:00+00:00,10.044652016666667,20.044652016666664
2026-06-29T02:40:00+00:00,10.203561283333332,20.203561283333332
2026-06-29T02:50:00+00:00,10.052645166666668,20.052645166666665
2026-06-29T03:00:00+00:00,10.096381650000001,20.09638165
2026-06-29T03:10:00+00:00,10.044341533333332,20.044341533333334
2026-06-29T03:20:00+00:00,10.185019500000001,20.1850195
2026-06-29T03:30:00+00:00,10.043704233333333,20.043704233333337
2026-06-29T03:40:00+00:00,10.359999383333333,20.35999938333333
2026-06-29T03:50:00+00:00,10.051140049999999,20.05114005
2026-06-29T04:00:00+00:00,10.082129400000001,20.0821294
2026-06-29T04:10:00+00:00,10.046046733333332,20.046046733333334
2026-06-29T04:20:00+00:00,10.0595342,20.059534199999998
2026-06-29T04:30:00+00:00,10.091483683333333,20.091483683333333
2026-06-29T04:40:00+00:00,10.06799225,20.06799225
2026-06-29T04:50:00+00:00,10.05281005,20.05281005
2026-06-29T05:00:00+00:00,10.062700316666668,20.062700316666668
2026-06-29T05:10:00+00:00,10.06201875,20.06201875
2026-06-29T05:20:00+00:00,10.066686433333333,20.066686433333334
2026-06-29T05:30:00+00:00,10.046591866666667,20.046591866666667
2026-06-29T05:40:00+00:00,10.313860083333333,20.313860083333335
2026-06-29T05:50:00+00:00,10.048846716666667,20.048846716666667
2026-06-29T06:00:00+00:00,10.177595349999999,20.17759535
2026-06-29T06:10:00+00:00,10.046177,20.046177
2026-06-29T06:20:00+00:00,10.155174866666666,20.155174866666666
2026-06-29T06:30:00+00:00,10.047605633333335,20.047605633333333
2026-06-29T06:40:00+00:00,10.202871133333334,20.202871133333336
2026-06-29T06:50:00+00:00,10.0452803,20.0452803
2026-06-29T07:00:00+00:00,10.086869983333335,20.086869983333333
2026-06-29T07:10:00+00:00,10.047576133333333,20.047576133333333
2026-06-29T07:20:00+00:00,10.16087345,20.16087345
2026-06-29T07:30:00+00:00,10.16349925,20.163499249999997
2026-06-29T07:40:00+00:00,10.1008796,20.1008796
2026-06-29T07:50:00+00:00,10.05472445,20.05472445
2026-06-29T08:00:00+00:00,10.148219666666668,20.148219666666666
2026-06-29T08:10:00+00:00,10.046494466666667,20.046494466666665
2026-06-29T08:20:00+00:00,10.103259699999999,20.103259700000002
2026-06-29T08:30:00+00:00,10.047478850000001,20.04747885
2026-06-29T08:40:00+00:00,10.191916899999999,20.191916900000002
2026-06-29T08:50:00+00:00,10.0471076,20.0471076
2026-06-29T09:00:00+00:00,10.116202600000001,20.1162026
2026-06-29T09:10:00+00:00,10.05626375,20.056263750000003
2026-06-29T09:20:00+00:00,10.087280166666666,20.08728016666667
2026-06-29T09:30:00+00:00,10.043668216666667,20.043668216666667
2026-06-29T09:40:00+00:00,10.12015025,20.12015025
2026-06-29T09:50:00+00:00,10.045541333333334,20.045541333333333
2026-06-29T10:00:00+00:00,10.210842600000001,20.2108426
2026-06-29T10:10:00+00:00,10.0498266,20.0498266
2026-06-29T10:20:00+00:00,10.17807855,20.178078550000002
2026-06-29T10:30:00+00:00,10.049912666666668,20.049912666666668
2026-06-29T10:40:00+00:00,10.117314233333333,20.11731423333333
2026-06-29T10:50:00+00:00,10.045780616666667,20.045780616666665
2026-06-29T11:00:00+00:00,10.1966485,20.1966485
2026-06-29T11:10:00+00:00,10.076890466666667,20.07689046666667
2026-06-29T11:20:00+00:00,10.174434233333333,20.174434233333333
2026-06-29T11:30:00+00:00,10.05464965,20.054649649999998
2026-06-29T11:40:00+00:00,10.065139783333333,20.065139783333333
2026-06-29T11:50:00+00:00,10.121890416666668,20.121890416666666
2026-06-29T12:00:00+00:00,10.1878712,20.1878712
2026-06-29T12:10:00+00:00,10.068681183333332,20.068681183333336
2026-06-29T12:20:00+00:00,10.203091716666668,20.203091716666666
2026-06-29T12:30:00+00:00,10.108804999999998,20.108805
2026-06-29T12:40:00+00:00,10.126066166666668,20.126066166666664
2026-06-29T12:50:00+00:00,10.18221815,20.18221815
2026-06-29T13:00:00+00:00,10.064799183333333,20.06479918333333
2026-06-29T13:10:00+00:00,10.059187233333335,20.059187233333333
2026-06-29T13:20:00+00:00,10.096724033333334,20.09672403333333
2026-06-29T13:30:00+00:00,10.0671424,20.0671424
2026-06-29T13:40:00+00:00,10.220447833333333,20.22044783333333
2026-06-29T13:50:00+00:00,10.164557416666666,20.164557416666664
2026-06-29T14:00:00+00:00,10.0783757,20.0783757
2026-06-29T14:10:00+00:00,10.081614,20.081614000000002
2026-06-29T14:20:00+00:00,10.076270533333334,20.076270533333332
2026-06-29T14:30:00+00:00,10.248843716666666,20.248843716666666
2026-06-29T14:40:00+00:00,10.066970099999999,20.0669701
2026-06-29T14:50:00+00:00,10.13136785,20.13136785
2026-06-29T15:00:00+00:00,10.043935183333334,20.043935183333335
2026-06-29T15:10:00+00:00,10.193013683333334,20.193013683333334
2026-06-29T15:20:00+00:00,10.064766766666667,20.064766766666665
2026-06-29T15:30:00+00:00,10.112039633333334,20.112039633333332
2026-06-29T15:40:00+00:00,10.0470867,20.0470867
2026-06-29T15:50:00+00:00,10.26171535,20.26171535
2026-06-29T16:00:00+00:00,10.0477727,20.0477727
2026-06-29T16:10:00+00:00,10.142235216666668,20.142235216666666
2026-06-29T16:20:00+00:00,10.099615616666666,20.099615616666664
2026-06-29T16:30:00+00:00,10.139757583333333,20.139757583333335
2026-06-29T16:40:00+00:00,10.0597247,20.0597247
2026-06-29T16:50:00+00:00,10.151448466666666,20.15144846666667
2026-06-29T17:00:00+00:00,10.359617866666667,20.359617866666667
2026-06-29T17:10:00+00:00,10.0928743,20.092874300000002
2026-06-29T17:20:00+00:00,10.300459516666667,20.300459516666667
2026-06-29T17:30:00+00:00,10.127948616666666,20.127948616666668
2026-06-29T17:40:00+00:00,10.122642333333333,20.12264233333333
2026-06-29T17:50:00+00:00,10.177003166666667,20.17700316666667
2026-06-29T18:00:00+00:00,10.066540633333334,20.066540633333332
2026-06-29T18:10:00+00:00,10.23522125,20.23522125
2026-06-29T18:20:00+00:00,10.111682216666667,20.11168221666667
2026-06-29T18:30:00+00:00,10.2338759,20.233875899999997
2026-06-29T18:40:00+00:00,10.132901966666667,20.13290196666667
2026-06-29T18:50:00+00:00,10.242601233333334,20.242601233333335
2026-06-29T19:00:00+00:00,10.134374033333334,20.134374033333334
2026-06-29T19:10:00+00:00,10.165979416666666,20.16597941666667
2026-06-29T19:20:00+00:00,10.111174616666666,20.111174616666666
2026-06-29T19:30:00+00:00,10.146979583333332,20.146979583333334
2026-06-29T19:40:00+00:00,10.05637615,20.056376150000002
2026-06-29T19:50:00+00:00,10.104464183333333,20.104464183333334
2026-06-29T20:00:00+00:00,10.050807099999998,20.0508071
2026-06-29T20:10:00+00:00,10.123010466666667,20.123010466666663
2026-06-29T20:20:00+00:00,10.0605025,20.0605025
2026-06-29T20:30:00+00:00,10.10573555,20.105735550000002
2026-06-29T20:40:00+00:00,11.080272983333334,21.080272983333334
2026-06-29T20:50:00+00:00,10.124402116666666,20.124402116666666
2026-06-29T21:00:00+00:00,10.046796383333334,20.046796383333334
2026-06-29T21:10:00+00:00,10.097507083333333,20.097507083333333
2026-06-29T21:20:00+00:00,10.053645733333333,20.053645733333333
2026-06-29T21:40:00+00:00,10.05695085,20.05695085
2026-06-29T21:50:00+00:00,10.15607665,20.15607665
2026-06-29T22:00:00+00:00,10.052254416666667,20.052254416666663
2026-06-29T22:10:00+00:00,10.081755033333334,20.08175503333333
2026-06-29T22:20:00+00:00,10.10930295,20.109302949999996
2026-06-29T22:30:00+00:00,10.19345315,20.19345315
2026-06-29T22:40:00+00:00,10.242300633333334,20.242300633333333
2026-06-29T22:50:00+00:00,10.122420416666667,20.122420416666667
2026-06-29T23:00:00+00:00,10.122567366666667,20.122567366666665
2026-06-29T23:10:00+00:00,10.101477533333334,20.10147753333333
2026-06-29T23:20:00+00:00,10.1264402,20.1264402
2026-06-29T23:30:00+00:00,10.062912466666667,20.062912466666667
2026-06-29T23:40:00+00:00,10.073621150000001,20.07362115
2026-06-29T23:50:00+00:00,10.081685433333332,20.081685433333334
2026-06-30T00:00:00+00:00,10.074774566666667,20.07477456666667
2026-06-30T00:10:00+00:00,10.207371116666668,20.207371116666664
2026-06-30T00:20:00+00:00,10.067380416666667,20.067380416666666
2026-06-30T00:30:00+00:00,10.171371566666666,20.171371566666668
2026-06-30T00:40:00+00:00,10.050089183333334,20.050089183333334
2026-06-30T00:50:00+00:00,10.156506783333333,20.156506783333334
2026-06-30T01:00:00+00:00,10.086645733333334,20.086645733333334
2026-06-30T01:10:00+00:00,10.165744,20.165744
2026-06-30T01:20:00+00:00,10.048461816666666,20.048461816666666
2026-06-30T01:40:00+00:00,10.10295685,20.102956849999998
2026-06-30T01:50:00+00:00,10.082154316666667,20.082154316666667
2026-06-30T02:00:00+00:00,10.0764433,20.0764433
2026-06-30T02:10:00+00:00,10.227523733333333,20.22752373333333
2026-06-30T02:20:00+00:00,10.172751283333334,20.172751283333334
2026-06-30T02:30:00+00:00,10.0825039,20.0825039
2026-06-30T02:40:00+00:00,10.058924033333334,20.058924033333334
2026-06-30T02:50:00+00:00,10.082342383333334,20.082342383333334
2026-06-30T03:00:00+00:00,10.070958633333333,20.07095863333333
2026-06-30T03:10:00+00:00,10.145262116666666,20.145262116666668
2026-06-30T03:20:00+00:00,10.0615718,20.061571800000003
2026-06-30T03:30:00+00:00,10.120093833333334,20.120093833333332
2026-06-30T03:40:00+00:00,10.119292533333333,20.119292533333333
2026-06-30T03:50:00+00:00,10.068003000000001,20.068002999999997
2026-06-30T04:00:00+00:00,10.062622666666666,20.062622666666666
2026-06-30T04:10:00+00:00,10.067498383333334,20.067498383333334
2026-06-30T04:20:00+00:00,10.135390733333333,20.135390733333335
2026-06-30T04:30:00+00:00,10.17081965,20.17081965
2026-06-30T04:40:00+00:00,10.051774716666667,20.051774716666667
2026-06-30T04:50:00+00:00,10.11459305,20.11459305
2026-06-30T05:00:00+00:00,10.082036716666666,20.082036716666668
2026-06-30T05:10:00+00:00,10.197635133333334,20.197635133333332
2026-06-30T05:20:00+00:00,10.199486183333333,20.19948618333333
2026-06-30T05:30:00+00:00,10.067267750000001,20.06726775
2026-06-30T05:40:00+00:00,10.294301749999999,20.29430175
2026-06-30T05:50:00+00:00,10.069617866666666,20.069617866666665
2026-06-30T06:00:00+00:00,10.0499557,20.049955699999998
2026-06-30T06:10:00+00:00,10.250572199999999,20.2505722
2026-06-30T06:20:00+00:00,10.076059183333333,20.07605918333333
2026-06-30T06:30:00+00:00,10.161770383333334,20.16177038333333
2026-06-30T06:40:00+00:00,10.051058916666667,20.051058916666666
2026-06-30T06:50:00+00:00,10.468589983333334,20.468589983333334
2026-06-30T07:00:00+00:00,10.118011183333333,20.118011183333333
2026-06-30T07:10:00+00:00,10.110040316666668,20.110040316666666
2026-06-30T07:20:00+00:00,10.049431516666667,20.04943151666667
2026-06-30T07:30:00+00:00,10.114764783333333,20.11476478333333
2026-06-30T07:40:00+00:00,10.073638833333332,20.073638833333334
2026-06-30T07:50:00+00:00,10.287791516666665,20.28779151666667
2026-06-30T08:00:00+00:00,10.050603916666667,20.050603916666667
2026-06-30T08:10:00+00:00,10.12544355,20.12544355
2026-06-30T08:20:00+00:00,10.044521016666666,20.044521016666668
2026-06-30T08:30:00+00:00,10.089990283333332,20.089990283333336
2026-06-30T08:40:00+00:00,10.0439421,20.0439421
2026-06-30T08:50:00+00:00,10.140723983333334,20.14072398333333
2026-06-30T09:00:00+00:00,10.06918385,20.06918385
2026-06-30T09:10:00+00:00,10.13332545,20.133325449999997
2026-06-30T09:20:00+00:00,10.07076455,20.07076455
2026-06-30T09:30:00+00:00,10.184310683333333,20.184310683333333
2026-06-30T09:40:00+00:00,10.165221166666667,20.165221166666665
2026-06-30T09:50:00+00:00,10.1128278,20.112827799999998
2026-06-30T10:00:00+00:00,10.055819733333333,20.055819733333333
2026-06-30T10:10:00+00:00,10.142972333333335,20.142972333333333
2026-06-30T10:20:00+00:00,10.194566916666668,20.194566916666666
2026-06-30T10:30:00+00:00,10.083910049999998,20.08391005
2026-06-30T10:40:00+00:00,10.06363965,20.063639650000002
2026-06-30T10:50:00+00:00,10.156789183333332,20.156789183333334
2026-06-30T11:00:00+00:00,10.069034833333335,20.069034833333333
2026-06-30T11:10:00+00:00,10.258643333333334,20.258643333333335
2026-06-30T11:20:00+00:00,10.0766398,20.076639800000002
2026-06-30T11:30:00+00:00,10.188776183333333,20.188776183333335
2026-06-30T11:40:00+00:00,10.154729699999999,20.1547297
2026-06-30T11:50:00+00:00,10.229489366666666,20.229489366666666
2026-06-30T12:00:00+00:00,10.117366616666667,20.11736661666667
2026-06-30T12:10:00+00:00,10.179605133333332,20.179605133333332
2026-06-30T12:20:00+00:00,10.085480016666667,20.08548001666667
2026-06-30T12:30:00+00:00,10.148428849999998,20.148428850000002
2026-06-30T12:40:00+00:00,10.094595616666668,20.094595616666666
2026-06-30T12:50:00+00:00,10.245482083333334,20.245482083333332
2026-06-30T13:00:00+00:00,10.089951066666666,20.089951066666668
2026-06-30T13:10:00+00:00,10.233845883333334,20.233845883333334
2026-06-30T13:20:00+00:00,10.120798166666667,20.120798166666667
2026-06-30T13:30:00+00:00,10.21719365,20.217193650000002
2026-06-30T13:40:00+00:00,10.08326635,20.08326635
2026-06-30T13:50:00+00:00,10.147639083333333,20.147639083333335
2026-06-30T14:00:00+00:00,10.14714375,20.14714375
2026-06-30T14:10:00+00:00,10.187438833333333,20.18743883333333
2026-06-30T14:20:00+00:00,10.097759283333334,20.097759283333335
2026-06-30T14:30:00+00:00,10.1283151,20.128315100000002
2026-06-30T14:40:00+00:00,10.166791833333333,20.16679183333333
2026-06-30T14:50:00+00:00,10.11669925,20.11669925
2026-06-30T15:00:00+00:00,10.2144855,20.214485500000002
2026-06-30T15:10:00+00:00,10.2291994,20.229199400000002
2026-06-30T15:20:00+00:00,10.231938750000001,20.231938749999998
2026-06-30T15:30:00+00:00,10.1172333,20.117233300000002
2026-06-30T15:40:00+00:00,10.190388316666667,20.190388316666667
2026-06-30T15:50:00+00:00,10.216058883333334,20.216058883333336
2026-06-30T16:00:00+00:00,10.077581116666666,20.077581116666668
2026-06-30T16:10:00+00:00,10.32184,20.32184
2026-06-30T16:20:00+00:00,10.170237566666666,20.170237566666668
2026-06-30T16:30:00+00:00,10.149056550000001,20.14905655
2026-06-30T16:40:00+00:00,10.451504550000001,20.45150455
2026-06-30T16:50:00+00:00,10.294948766666666,20.294948766666668
2026-06-30T17:00:00+00:00,10.0994096,20.0994096
2026-06-30T17:10:00+00:00,10.117120083333333,20.117120083333337
2026-06-30T17:20:00+00:00,10.096272166666667,20.096272166666665
2026-06-30T17:30:00+00:00,10.148045083333333,20.148045083333333
2026-06-30T17:40:00+00:00,10.35902645,20.359026449999998
2026-06-30T17:50:00+00:00,10.196970616666666,20.196970616666665
2026-06-30T18:00:00+00:00,10.108706416666667,20.108706416666667
2026-06-30T18:10:00+00:00,10.143603416666668,20.143603416666668
2026-06-30T18:20:00+00:00,10.216841283333334,20.216841283333334
2026-06-30T18:30:00+00:00,10.195443816666666,20.195443816666668
2026-06-30T18:40:00+00:00,10.09727795,20.09727795
2026-06-30T18:50:00+00:00,10.168728750000001,20.16872875
2026-06-30T19:00:00+00:00,10.08208815,20.08208815
2026-06-30T19:10:00+00:00,10.178029833333333,20.178029833333333
2026-06-30T19:20:00+00:00,10.072311333333333,20.072311333333335
2026-06-30T19:30:00+00:00,10.15235855,20.15235855
2026-06-30T19:40:00+00:00,10.094926633333333,20.094926633333333
2026-06-30T19:50:00+00:00,10.2769417,20.276941700000002
2026-06-30T20:00:00+00:00,10.130517483333334,20.130517483333332
2026-06-30T20:10:00+00:00,10.215064,20.215063999999998
2026-06-30T20:20:00+00:00,10.11351165,20.113511650000003
2026-06-30T20:30:00+00:00,10.164026333333334,20.164026333333332
2026-06-30T20:40:00+00:00,10.068959516666666,20.068959516666666
2026-06-30T20:50:00+00:00,10.123955783333335,20.123955783333333
2026-06-30T21:00:00+00:00,10.097590216666667,20.097590216666667
2026-06-30T21:10:00+00:00,10.109184916666667,20.109184916666667
2026-06-30T21:20:00+00:00,10.093912733333333,20.093912733333333
2026-06-30T21:30:00+00:00,10.119150683333334,20.11915068333333
2026-06-30T21:40:00+00:00,10.127416416666668,20.127416416666666
2026-06-30T21:50:00+00:00,10.11743985,20.11743985
2026-06-30T22:00:00+00:00,10.097339966666668,20.097339966666667
2026-06-30T22:10:00+00:00,10.147863016666667,20.14786301666667
2026-06-30T22:20:00+00:00,10.088714633333332,20.088714633333332
2026-06-30T22:30:00+00:00,10.12950685,20.12950685
2026-06-30T22:40:00+00:00,10.067828616666667,20.067828616666667
2026-06-30T22:50:00+00:00,10.135405200000001,20.135405199999997
2026-06-30T23:00:00+00:00,10.06640415,20.06640415
2026-06-30T23:10:00+00:00,10.15403685,20.15403685
2026-06-30T23:20:00+00:00,10.074038583333333,20.074038583333333
2026-06-30T23:30:00+00:00,10.11408475,20.11408475
2026-06-30T23:40:00+00:00,10.16781605,20.16781605
2026-06-30T23:50:00+00:00,10.133209266666666,20.133209266666665
2026-07-01T00:00:00+00:00,10.123999183333332,20.123999183333336
2026-07-01T00:10:00+00:00,10.153926466666666,20.153926466666668
2026-07-01T00:20:00+00:00,10.089540666666666,20.089540666666668
2026-07-01T00:30:00+00:00,10.1733895,20.1733895
2026-07-01T00:40:00+00:00,10.245267649999999,20.245267650000002
2026-07-01T00:50:00+00:00,10.130054300000001,20.130054299999998
2026-07-01T01:00:00+00:00,10.102572166666667,20.10257216666667
2026-07-01T01:10:00+00:00,10.154844916666667,20.154844916666665
2026-07-01T01:20:00+00:00,10.16686475,20.16686475
2026-07-01T01:30:00+00:00,10.205413933333334,20.205413933333332
2026-07-01T01:40:00+00:00,10.1831689,20.1831689
2026-07-01T01:50:00+00:00,10.13249255,20.13249255
2026-07-01T02:00:00+00:00,10.242005983333334,20.242005983333335
2026-07-01T02:10:00+00:00,10.200842683333333,20.200842683333335
2026-07-01T02:20:00+00:00,10.110221966666668,20.110221966666664
2026-07-01T02:30:00+00:00,10.1185076,20.1185076
2026-07-01T02:40:00+00:00,10.217241833333333,20.217241833333333
2026-07-01T02:50:00+00:00,10.093668716666667,20.093668716666667
2026-07-01T03:00:00+00:00,10.138294366666665,20.138294366666667
2026-07-01T03:10:00+00:00,10.159206633333334,20.159206633333334
2026-07-01T03:20:00+00:00,10.345177316666668,20.345177316666664
2026-07-01T03:30:00+00:00,10.155739516666667,20.155739516666664
2026-07-01T03:40:00+00:00,10.290115533333333,20.290115533333335
2026-07-01T03:50:00+00:00,10.145820166666665,20.145820166666667
2026-07-01T04:00:00+00:00,10.1329062,20.132906199999997
2026-07-01T04:10:00+00:00,10.163525366666667,20.163525366666665
2026-07-01T04:20:00+00:00,10.15530605,20.15530605
2026-07-01T04:30:00+00:00,10.246260916666667,20.246260916666664
2026-07-01T04:40:00+00:00,10.1791366,20.1791366
2026-07-01T04:50:00+00:00,10.156612416666666,20.15661241666667
2026-07-01T05:00:00+00:00,10.162853633333333,20.162853633333334
2026-07-01T05:10:00+00:00,10.146325133333333,20.146325133333335
2026-07-01T05:20:00+00:00,10.151907633333334,20.151907633333334
2026-07-01T05:30:00+00:00,10.122562966666667,20.122562966666667
2026-07-01T05:50:00+00:00,10.096148566666667,20.096148566666667
2026-07-01T06:00:00+00:00,10.119353983333333,20.119353983333333
2026-07-01T06:10:00+00:00,10.222037816666667,20.222037816666667
2026-07-01T06:20:00+00:00,10.156018999999999,20.156019
2026-07-01T06:30:00+00:00,10.126080033333333,20.126080033333334
2026-07-01T06:40:00+00:00,10.259814016666667,20.259814016666667
2026-07-01T06:50:00+00:00,10.1216987,20.121698700000003
2026-07-01T07:00:00+00:00,10.178302433333332,20.178302433333332
2026-07-01T07:10:00+00:00,10.1499078,20.1499078
2026-07-01T07:20:00+00:00,10.11179915,20.111799150000003
2026-07-01T07:30:00+00:00,10.141795633333334,20.141795633333334
2026-07-01T07:40:00+00:00,10.373568583333334,20.373568583333334
2026-07-01T07:50:00+00:00,10.1790963,20.1790963
2026-07-01T08:00:00+00:00,10.101269566666668,20.101269566666666
2026-07-01T08:10:00+00:00,10.308680183333333,20.308680183333333
2026-07-01T08:20:00+00:00,10.086164766666666,20.086164766666666
2026-07-01T08:30:00+00:00,10.148677716666667,20.14867771666667
2026-07-01T08:40:00+00:00,10.2629457,20.2629457
2026-07-01T08:50:00+00:00,10.130484433333333,20.130484433333333
2026-07-01T09:00:00+00:00,10.190079366666668,20.190079366666666
2026-07-01T09:10:00+00:00,10.278925500000001,20.2789255
2026-07-01T09:20:00+00:00,10.202491133333332,20.202491133333336
2026-07-01T09:30:00+00:00,10.254583966666667,20.254583966666665
2026-07-01T09:40:00+00:00,10.141096066666668,20.141096066666666
2026-07-01T09:50:00+00:00,10.1350121,20.135012099999997
2026-07-01T10:00:00+00:00,10.158276016666667,20.158276016666665
2026-07-01T10:10:00+00:00,10.1110525,20.111052500000003
2026-07-01T10:20:00+00:00,10.259642516666666,20.259642516666666
2026-07-01T10:30:00+00:00,10.133338416666668,20.133338416666668
2026-07-01T10:40:00+00:00,10.261737066666665,20.26173706666667
2026-07-01T10:50:00+00:00,10.127566533333333,20.127566533333333
2026-07-01T11:00:00+00:00,10.183638949999999,20.18363895
2026-07-01T11:10:00+00:00,10.18625045,20.18625045
2026-07-01T11:20:00+00:00,10.089413500000001,20.0894135
2026-07-01T11:30:00+00:00,10.193350333333333,20.193350333333335
2026-07-01T11:40:00+00:00,10.167706216666666,20.167706216666666
2026-07-01T11:50:00+00:00,10.104229533333333,20.104229533333335
2026-07-01T12:00:00+00:00,10.163383183333334,20.163383183333334
2026-07-01T12:10:00+00:00,10.111038433333333,20.11103843333333
2026-07-01T12:20:00+00:00,10.1530659,20.1530659
2026-07-01T12:30:00+00:00,10.103456433333333,20.103456433333335
2026-07-01T12:50:00+00:00,10.106359849999999,20.10635985
2026-07-01T13:00:00+00:00,10.243281483333334,20.24328148333333
2026-07-01T13:10:00+00:00,10.12850895,20.12850895
2026-07-01T13:20:00+00:00,10.124810016666666,20.124810016666668
2026-07-01T13:30:00+00:00,10.112375316666666,20.112375316666665
2026-07-01T13:40:00+00:00,10.273686366666668,20.273686366666666
2026-07-01T13:50:00+00:00,10.135453049999999,20.135453050000002
2026-07-01T14:00:00+00:00,10.0941851,20.0941851
2026-07-01T14:10:00+00:00,10.115076116666668,20.115076116666668
2026-07-01T14:20:00+00:00,10.143116716666666,20.14311671666667
2026-07-01T14:30:00+00:00,10.12128055,20.121280549999998
2026-07-01T14:40:00+00:00,10.165367233333335,20.16536723333333
2026-07-01T14:50:00+00:00,10.104721183333334,20.104721183333332
2026-07-01T15:00:00+00:00,10.182404183333334,20.182404183333333
2026-07-01T15:10:00+00:00,10.088855950000001,20.08885595
2026-07-01T15:20:00+00:00,10.1420826,20.1420826
2026-07-01T15:30:00+00:00,10.093596333333332,20.093596333333334
2026-07-01T15:40:00+00:00,10.129188583333333,20.129188583333335
2026-07-01T15:50:00+00:00,10.13521525,20.135215249999998
2026-07-01T16:00:00+00:00,10.098050016666667,20.098050016666665
2026-07-01T16:10:00+00:00,10.112634783333334,20.11263478333333
2026-07-01T16:20:00+00:00,10.181280016666667,20.181280016666665
2026-07-01T16:30:00+00:00,10.125709916666667,20.125709916666665
2026-07-01T16:40:00+00:00,10.270469266666668,20.270469266666666
2026-07-01T16:50:00+00:00,10.148626166666666,20.148626166666666
2026-07-01T17:00:00+00:00,10.135681733333334,20.135681733333335
2026-07-01T17:10:00+00:00,10.233141316666666,20.233141316666668
2026-07-01T17:20:00+00:00,10.11649575,20.116495750000002
2026-07-01T17:30:00+00:00,10.106887766666667,20.106887766666667
2026-07-01T17:40:00+00:00,10.198557849999998,20.19855785
2026-07-01T17:50:00+00:00,10.195946300000001,20.1959463
2026-07-01T18:00:00+00:00,10.269166333333335,20.26916633333333
2026-07-01T18:10:00+00:00,10.102296566666666,20.102296566666666
2026-07-01T18:20:00+00:00,10.137282066666668,20.137282066666668
2026-07-01T18:30:00+00:00,10.10045715,20.10045715
2026-07-01T18:40:00+00:00,10.130835833333332,20.130835833333332
2026-07-01T18:50:00+00:00,10.119448833333333,20.119448833333333
2026-07-01T19:00:00+00:00,10.1534101,20.1534101
2026-07-01T19:10:00+00:00,10.1411799,20.1411799
2026-07-01T19:20:00+00:00,10.190809833333333,20.190809833333333
2026-07-01T19:30:00+00:00,10.111655166666667,20.111655166666665
2026-07-01T19:40:00+00:00,10.12306975,20.12306975
2026-07-01T19:50:00+00:00,10.127947533333334,20.127947533333334
2026-07-01T20:00:00+00:00,10.123184083333333,20.123184083333335
2026-07-01T20:10:00+00:00,10.128143516666666,20.12814351666667
2026-07-01T20:20:00+00:00,10.2305683,20.2305683
2026-07-01T20:30:00+00:00,10.122421616666665,20.122421616666667
2026-07-01T20:40:00+00:00,10.087352066666666,20.087352066666664
2026-07-01T20:50:00+00:00,10.1707983,20.1707983
2026-07-01T21:00:00+00:00,10.09184335,20.091843349999998
2026-07-01T21:10:00+00:00,10.168530500000001,20.1685305
2026-07-01T21:20:00+00:00,10.090406333333334,20.09040633333333
2026-07-01T21:30:00+00:00,10.150343833333332,20.150343833333334
2026-07-01T21:40:00+00:00,10.130238016666668,20.130238016666667
2026-07-01T21:50:00+00:00,10.08977305,20.08977305
2026-07-01T22:10:00+00:00,10.081149316666666,20.081149316666664
2026-07-01T22:20:00+00:00,10.153934933333334,20.153934933333336
2026-07-01T22:30:00+00:00,10.150806983333332,20.150806983333332
2026-07-01T22:40:00+00:00,10.120840383333332,20.120840383333334
2026-07-01T22:50:00+00:00,10.089223566666668,20.089223566666664
2026-07-01T23:00:00+00:00,10.109636816666667,20.10963681666667
2026-07-01T23:10:00+00:00,10.101242000000001,20.101242
2026-07-01T23:20:00+00:00,10.1210305,20.1210305
2026-07-01T23:30:00+00:00,10.1984166,20.198416599999998
2026-07-01T23:40:00+00:00,10.204294616666665,20.20429461666667
2026-07-01T23:50:00+00:00,10.12264375,20.12264375
2026-07-02T00:00:00+00:00,10.134982116666666,20.134982116666666
2026-07-02T00:10:00+00:00,10.1149782,20.1149782
2026-07-02T00:20:00+00:00,10.166795183333333,20.16679518333333
2026-07-02T00:30:00+00:00,10.133880383333333,20.133880383333334
2026-07-02T00:40:00+00:00,10.1956347,20.195634700000003
2026-07-02T00:50:00+00:00,10.1403319,20.1403319
2026-07-02T01:00:00+00:00,10.123972083333333,20.123972083333335
2026-07-02T01:10:00+00:00,10.192877399999999,20.1928774
2026-07-02T01:20:00+00:00,10.097345350000001,20.09734535
2026-07-02T01:30:00+00:00,10.095286366666667,20.095286366666667
2026-07-02T01:40:00+00:00,10.0620557,20.0620557
2026-07-02T01:50:00+00:00,10.111327516666668,20.111327516666666
2026-07-02T02:00:00+00:00,10.142189616666666,20.142189616666666
2026-07-02T02:10:00+00:00,10.122283233333333,20.122283233333334
2026-07-02T02:20:00+00:00,10.081378699999998,20.081378700000002
2026-07-02T02:30:00+00:00,10.087738866666665,20.087738866666665
2026-07-02T02:40:00+00:00,10.127086283333334,20.12708628333333
2026-07-02T02:50:00+00:00,10.188424733333333,20.18842473333333
2026-07-02T03:00:00+00:00,10.09709705,20.09709705
2026-07-02T03:10:00+00:00,10.102002933333333,20.10200293333333
2026-07-02T03:20:00+00:00,10.2055995,20.2055995
2026-07-02T03:30:00+00:00,10.107516133333332,20.107516133333334
2026-07-02T03:40:00+00:00,10.20732525,20.20732525
2026-07-02T03:50:00+00:00,10.095482216666666,20.095482216666667
2026-07-02T04:00:00+00:00,10.1787281,20.1787281
2026-07-02T04:10:00+00:00,10.078548233333333,20.078548233333333
2026-07-02T04:20:00+00:00,10.247046833333334,20.247046833333332
2026-07-02T04:30:00+00:00,10.134835533333334,20.134835533333334
2026-07-02T04:40:00+00:00,10.137817766666666,20.137817766666668
2026-07-02T04:50:00+00:00,10.19790265,20.19790265
2026-07-02T05:00:00+00:00,10.185907816666665,20.185907816666667
2026-07-02T05:10:00+00:00,10.074166166666666,20.074166166666664
2026-07-02T05:20:00+00:00,10.12100205,20.12100205
2026-07-02T05:30:00+00:00,10.219153616666667,20.219153616666667
2026-07-02T05:40:00+00:00,10.202943966666668,20.202943966666666
2026-07-02T05:50:00+00:00,10.15841575,20.15841575
2026-07-02T06:00:00+00:00,10.160854433333332,20.160854433333334
2026-07-02T06:10:00+00:00,10.069939866666665,20.06993986666667
2026-07-02T06:20:00+00:00,10.266762233333333,20.266762233333335
2026-07-02T06:30:00+00:00,10.092909183333335,20.092909183333333
2026-07-02T06:40:00+00:00,10.122476133333333,20.122476133333333
2026-07-02T06:50:00+00:00,10.118608499999999,20.1186085
2026-07-02T07:00:00+00:00,10.086726950000001,20.08672695
2026-07-02T07:10:00+00:00,10.1042453,20.1042453
2026-07-02T07:20:00+00:00,10.187322166666666,20.187322166666668
2026-07-02T07:30:00+00:00,10.237645616666667,20.23764561666667
2026-07-02T07:40:00+00:00,10.148191599999999,20.1481916
2026-07-02T07:50:00+00:00,10.107849033333334,20.10784903333333
2026-07-02T08:00:00+00:00,10.212783883333334,20.212783883333334
2026-07-02T08:10:00+00:00,10.085773916666666,20.085773916666668
2026-07-02T08:20:00+00:00,10.175698516666667,20.175698516666667
2026-07-02T08:30:00+00:00,10.0821588,20.0821588
2026-07-02T08:40:00+00:00,10.193911766666668,20.193911766666666
2026-07-02T08:50:00+00:00,10.095743366666666,20.095743366666667
2026-07-02T09:00:00+00:00,10.330776883333334,20.330776883333332
2026-07-02T09:10:00+00:00,10.219308183333334,20.219308183333332
2026-07-02T09:20:00+00:00,10.195397433333333,20.195397433333333
2026-07-02T09:30:00+00:00,10.167919933333334,20.167919933333334
2026-07-02T09:40:00+00:00,10.131226616666668,20.131226616666666
2026-07-02T09:50:00+00:00,10.108177816666666,20.108177816666668
2026-07-02T10:00:00+00:00,10.1192017,20.1192017
2026-07-02T10:10:00+00:00,10.1227196,20.1227196
2026-07-02T10:20:00+00:00,10.128794116666667,20.128794116666665
2026-07-02T10:30:00+00:00,10.133083366666666,20.133083366666664
2026-07-02T10:40:00+00:00,10.33373345,20.33373345
2026-07-02T10:50:00+00:00,10.172961433333334,20.172961433333334
2026-07-02T11:00:00+00:00,10.142128466666666,20.14212846666667
2026-07-02T11:10:00+00:00,10.278745083333332,20.278745083333334
2026-07-02T11:20:00+00:00,10.211996283333333,20.211996283333335
2026-07-02T11:30:00+00:00,10.127544,20.127544
2026-07-02T11:40:00+00:00,10.305358016666666,20.305358016666666
2026-07-02T11:50:00+00:00,10.126762600000001,20.1267626
2026-07-02T12:00:00+00:00,10.107401716666667,20.10740171666667
2026-07-02T12:10:00+00:00,10.150342133333334,20.150342133333332
2026-07-02T12:20:00+00:00,10.218905266666667,20.218905266666663
2026-07-02T12:30:00+00:00,10.136046016666667,20.13604601666667
2026-07-02T12:40:00+00:00,10.167374916666667,20.167374916666667
2026-07-02T12:50:00+00:00,10.206982183333334,20.20698218333333
2026-07-02T13:00:00+00:00,10.34571835,20.345718350000002
2026-07-02T13:10:00+00:00,10.112613933333334,20.112613933333332
2026-07-02T13:20:00+00:00,10.105541733333332,20.105541733333332
2026-07-02T13:30:00+00:00,10.202822016666666,20.20282201666667
2026-07-02T13:40:00+00:00,10.2767172,20.2767172
2026-07-02T13:50:00+00:00,10.142140433333333,20.142140433333335
2026-07-02T14:00:00+00:00,10.194524716666667,20.194524716666667
2026-07-02T14:10:00+00:00,10.147932716666666,20.147932716666666
2026-07-02T14:20:00+00:00,10.199079333333334,20.199079333333334
2026-07-02T14:30:00+00:00,10.2233037,20.2233037
2026-07-02T14:40:00+00:00,10.164482366666666,20.164482366666668
2026-07-02T14:50:00+00:00,10.15838415,20.15838415
2026-07-02T15:00:00+00:00,10.139471533333333,20.139471533333335
2026-07-02T15:10:00+00:00,10.260687383333334,20.260687383333334
2026-07-02T15:20:00+00:00,10.113178049999998,20.11317805
2026-07-02T15:30:00+00:00,10.1127182,20.1127182
2026-07-02T15:50:00+00:00,10.10770435,20.10770435
2026-07-02T16:00:00+00:00,10.100190616666668,20.100190616666666
2026-07-02T16:10:00+00:00,10.086007566666666,20.08600756666667
2026-07-02T16:20:00+00:00,10.116198183333333,20.11619818333333
2026-07-02T16:30:00+00:00,10.104957633333333,20.104957633333335
2026-07-02T16:40:00+00:00,10.25633825,20.25633825
2026-07-02T16:50:00+00:00,10.103659866666668,20.103659866666664
2026-07-02T17:00:00+00:00,10.1702984,20.1702984
2026-07-02T17:10:00+00:00,10.08183825,20.081838249999997
2026-07-02T17:20:00+00:00,10.086235033333333,20.08623503333333
2026-07-02T17:30:00+00:00,10.091940466666667,20.091940466666664
2026-07-02T17:40:00+00:00,10.101796716666666,20.10179671666667
2026-07-02T17:50:00+00:00,10.123371933333335,20.12337193333333
2026-07-02T18:00:00+00:00,10.199290016666668,20.199290016666666
2026-07-02T18:10:00+00:00,10.072332183333334,20.072332183333334
2026-07-02T18:20:00+00:00,10.173873433333334,20.17387343333333
2026-07-02T18:30:00+00:00,10.085111216666666,20.085111216666668
2026-07-02T18:40:00+00:00,10.146542283333334,20.146542283333336
2026-07-02T18:50:00+00:00,10.2406738,20.240673800000003
2026-07-02T19:00:00+00:00,10.098498283333333,20.098498283333335
2026-07-02T19:10:00+00:00,10.206921533333334,20.206921533333333
2026-07-02T19:20:00+00:00,10.113620216666668,20.113620216666668
2026-07-02T19:30:00+00:00,10.26070245,20.26070245
2026-07-02T19:50:00+00:00,10.267895650000002,20.26789565
2026-07-02T20:00:00+00:00,10.1251125,20.1251125
2026-07-02T20:10:00+00:00,10.148295833333332,20.148295833333336
2026-07-02T20:30:00+00:00,10.169361816666667,20.169361816666665
2026-07-02T20:40:00+00:00,10.068359249999999,20.06835925
2026-07-02T20:50:00+00:00,10.114250733333334,20.114250733333332
2026-07-02T21:00:00+00:00,10.0659817,20.065981700000002
2026-07-02T21:10:00+00:00,10.154354166666668,20.154354166666668
2026-07-02T21:20:00+00:00,10.074473000000001,20.074473
2026-07-02T21:30:00+00:00,10.1297978,20.1297978
2026-07-02T21:40:00+00:00,10.114570916666667,20.114570916666665
2026-07-02T21:50:00+00:00,10.149689283333334,20.14968928333333
2026-07-02T22:00:00+00:00,10.0867159,20.0867159
2026-07-02T22:10:00+00:00,10.134727533333335,20.134727533333333
2026-07-02T22:20:00+00:00,10.123062583333333,20.123062583333333
2026-07-02T22:30:00+00:00,10.092207716666667,20.092207716666667
2026-07-02T22:40:00+00:00,10.092240133333332,20.092240133333334
2026-07-02T22:50:00+00:00,10.100839133333332,20.100839133333334
2026-07-02T23:00:00+00:00,10.133715933333333,20.133715933333335
2026-07-02T23:10:00+00:00,10.090179333333333,20.09017933333333
2026-07-02T23:20:00+00:00,10.119657416666666,20.119657416666666
2026-07-02T23:30:00+00:00,10.097135033333332,20.097135033333334
2026-07-02T23:40:00+00:00,10.17342765,20.17342765
2026-07-02T23:50:00+00:00,10.086345566666667,20.08634556666667
2026-07-03T00:00:00+00:00,10.110781566666667,20.110781566666667
2026-07-03T00:10:00+00:00,10.12112095,20.121120949999998
2026-07-03T00:20:00+00:00,10.073626183333333,20.07362618333333
2026-07-03T00:30:00+00:00,10.120975416666665,20.120975416666667
2026-07-03T00:40:00+00:00,10.1018594,20.101859400000002
2026-07-03T00:50:00+00:00,10.142883933333334,20.142883933333334
2026-07-03T01:00:00+00:00,10.074087933333335,20.07408793333333
2026-07-03T01:10:00+00:00,10.117788483333333,20.117788483333335
2026-07-03T01:20:00+00:00,10.064715266666667,20.064715266666667
2026-07-03T01:30:00+00:00,10.128507149999999,20.12850715
2026-07-03T01:40:00+00:00,10.07664215,20.07664215
2026-07-03T01:50:00+00:00,10.108549,20.108549
2026-07-03T02:00:00+00:00,10.06526875,20.065268749999998
2026-07-03T02:10:00+00:00,10.163237416666668,20.163237416666668
2026-07-03T02:20:00+00:00,10.084179133333333,20.084179133333336
2026-07-03T02:30:00+00:00,10.0989496,20.0989496
2026-07-03T02:40:00+00:00,10.067567,20.067567
2026-07-03T02:50:00+00:00,10.149458816666668,20.149458816666666
2026-07-03T03:00:00+00:00,10.066689183333333,20.066689183333335
2026-07-03T03:10:00+00:00,10.1335747,20.1335747
2026-07-03T03:20:00+00:00,10.066974866666667,20.066974866666666
2026-07-03T03:30:00+00:00,10.078024383333334,20.078024383333332
2026-07-03T03:40:00+00:00,10.140130466666667,20.14013046666667
2026-07-03T03:50:00+00:00,10.111134499999999,20.1111345
2026-07-03T04:00:00+00:00,10.077626183333333,20.077626183333333
2026-07-03T04:10:00+00:00,10.150801116666665,20.150801116666667
2026-07-03T04:20:00+00:00,10.078295133333334,20.07829513333333
2026-07-03T04:30:00+00:00,10.091068516666667,20.091068516666667
2026-07-03T04:40:00+00:00,10.096868233333334,20.096868233333332
2026-07-03T04:50:00+00:00,10.1105471,20.1105471
2026-07-03T05:00:00+00:00,10.100124416666667,20.100124416666667
2026-07-03T05:10:00+00:00,10.141056116666666,20.141056116666668
2026-07-03T05:20:00+00:00,10.074438383333334,20.074438383333334
2026-07-03T05:30:00+00:00,10.113471016666667,20.113471016666665
2026-07-03T05:40:00+00:00,10.07249095,20.07249095
2026-07-03T05:50:00+00:00,10.133695083333333,20.133695083333336
2026-07-03T06:00:00+00:00,10.079000533333334,20.079000533333332
2026-07-03T06:10:00+00:00,10.110904633333332,20.110904633333334
2026-07-03T06:20:00+00:00,10.141907883333333,20.14190788333333
2026-07-03T06:30:00+00:00,10.120612283333333,20.120612283333333
2026-07-03T06:40:00+00:00,10.167695833333333,20.167695833333333
2026-07-03T06:50:00+00:00,10.147351883333332,20.147351883333332
2026-07-03T07:00:00+00:00,10.216607833333335,20.216607833333335
2026-07-03T07:10:00+00:00,10.18317275,20.18317275
2026-07-03T07:20:00+00:00,10.190444733333333,20.190444733333333
2026-07-03T07:30:00+00:00,10.1331384,20.1331384
2026-07-03T07:40:00+00:00,10.0890602,20.0890602
2026-07-03T07:50:00+00:00,10.128542616666666,20.128542616666667
2026-07-03T08:00:00+00:00,10.069638633333334,20.069638633333334
2026-07-03T08:10:00+00:00,10.137382483333333,20.137382483333333
2026-07-03T08:20:00+00:00,10.065388383333334,20.065388383333335
2026-07-03T08:30:00+00:00,10.129839416666666,20.129839416666666
2026-07-03T08:40:00+00:00,10.14240565,20.14240565
2026-07-03T08:50:00+00:00,10.1231396,20.123139600000002
2026-07-03T09:00:00+00:00,10.18053365,20.180533649999997
2026-07-03T09:10:00+00:00,10.123887550000001,20.12388755
2026-07-03T09:20:00+00:00,10.12705375,20.12705375
2026-07-03T09:30:00+00:00,10.121721816666668,20.121721816666664
2026-07-03T09:40:00+00:00,10.1555953,20.1555953
2026-07-03T09:50:00+00:00,10.155594716666666,20.155594716666666
2026-07-03T10:00:00+00:00,10.106020516666666,20.106020516666668
2026-07-03T10:10:00+00:00,10.218374016666667,20.218374016666665
2026-07-03T10:20:00+00:00,10.102042016666667,20.102042016666665
2026-07-03T10:30:00+00:00,10.085190066666666,20.085190066666666
2026-07-03T10:40:00+00:00,10.113300400000002,20.1133004
2026-07-03T11:00:00+00:00,10.103411999999999,20.103412
2026-07-03T11:10:00+00:00,10.160183466666666,20.16018346666667
2026-07-03T11:20:00+00:00,10.1833474,20.1833474
2026-07-03T11:30:00+00:00,10.177785066666667,20.17778506666667
2026-07-03T11:40:00+00:00,10.0907382,20.090738199999997
2026-07-03T11:50:00+00:00,10.1128128,20.112812799999997
2026-07-03T12:00:00+00:00,10.144461483333334,20.144461483333334
2026-07-03T12:10:00+00:00,11.12164205,21.12164205
2026-07-03T12:20:00+00:00,10.15818545,20.15818545
2026-07-03T12:30:00+00:00,10.106690383333333,20.106690383333333
2026-07-03T12:40:00+00:00,10.140076133333334,20.14007613333333
2026-07-03T12:50:00+00:00,10.144049166666667,20.144049166666665
2026-07-03T13:00:00+00:00,10.122172266666666,20.122172266666666
2026-07-03T13:10:00+00:00,10.123041216666667,20.123041216666664
2026-07-03T13:20:00+00:00,10.12203255,20.122032549999997
2026-07-03T13:30:00+00:00,10.091108433333334,20.091108433333332
2026-07-03T13:40:00+00:00,10.10474625,20.10474625
2026-07-03T13:50:00+00:00,10.199591666666667,20.199591666666667
2026-07-03T14:00:00+00:00,10.155487133333333,20.155487133333335
2026-07-03T14:10:00+00:00,10.244567466666666,20.24456746666667
2026-07-03T14:20:00+00:00,10.079515183333333,20.079515183333335
2026-07-03T14:30:00+00:00,10.080335716666667,20.080335716666664
2026-07-03T14:40:00+00:00,10.088225883333333,20.088225883333333
2026-07-03T14:50:00+00:00,10.130155683333333,20.13015568333333
2026-07-03T15:00:00+00:00,10.183449466666668,20.183449466666666
2026-07-03T15:10:00+00:00,10.073690699999998,20.0736907
2026-07-03T15:20:00+00:00,10.172414033333332,20.172414033333332
2026-07-03T15:30:00+00:00,10.07217,20.072170000000003
2026-07-03T15:40:00+00:00,10.297486966666666,20.297486966666668
2026-07-03T15:50:00+00:00,10.096689416666667,20.096689416666667
2026-07-03T16:00:00+00:00,10.133015483333333,20.133015483333335
2026-07-03T16:10:00+00:00,10.08782735,20.08782735
2026-07-03T16:20:00+00:00,10.1411561,20.1411561
2026-07-03T16:30:00+00:00,10.114594016666667,20.11459401666667
2026-07-03T16:40:00+00:00,10.096126816666667,20.096126816666665
2026-07-03T16:50:00+00:00,10.108251849999998,20.10825185
2026-07-03T17:00:00+00:00,10.07829695,20.07829695
2026-07-03T17:10:00+00:00,10.096240666666667,20.096240666666667
2026-07-03T17:20:00+00:00,10.079254783333333,20.079254783333333
2026-07-03T17:30:00+00:00,10.116503383333333,20.116503383333335
2026-07-03T17:40:00+00:00,10.20376465,20.20376465
2026-07-03T17:50:00+00:00,10.148567433333334,20.148567433333334
2026-07-03T18:00:00+00:00,10.0753436,20.0753436
2026-07-03T18:10:00+00:00,10.150403416666668,20.150403416666666
2026-07-03T18:20:00+00:00,10.123393499999999,20.123393500000002
2026-07-03T18:40:00+00:00,10.072475816666667,20.072475816666667
2026-07-03T18:50:00+00:00,10.127986283333334,20.127986283333332
2026-07-03T19:00:00+00:00,10.231823416666666,20.231823416666668
2026-07-03T19:10:00+00:00,10.224986066666666,20.224986066666666
2026-07-03T19:20:00+00:00,10.120882033333334,20.12088203333333
2026-07-03T19:30:00+00:00,10.094240666666668,20.094240666666668
2026-07-03T19:40:00+00:00,10.119287983333333,20.119287983333333
2026-07-03T19:50:00+00:00,10.08564995,20.08564995
2026-07-03T20:00:00+00:00,10.186819416666667,20.186819416666665
2026-07-03T20:10:00+00:00,10.074555766666666,20.074555766666666
2026-07-03T20:20:00+00:00,10.221691433333332,20.221691433333334
2026-07-03T20:30:00+00:00,10.0754789,20.0754789
2026-07-03T20:40:00+00:00,10.154211616666666,20.154211616666664
2026-07-03T20:50:00+00:00,10.09610345,20.096103449999998
2026-07-03T21:00:00+00:00,10.178582883333332,20.178582883333334
2026-07-03T21:10:00+00:00,10.101604250000001,20.101604249999998
2026-07-03T21:20:00+00:00,10.096105349999998,20.096105350000002
2026-07-03T21:30:00+00:00,10.118357866666665,20.118357866666667
2026-07-03T21:40:00+00:00,10.179855199999999,20.179855200000002
2026-07-03T21:50:00+00:00,10.1941094,20.1941094
2026-07-03T22:00:00+00:00,10.21522585,20.215225850000003
2026-07-03T22:10:00+00:00,10.093162766666667,20.09316276666667
2026-07-03T22:20:00+00:00,10.1140813,20.114081300000002
2026-07-03T22:30:00+00:00,10.0727727,20.072772699999998
2026-07-03T22:40:00+00:00,10.145386199999999,20.1453862
2026-07-03T22:50:00+00:00,10.072244133333333,20.072244133333335
2026-07-03T23:00:00+00:00,10.129988933333333,20.129988933333333
2026-07-03T23:10:00+00:00,10.115651816666666,20.115651816666666
2026-07-03T23:20:00+00:00,10.223418866666666,20.22341886666667
2026-07-03T23:30:00+00:00,10.171886650000001,20.171886649999998
2026-07-03T23:40:00+00:00,10.417290016666668,20.417290016666666
2026-07-03T23:50:00+00:00,10.107605716666665,20.10760571666667
2026-07-04T00:00:00+00:00,10.14494095,20.14494095
2026-07-04T00:10:00+00:00,10.085075116666667,20.085075116666665
2026-07-04T00:20:00+00:00,10.232012683333332,20.232012683333334
2026-07-04T00:30:00+00:00,10.109686366666667,20.109686366666665
2026-07-04T00:40:00+00:00,10.262224016666666,20.262224016666668
2026-07-04T00:50:00+00:00,10.125983233333333,20.125983233333333
2026-07-04T01:00:00+00:00,10.136260616666668,20.136260616666668
2026-07-04T01:10:00+00:00,10.195934233333332,20.195934233333332
2026-07-04T01:20:00+00:00,10.128221966666667,20.12822196666667
2026-07-04T01:30:00+00:00,10.085339150000001,20.08533915
2026-07-04T01:40:00+00:00,10.1911902,20.1911902
2026-07-04T01:50:00+00:00,10.082501266666666,20.082501266666668
2026-07-04T02:00:00+00:00,10.177831216666668,20.177831216666668
2026-07-04T02:10:00+00:00,10.119132666666667,20.119132666666665
2026-07-04T02:20:00+00:00,10.134180233333332,20.134180233333332
2026-07-04T02:30:00+00:00,10.0940659,20.094065899999997
2026-07-04T02:40:00+00:00,10.124215450000001,20.12421545
2026-07-04T02:50:00+00:00,10.102095966666667,20.102095966666663
2026-07-04T03:00:00+00:00,10.155492216666666,20.15549221666667
2026-07-04T03:10:00+00:00,10.099028683333334,20.099028683333334
2026-07-04T03:20:00+00:00,10.187543766666666,20.187543766666668
2026-07-04T03:30:00+00:00,10.106012816666667,20.106012816666667
2026-07-04T03:40:00+00:00,10.251250883333334,20.251250883333334
2026-07-04T03:50:00+00:00,10.107869083333332,20.107869083333334
2026-07-04T04:00:00+00:00,10.2732356,20.2732356
2026-07-04T04:10:00+00:00,10.064181416666665,20.064181416666667
2026-07-04T04:20:00+00:00,10.169670333333332,20.169670333333332
2026-07-04T04:30:00+00:00,10.0807236,20.0807236
2026-07-04T04:40:00+00:00,10.241049516666667,20.241049516666667
2026-07-04T04:50:00+00:00,10.0907091,20.0907091
2026-07-04T05:00:00+00:00,10.162528233333335,20.162528233333333
2026-07-04T05:10:00+00:00,10.079290066666665,20.079290066666665
2026-07-04T05:20:00+00:00,10.135943466666667,20.135943466666667
2026-07-04T05:30:00+00:00,10.106427033333334,20.106427033333333
2026-07-04T05:40:00+00:00,10.082426666666667,20.082426666666667
2026-07-04T05:50:00+00:00,10.126481616666666,20.12648161666667
2026-07-04T06:00:00+00:00,10.081512216666665,20.081512216666667
2026-07-04T06:10:00+00:00,10.125746733333333,20.125746733333337
2026-07-04T06:20:00+00:00,10.130762033333333,20.130762033333333
2026-07-04T06:30:00+00:00,10.163215316666667,20.163215316666665
2026-07-04T06:40:00+00:00,10.136948366666667,20.136948366666665
2026-07-04T06:50:00+00:00,10.117934716666667,20.117934716666664
2026-07-04T07:00:00+00:00,10.089227483333334,20.08922748333333
2026-07-04T07:10:00+00:00,10.1296564,20.1296564
2026-07-04T07:20:00+00:00,10.1246822,20.1246822
2026-07-04T07:30:00+00:00,10.087314433333335,20.087314433333333
2026-07-04T07:40:00+00:00,10.196982683333333,20.19698268333333
2026-07-04T07:50:00+00:00,10.08988655,20.089886550000003
2026-07-04T08:00:00+00:00,10.170603866666665,20.170603866666667
2026-07-04T08:10:00+00:00,10.1372449,20.1372449
2026-07-04T08:20:00+00:00,10.0815038,20.0815038
2026-07-04T08:30:00+00:00,10.097872666666666,20.097872666666667
2026-07-04T08:40:00+00:00,10.331906883333334,20.331906883333332
2026-07-04T08:50:00+00:00,10.118325733333334,20.118325733333332
2026-07-04T09:00:00+00:00,10.11564325,20.11564325
2026-07-04T09:10:00+00:00,10.098615116666668,20.098615116666668
2026-07-04T09:20:00+00:00,10.076366233333333,20.07636623333333
2026-07-04T09:30:00+00:00,10.102014016666667,20.102014016666665
2026-07-04T09:40:00+00:00,10.281787183333334,20.281787183333332
2026-07-04T09:50:00+00:00,10.1092368,20.1092368
2026-07-04T10:00:00+00:00,10.127381000000002,20.127381
2026-07-04T10:10:00+00:00,10.10870745,20.10870745
2026-07-04T10:20:00+00:00,10.141530916666666,20.141530916666667
2026-07-04T10:30:00+00:00,10.109974516666666,20.109974516666668
2026-07-04T10:40:00+00:00,10.316873333333332,20.316873333333334
2026-07-04T10:50:00+00:00,10.064064966666667,20.064064966666667
2026-07-04T11:00:00+00:00,10.150666866666667,20.150666866666665
2026-07-04T11:10:00+00:00,10.076372383333334,20.076372383333332
2026-07-04T11:20:00+00:00,10.196821833333333,20.196821833333335
2026-07-04T11:30:00+00:00,10.082447266666666,20.08244726666667
2026-07-04T11:40:00+00:00,10.300754383333333,20.300754383333334
2026-07-04T11:50:00+00:00,10.092022616666666,20.092022616666668
2026-07-04T12:00:00+00:00,10.134316983333333,20.134316983333335
2026-07-04T12:10:00+00:00,10.074841366666668,20.074841366666664
2026-07-04T12:20:00+00:00,10.21031905,20.21031905
2026-07-04T12:30:00+00:00,10.1181322,20.118132199999998
2026-07-04T12:40:00+00:00,10.255297233333332,20.255297233333334
2026-07-04T12:50:00+00:00,10.074027050000002,20.074027049999998
2026-07-04T13:00:00+00:00,10.1676288,20.1676288
2026-07-04T13:10:00+00:00,10.074184266666666,20.07418426666667
2026-07-04T13:20:00+00:00,10.178893966666667,20.178893966666667
2026-07-04T13:30:00+00:00,10.076122433333333,20.076122433333335
2026-07-04T13:40:00+00:00,10.35276285,20.352762849999998
2026-07-04T13:50:00+00:00,10.07188625,20.07188625
2026-07-04T14:00:00+00:00,10.249456683333333,20.249456683333335
2026-07-04T14:10:00+00:00,10.103342033333332,20.103342033333334
2026-07-04T14:20:00+00:00,10.164662700000001,20.1646627
2026-07-04T14:30:00+00:00,10.07276255,20.07276255
2026-07-04T14:40:00+00:00,10.182706566666667,20.182706566666663
2026-07-04T14:50:00+00:00,10.113191416666666,20.113191416666666
2026-07-04T15:00:00+00:00,10.105961733333334,20.105961733333334
2026-07-04T15:10:00+00:00,10.127428666666667,20.127428666666667
2026-07-04T15:20:00+00:00,10.11753045,20.11753045
2026-07-04T15:30:00+00:00,10.094784083333334,20.09478408333333
2026-07-04T15:40:00+00:00,10.262929916666668,20.262929916666668
2026-07-04T15:50:00+00:00,10.112688016666668,20.112688016666667
2026-07-04T16:00:00+00:00,10.17655805,20.17655805
2026-07-04T16:10:00+00:00,10.12649665,20.12649665
2026-07-04T16:20:00+00:00,10.099146666666666,20.099146666666666
2026-07-04T16:30:00+00:00,10.10010705,20.100107050000002
2026-07-04T16:40:00+00:00,10.159774066666667,20.159774066666667
2026-07-04T16:50:00+00:00,10.088981033333333,20.088981033333333
2026-07-04T17:00:00+00:00,10.139921366666666,20.139921366666666
2026-07-04T17:10:00+00:00,10.102597783333332,20.102597783333334
2026-07-04T17:20:00+00:00,10.156600033333332,20.156600033333333
2026-07-04T17:30:00+00:00,10.1121059,20.1121059
2026-07-04T17:40:00+00:00,10.346969516666666,20.346969516666665
2026-07-04T17:50:00+00:00,10.07371415,20.07371415
2026-07-04T18:00:00+00:00,10.168962566666666,20.168962566666668
2026-07-04T18:10:00+00:00,10.082203550000001,20.08220355
2026-07-04T18:20:00+00:00,10.12717105,20.12717105
2026-07-04T18:30:00+00:00,10.087231333333333,20.08723133333333
2026-07-04T18:40:00+00:00,10.130323583333334,20.130323583333332
2026-07-04T18:50:00+00:00,10.340727983333332,20.340727983333334
2026-07-04T19:00:00+00:00,10.118627083333333,20.118627083333333
2026-07-04T19:10:00+00:00,10.09621905,20.09621905
2026-07-04T19:20:00+00:00,10.1526032,20.152603199999998
2026-07-04T19:30:00+00:00,10.119165083333334,20.119165083333332
2026-07-04T19:40:00+00:00,10.2074364,20.2074364
2026-07-04T19:50:00+00:00,10.088378966666665,20.088378966666667
2026-07-04T20:00:00+00:00,10.118028666666667,20.118028666666664
2026-07-04T20:10:00+00:00,10.230460083333332,20.230460083333334
2026-07-04T20:20:00+00:00,10.137759749999999,20.13775975
2026-07-04T20:30:00+00:00,10.1000067,20.100006699999998
2026-07-04T20:40:00+00:00,10.130870166666666,20.130870166666668
2026-07-04T20:50:00+00:00,10.104072116666666,20.104072116666668
2026-07-04T21:00:00+00:00,10.135546049999999,20.135546050000002
2026-07-04T21:10:00+00:00,10.122237516666667,20.122237516666665
2026-07-04T21:20:00+00:00,10.077289333333333,20.077289333333333
2026-07-04T21:30:00+00:00,10.138501999999999,20.138502000000003
2026-07-04T21:40:00+00:00,10.151276716666667,20.151276716666665
2026-07-04T21:50:00+00:00,10.10381135,20.10381135
2026-07-04T22:00:00+00:00,10.124440700000001,20.124440699999997
2026-07-04T22:10:00+00:00,10.258873683333332,20.258873683333334
2026-07-04T22:20:00+00:00,10.091062316666667,20.09106231666667
2026-07-04T22:30:00+00:00,10.140735466666666,20.14073546666667
2026-07-04T22:40:00+00:00,10.09159935,20.091599350000003
2026-07-04T22:50:00+00:00,10.164032083333332,20.164032083333332
2026-07-04T23:00:00+00:00,10.076544516666667,20.07654451666667
2026-07-04T23:10:00+00:00,10.133753500000001,20.1337535
2026-07-04T23:20:00+00:00,10.104407116666666,20.104407116666668
2026-07-04T23:30:00+00:00,10.136256233333334,20.13625623333333
2026-07-04T23:40:00+00:00,10.07632665,20.07632665
2026-07-04T23:50:00+00:00,10.149044016666666,20.149044016666668
2026-07-05T00:00:00+00:00,10.0794699,20.0794699
2026-07-05T00:10:00+00:00,10.121247,20.121247
2026-07-05T00:20:00+00:00,10.103511616666667,20.103511616666665
2026-07-05T00:30:00+00:00,10.207360983333333,20.207360983333334
2026-07-05T00:40:00+00:00,10.067470316666666,20.067470316666668
2026-07-05T00:50:00+00:00,10.117581916666667,20.117581916666666
2026-07-05T01:00:00+00:00,10.0711859,20.0711859
2026-07-05T01:10:00+00:00,10.144363449999998,20.14436345
2026-07-05T01:20:00+00:00,10.067568133333333,20.067568133333335
2026-07-05T01:30:00+00:00,10.119459166666667,20.119459166666665
2026-07-05T01:40:00+00:00,10.080397216666666,20.080397216666665
2026-07-05T01:50:00+00:00,10.16239345,20.162393450000003
2026-07-05T02:00:00+00:00,10.0747412,20.074741200000002
2026-07-05T02:10:00+00:00,10.178903483333333,20.178903483333333
2026-07-05T02:20:00+00:00,10.070863883333335,20.070863883333335
2026-07-05T02:30:00+00:00,10.109490899999999,20.1094909
2026-07-05T02:40:00+00:00,10.067500516666666,20.067500516666666
2026-07-05T02:50:00+00:00,10.103906783333334,20.103906783333333
2026-07-05T03:00:00+00:00,10.097413600000001,20.0974136
2026-07-05T03:10:00+00:00,10.141063516666666,20.14106351666667
2026-07-05T03:20:00+00:00,10.13192935,20.13192935
2026-07-05T03:30:00+00:00,10.105659900000001,20.1056599
2026-07-05T03:40:00+00:00,10.309850633333333,20.309850633333333
2026-07-05T03:50:00+00:00,10.104941700000001,20.104941699999998
2026-07-05T04:00:00+00:00,10.087079533333334,20.087079533333334
2026-07-05T04:10:00+00:00,10.165481916666666,20.165481916666668
2026-07-05T04:20:00+00:00,10.086517783333333,20.08651778333333
2026-07-05T04:30:00+00:00,10.099034916666666,20.099034916666668
2026-07-05T04:40:00+00:00,10.13187155,20.131871550000003
2026-07-05T04:50:00+00:00,10.098200433333334,20.098200433333332
2026-07-05T05:00:00+00:00,10.216358816666666,20.216358816666666
2026-07-05T05:10:00+00:00,10.09640375,20.09640375
2026-07-05T05:20:00+00:00,10.13702325,20.137023250000002
2026-07-05T05:30:00+00:00,10.083503983333333,20.083503983333333
2026-07-05T05:40:00+00:00,10.10325875,20.103258750000002
2026-07-05T05:50:00+00:00,10.107638549999999,20.10763855
2026-07-05T06:00:00+00:00,10.179302183333334,20.179302183333334
2026-07-05T06:10:00+00:00,10.081462433333334,20.081462433333336
2026-07-05T06:20:00+00:00,10.078819283333333,20.078819283333335
2026-07-05T06:30:00+00:00,10.091151133333334,20.091151133333334
2026-07-05T06:40:00+00:00,10.195280583333332,20.195280583333332
2026-07-05T07:00:00+00:00,10.18705355,20.187053549999998
2026-07-05T07:10:00+00:00,10.084902366666666,20.084902366666665
2026-07-05T07:20:00+00:00,10.090332333333333,20.090332333333333
2026-07-05T07:30:00+00:00,10.11546025,20.11546025
2026-07-05T07:40:00+00:00,10.132824616666666,20.132824616666667
2026-07-05T07:50:00+00:00,10.147955516666666,20.147955516666666
2026-07-05T08:00:00+00:00,10.090338333333333,20.09033833333333
2026-07-05T08:10:00+00:00,10.1190166,20.119016600000002
2026-07-05T08:20:00+00:00,10.11990355,20.11990355
2026-07-05T08:30:00+00:00,10.113564349999999,20.11356435
2026-07-05T08:40:00+00:00,10.0713448,20.071344800000002
2026-07-05T08:50:00+00:00,10.171373966666666,20.171373966666668
2026-07-05T09:00:00+00:00,10.069377050000002,20.06937705
2026-07-05T09:10:00+00:00,10.11763595,20.11763595
2026-07-05T09:20:00+00:00,10.122585316666665,20.12258531666667
2026-07-05T09:30:00+00:00,10.123293733333332,20.123293733333334
2026-07-05T09:40:00+00:00,10.124151366666666,20.12415136666667
2026-07-05T09:50:00+00:00,10.1055289,20.105528900000003
2026-07-05T10:00:00+00:00,10.081325399999999,20.0813254
2026-07-05T10:10:00+00:00,10.088951783333332,20.088951783333336
2026-07-05T10:20:00+00:00,10.080202766666668,20.080202766666666
2026-07-05T10:30:00+00:00,10.092506516666667,20.092506516666667
2026-07-05T10:40:00+00:00,10.134633333333333,20.134633333333333
2026-07-05T10:50:00+00:00,10.132978150000001,20.13297815
2026-07-05T11:00:00+00:00,10.2059085,20.2059085
2026-07-05T11:10:00+00:00,10.160723966666666,20.16072396666667
2026-07-05T11:20:00+00:00,10.065269800000001,20.0652698
2026-07-05T11:30:00+00:00,10.13607315,20.13607315
2026-07-05T11:40:00+00:00,10.12644025,20.126440249999998
2026-07-05T11:50:00+00:00,10.104842166666666,20.104842166666668
2026-07-05T12:00:00+00:00,10.080527866666667,20.080527866666667
2026-07-05T12:10:00+00:00,10.134845983333333,20.13484598333333
2026-07-05T12:20:00+00:00,10.0809121,20.0809121
2026-07-05T12:30:00+00:00,10.244269233333334,20.244269233333334
2026-07-05T12:40:00+00:00,10.108433600000001,20.1084336
2026-07-05T12:50:00+00:00,10.131499,20.131499
2026-07-05T13:00:00+00:00,10.215681966666667,20.21568196666667
2026-07-05T13:10:00+00:00,10.0893619,20.089361899999997
2026-07-05T13:20:00+00:00,10.105305616666667,20.105305616666666
2026-07-05T13:30:00+00:00,10.099385983333333,20.09938598333333
2026-07-05T13:40:00+00:00,10.11866945,20.118669450000002
2026-07-05T13:50:00+00:00,10.14483385,20.14483385
2026-07-05T14:00:00+00:00,10.271550450000001,20.27155045
2026-07-05T14:10:00+00:00,10.111165766666666,20.111165766666666
2026-07-05T14:20:00+00:00,10.1235299,20.1235299
2026-07-05T14:30:00+00:00,10.086555883333334,20.086555883333332
2026-07-05T14:40:00+00:00,10.1572137,20.1572137
2026-07-05T14:50:00+00:00,10.075069216666666,20.07506921666667
2026-07-05T15:00:00+00:00,10.114666849999999,20.11466685
2026-07-05T15:10:00+00:00,10.172222866666667,20.17222286666667
2026-07-05T15:20:00+00:00,10.095289266666667,20.09528926666667
2026-07-05T15:30:00+00:00,10.164436016666667,20.164436016666667
2026-07-05T15:40:00+00:00,10.072087583333333,20.07208758333333
2026-07-05T15:50:00+00:00,10.11017265,20.11017265
2026-07-05T16:00:00+00:00,10.0735057,20.0735057
2026-07-05T16:10:00+00:00,10.138527516666667,20.138527516666667
2026-07-05T16:20:00+00:00,10.071913883333334,20.07191388333333
2026-07-05T16:30:00+00:00,10.1566636,20.1566636
2026-07-05T16:40:00+00:00,10.082718133333334,20.082718133333334
2026-07-05T16:50:00+00:00,10.134479783333335,20.134479783333333
2026-07-05T17:00:00+00:00,10.1632582,20.163258199999998
2026-07-05T17:10:00+00:00,10.097990750000001,20.09799075
2026-07-05T17:20:00+00:00,10.099942483333333,20.099942483333333
2026-07-05T17:30:00+00:00,10.107276016666667,20.107276016666667
2026-07-05T17:40:00+00:00,10.089873333333333,20.089873333333333
2026-07-05T17:50:00+00:00,10.089414699999999,20.089414700000003
2026-07-05T18:00:00+00:00,10.089038799999999,20.0890388
2026-07-05T18:10:00+00:00,10.086468683333333,20.086468683333333
2026-07-05T18:20:00+00:00,10.183276666666666,20.183276666666664
2026-07-05T18:30:00+00:00,10.10489995,20.10489995
2026-07-05T18:40:00+00:00,10.209412133333332,20.209412133333334
2026-07-05T18:50:00+00:00,10.076696966666667,20.076696966666667
2026-07-05T19:00:00+00:00,10.156042183333334,20.156042183333334
2026-07-05T19:10:00+00:00,10.082660800000001,20.0826608
2026-07-05T19:20:00+00:00,10.225261583333333,20.225261583333335
2026-07-05T19:50:00+00:00,10.081135183333334,20.081135183333334
2026-07-05T20:00:00+00:00,10.12067725,20.120677250000004
2026-07-05T20:10:00+00:00,10.080402033333334,20.080402033333332
2026-07-05T20:20:00+00:00,10.160712866666668,20.160712866666664
2026-07-05T20:30:00+00:00,10.067866016666667,20.067866016666667
2026-07-05T20:40:00+00:00,10.1558982,20.155898200000003
2026-07-05T20:50:00+00:00,10.113634483333334,20.113634483333332
2026-07-05T21:00:00+00:00,10.190129149999999,20.19012915
2026-07-05T21:10:00+00:00,10.07740725,20.07740725
2026-07-05T21:20:00+00:00,10.129518416666667,20.129518416666667
2026-07-05T21:30:00+00:00,10.092147333333333,20.092147333333333
2026-07-05T21:40:00+00:00,10.254477366666666,20.254477366666666
2026-07-05T21:50:00+00:00,10.097184833333333,20.097184833333333
2026-07-05T22:00:00+00:00,10.155288983333332,20.15528898333333
2026-07-05T22:10:00+00:00,10.082073516666666,20.082073516666664
2026-07-05T22:20:00+00:00,10.129571216666667,20.129571216666665
2026-07-05T22:30:00+00:00,10.106009583333334,20.106009583333332
2026-07-05T22:40:00+00:00,10.148503366666667,20.148503366666667
2026-07-05T22:50:00+00:00,10.109110733333333,20.109110733333335
2026-07-05T23:00:00+00:00,10.095438883333333,20.095438883333333
2026-07-05T23:10:00+00:00,10.0927375,20.0927375
2026-07-05T23:20:00+00:00,10.094424216666665,20.094424216666667
2026-07-05T23:30:00+00:00,10.088909800000001,20.0889098
2026-07-05T23:40:00+00:00,10.1304503,20.1304503
2026-07-05T23:50:00+00:00,10.091932833333335,20.09193283333333
2026-07-06T00:00:00+00:00,10.095261366666668,20.095261366666666
2026-07-06T00:10:00+00:00,10.084309966666666,20.08430996666667
2026-07-06T00:20:00+00:00,10.087779833333334,20.087779833333332
2026-07-06T00:30:00+00:00,10.096218466666667,20.096218466666667
2026-07-06T00:40:00+00:00,10.359414033333334,20.359414033333334
2026-07-06T00:50:00+00:00,10.079560033333333,20.079560033333333
2026-07-06T01:00:00+00:00,10.242609316666666,20.24260931666667
2026-07-06T01:10:00+00:00,10.07717035,20.07717035
2026-07-06T01:20:00+00:00,10.254061266666668,20.254061266666668
2026-07-06T01:30:00+00:00,10.15485805,20.154858049999998
2026-07-06T01:40:00+00:00,10.2708548,20.2708548
2026-07-06T01:50:00+00:00,10.089674966666667,20.089674966666667
2026-07-06T02:00:00+00:00,10.253827683333332,20.253827683333334
2026-07-06T02:10:00+00:00,10.106588216666667,20.10658821666667
2026-07-06T02:20:00+00:00,10.1740275,20.1740275
2026-07-06T02:30:00+00:00,10.122886416666667,20.122886416666667
2026-07-06T02:40:00+00:00,10.3248059,20.3248059
2026-07-06T02:50:00+00:00,10.088069583333333,20.088069583333333
2026-07-06T03:00:00+00:00,10.1474648,20.1474648
2026-07-06T03:10:00+00:00,10.071040033333333,20.071040033333336
2026-07-06T03:20:00+00:00,10.091143916666665,20.091143916666667
2026-07-06T03:30:00+00:00,10.094011316666666,20.09401131666667
2026-07-06T03:40:00+00:00,10.125376783333333,20.125376783333333
2026-07-06T03:50:00+00:00,10.107055283333333,20.107055283333334
2026-07-06T04:00:00+00:00,10.077830366666666,20.077830366666667
2026-07-06T04:10:00+00:00,10.151547216666668,20.151547216666664
2026-07-06T04:20:00+00:00,10.097845133333333,20.097845133333333
2026-07-06T04:30:00+00:00,10.132171133333333,20.132171133333333
2026-07-06T04:40:00+00:00,10.121828383333334,20.12182838333333
2026-07-06T04:50:00+00:00,10.088980166666666,20.088980166666666
2026-07-06T05:00:00+00:00,10.1530352,20.153035199999998
2026-07-06T05:20:00+00:00,10.080922083333332,20.080922083333334
2026-07-06T05:30:00+00:00,10.101408116666667,20.10140811666667
2026-07-06T05:40:00+00:00,10.192787616666667,20.192787616666667
2026-07-06T05:50:00+00:00,10.084898116666666,20.08489811666667
2026-07-06T06:00:00+00:00,10.069129183333333,20.069129183333335
2026-07-06T06:10:00+00:00,10.1231443,20.1231443
2026-07-06T06:20:00+00:00,10.07465775,20.074657749999997
2026-07-06T06:30:00+00:00,10.112375983333333,20.112375983333333
2026-07-06T06:40:00+00:00,10.07797105,20.07797105
2026-07-06T06:50:00+00:00,10.1002221,20.1002221
2026-07-06T07:00:00+00:00,10.0743928,20.0743928
2026-07-06T07:10:00+00:00,10.140639466666666,20.140639466666666
2026-07-06T07:20:00+00:00,10.060930583333334,20.060930583333334
2026-07-06T07:30:00+00:00,10.159774666666667,20.159774666666667
2026-07-06T07:40:00+00:00,10.222519816666667,20.222519816666665
2026-07-06T07:50:00+00:00,10.125288233333332,20.125288233333332
2026-07-06T08:00:00+00:00,10.082964500000001,20.0829645
2026-07-06T08:10:00+00:00,10.119288033333333,20.11928803333333
2026-07-06T08:20:00+00:00,10.111992500000001,20.1119925
2026-07-06T08:30:00+00:00,10.108680349999998,20.10868035
2026-07-06T08:40:00+00:00,10.236529883333333,20.236529883333333
2026-07-06T08:50:00+00:00,10.108964516666667,20.108964516666667
2026-07-06T09:00:00+00:00,10.158103916666667,20.15810391666667
2026-07-06T09:10:00+00:00,10.098979066666667,20.09897906666667
2026-07-06T09:20:00+00:00,10.092659866666667,20.09265986666667
2026-07-06T09:30:00+00:00,10.098512966666668,20.098512966666664
2026-07-06T09:40:00+00:00,10.221714816666667,20.22171481666667
2026-07-06T09:50:00+00:00,10.099061533333334,20.099061533333334
2026-07-06T10:00:00+00:00,10.18065135,20.18065135
2026-07-06T10:10:00+00:00,10.131017183333334,20.13101718333333
2026-07-06T10:20:00+00:00,10.147624366666667,20.147624366666665
2026-07-06T10:30:00+00:00,10.089899416666666,20.089899416666665
2026-07-06T10:40:00+00:00,20.086111966666667,30.086111966666667
2026-07-06T11:20:00+00:00,10.185404283333332,20.185404283333334
2026-07-06T11:30:00+00:00,10.0925912,20.0925912
2026-07-06T11:40:00+00:00,10.30313005,20.30313005
2026-07-06T11:50:00+00:00,10.092177133333333,20.092177133333333
2026-07-06T12:00:00+00:00,10.213339733333333,20.21333973333333
2026-07-06T12:10:00+00:00,10.135009116666668,20.135009116666666
2026-07-06T12:20:00+00:00,10.187728616666668,20.187728616666668
2026-07-06T12:30:00+00:00,10.132242116666667,20.132242116666664
2026-07-06T12:40:00+00:00,10.242481116666665,20.242481116666667
2026-07-06T12:50:00+00:00,10.072436083333335,20.072436083333333
2026-07-06T13:00:00+00:00,10.211134716666667,20.211134716666667
2026-07-06T13:10:00+00:00,10.091832816666665,20.091832816666667
2026-07-06T13:20:00+00:00,10.214182166666665,20.214182166666667
2026-07-06T13:30:00+00:00,10.088610416666667,20.088610416666665
2026-07-06T13:40:00+00:00,10.123128900000001,20.123128899999998
2026-07-06T13:50:00+00:00,10.094245283333333,20.094245283333333
2026-07-06T14:00:00+00:00,10.089120516666666,20.089120516666664
2026-07-06T14:10:00+00:00,10.13201555,20.132015550000002
2026-07-06T14:20:00+00:00,10.071201199999999,20.0712012
2026-07-06T14:30:00+00:00,10.136760166666667,20.136760166666665
2026-07-06T14:40:00+00:00,10.12075645,20.12075645
2026-07-06T14:50:00+00:00,10.135736033333334,20.135736033333334
2026-07-06T15:00:00+00:00,10.085998966666667,20.08599896666667
2026-07-06T15:10:00+00:00,10.1447046,20.1447046
2026-07-06T15:20:00+00:00,10.080391283333334,20.08039128333333
2026-07-06T15:30:00+00:00,10.204833116666666,20.20483311666667
2026-07-06T15:40:00+00:00,10.137337783333333,20.137337783333333
2026-07-06T15:50:00+00:00,10.168487766666667,20.168487766666665
2026-07-06T16:00:00+00:00,10.082600633333334,20.082600633333335
2026-07-06T16:10:00+00:00,10.1829138,20.182913799999998
2026-07-06T16:20:00+00:00,10.070326116666667,20.070326116666667
2026-07-06T16:30:00+00:00,10.252443699999999,20.2524437
2026-07-06T16:40:00+00:00,10.085130483333334,20.085130483333334
2026-07-06T16:50:00+00:00,10.089239416666667,20.089239416666665
2026-07-06T17:00:00+00:00,10.14468925,20.14468925
2026-07-06T17:10:00+00:00,10.110918966666667,20.110918966666667
2026-07-06T17:20:00+00:00,10.187915266666666,20.187915266666668
2026-07-06T17:30:00+00:00,10.174599433333332,20.174599433333334
2026-07-06T17:40:00+00:00,10.201654316666666,20.20165431666667
2026-07-06T17:50:00+00:00,10.11437585,20.11437585
2026-07-06T18:00:00+00:00,10.084060749999999,20.08406075
2026-07-06T18:10:00+00:00,10.10117915,20.10117915
2026-07-06T18:20:00+00:00,10.092341166666667,20.092341166666664
2026-07-06T18:30:00+00:00,10.119861416666668,20.119861416666666
2026-07-06T18:40:00+00:00,10.158376633333335,20.158376633333333
2026-07-06T18:50:00+00:00,10.157078366666667,20.157078366666667
2026-07-06T19:00:00+00:00,10.07308655,20.073086550000003
2026-07-06T19:10:00+00:00,10.216551616666667,20.216551616666667
2026-07-06T19:20:00+00:00,10.092947149999999,20.09294715
2026-07-06T19:30:00+00:00,10.173346866666666,20.17334686666667
2026-07-06T19:40:00+00:00,10.072412183333334,20.07241218333333
2026-07-06T19:50:00+00:00,10.233780433333333,20.233780433333333
2026-07-06T20:00:00+00:00,10.064533883333333,20.064533883333336
2026-07-06T20:10:00+00:00,10.139956133333333,20.13995613333333
2026-07-06T20:20:00+00:00,10.126569100000001,20.126569099999998
2026-07-06T20:30:00+00:00,10.136546333333333,20.136546333333335
2026-07-06T20:40:00+00:00,10.26311625,20.26311625
2026-07-06T20:50:00+00:00,10.131530450000001,20.13153045
2026-07-06T21:00:00+00:00,10.245036883333334,20.245036883333334
2026-07-06T21:10:00+00:00,10.11529975,20.115299750000002
2026-07-06T21:20:00+00:00,10.072618916666666,20.072618916666666
2026-07-06T21:30:00+00:00,10.139703316666667,20.139703316666665
2026-07-06T21:40:00+00:00,10.209296333333333,20.209296333333334
2026-07-06T21:50:00+00:00,10.094440833333334,20.094440833333334
2026-07-06T22:00:00+00:00,10.0790594,20.079059400000002
2026-07-06T22:10:00+00:00,10.106287016666666,20.106287016666666
2026-07-06T22:20:00+00:00,10.109455633333333,20.109455633333333
2026-07-06T22:30:00+00:00,10.113504716666666,20.113504716666668
2026-07-06T22:40:00+00:00,10.136334,20.136333999999998
2026-07-06T22:50:00+00:00,10.167853133333333,20.16785313333333
2026-07-06T23:00:00+00:00,10.097976366666668,20.097976366666668
2026-07-06T23:10:00+00:00,10.089990949999999,20.08999095
2026-07-06T23:20:00+00:00,10.076945700000001,20.0769457
2026-07-06T23:30:00+00:00,10.10420845,20.104208449999998
2026-07-06T23:40:00+00:00,10.209517933333332,20.209517933333334
2026-07-06T23:50:00+00:00,10.145799616666666,20.145799616666668
2026-07-07T00:00:00+00:00,10.116367349999999,20.11636735
2026-07-07T00:20:00+00:00,10.095071216666666,20.095071216666668
2026-07-07T00:30:00+00:00,10.104105683333334,20.104105683333334
2026-07-07T00:40:00+00:00,10.093268333333333,20.093268333333334
2026-07-07T00:50:00+00:00,10.071135233333333,20.071135233333333
2026-07-07T01:00:00+00:00,10.1744442,20.1744442
2026-07-07T01:10:00+00:00,10.136075983333335,20.136075983333335
2026-07-07T01:20:00+00:00,10.196549533333332,20.196549533333332
2026-07-07T01:30:00+00:00,10.10560685,20.10560685
2026-07-07T01:40:00+00:00,10.168606166666667,20.168606166666667
2026-07-07T02:00:00+00:00,10.115810100000001,20.115810099999997
2026-07-07T02:10:00+00:00,10.102369433333333,20.102369433333333
2026-07-07T02:20:00+00:00,10.0949252,20.0949252
2026-07-07T02:30:00+00:00,10.102574,20.102574
2026-07-07T02:40:00+00:00,10.072013533333335,20.072013533333333
2026-07-07T02:50:00+00:00,10.153021783333333,20.153021783333333
2026-07-07T03:00:00+00:00,10.078353066666667,20.07835306666667
2026-07-07T03:20:00+00:00,10.06892585,20.068925850000003
2026-07-07T03:30:00+00:00,10.120186883333334,20.120186883333336
2026-07-07T03:40:00+00:00,10.074152166666666,20.074152166666668
2026-07-07T03:50:00+00:00,10.11354115,20.11354115
2026-07-07T04:00:00+00:00,10.069420333333333,20.069420333333333
2026-07-07T04:10:00+00:00,10.196451733333333,20.196451733333333
2026-07-07T04:20:00+00:00,10.105909383333334,20.105909383333334
2026-07-07T04:30:00+00:00,10.113465783333334,20.113465783333332
2026-07-07T04:40:00+00:00,10.06292185,20.062921850000002
2026-07-07T04:50:00+00:00,10.169030616666667,20.169030616666664
2026-07-07T05:00:00+00:00,10.073469666666666,20.073469666666664
2026-07-07T05:10:00+00:00,10.186030266666668,20.186030266666666
2026-07-07T05:20:00+00:00,10.064966633333334,20.06496663333333
2026-07-07T05:30:00+00:00,10.1594675,20.1594675
2026-07-07T05:40:00+00:00,10.088107883333333,20.088107883333333
2026-07-07T05:50:00+00:00,10.119777816666668,20.119777816666666
2026-07-07T06:00:00+00:00,10.070301633333335,20.070301633333333
2026-07-07T06:10:00+00:00,10.215915283333334,20.215915283333334
2026-07-07T06:20:00+00:00,10.0652211,20.0652211
2026-07-07T06:30:00+00:00,10.115665183333334,20.11566518333333
2026-07-07T06:40:00+00:00,10.1206442,20.1206442
2026-07-07T06:50:00+00:00,10.127662249999998,20.12766225
2026-07-07T07:00:00+00:00,10.067238099999999,20.0672381
2026-07-07T07:10:00+00:00,10.161038116666667,20.161038116666667
2026-07-07T07:20:00+00:00,10.125713866666667,20.12571386666667
2026-07-07T07:30:00+00:00,10.137547816666666,20.137547816666665
2026-07-07T07:40:00+00:00,10.077040049999999,20.07704005
2026-07-07T07:50:00+00:00,10.1389387,20.1389387
2026-07-07T08:00:00+00:00,10.073731683333333,20.07373168333333
2026-07-07T08:10:00+00:00,10.273954833333333,20.273954833333335
2026-07-07T08:20:00+00:00,10.17470825,20.17470825
2026-07-07T08:30:00+00:00,10.128802483333335,20.128802483333335
2026-07-07T08:40:00+00:00,10.201612766666667,20.201612766666663
2026-07-07T08:50:00+00:00,10.213620216666667,20.213620216666666
2026-07-07T09:00:00+00:00,10.328273099999999,20.3282731
2026-07-07T09:10:00+00:00,10.104374799999999,20.104374800000002
2026-07-07T09:20:00+00:00,10.122691699999999,20.1226917
2026-07-07T09:30:00+00:00,10.113932183333333,20.113932183333336
2026-07-07T09:40:00+00:00,10.375870899999999,20.3758709
2026-07-07T09:50:00+00:00,10.145790216666667,20.14579021666667
2026-07-07T10:00:00+00:00,10.085575866666666,20.085575866666666
2026-07-07T10:10:00+00:00,10.164499750000001,20.16449975
2026-07-07T10:20:00+00:00,10.09701135,20.09701135
2026-07-07T10:30:00+00:00,10.087901749999999,20.08790175
2026-07-07T10:40:00+00:00,10.19162905,20.19162905
2026-07-07T10:50:00+00:00,10.111115283333334,20.111115283333334
2026-07-07T11:00:00+00:00,10.198395166666668,20.198395166666668
2026-07-07T11:10:00+00:00,10.090063566666666,20.090063566666668
2026-07-07T11:20:00+00:00,10.22461135,20.22461135
2026-07-07T11:30:00+00:00,10.11305835,20.11305835
2026-07-07T11:40:00+00:00,10.3326213,20.332621300000003
2026-07-07T11:50:00+00:00,10.1203962,20.120396200000002
2026-07-07T12:00:00+00:00,10.145166016666668,20.145166016666668
2026-07-07T12:10:00+00:00,10.1136467,20.1136467
2026-07-07T12:20:00+00:00,10.125547133333333,20.125547133333335
2026-07-07T12:30:00+00:00,10.073208933333332,20.073208933333333
2026-07-07T12:40:00+00:00,10.276242933333332,20.276242933333332
2026-07-07T12:50:00+00:00,10.079220766666667,20.079220766666666
2026-07-07T13:00:00+00:00,10.172067366666665,20.172067366666667
2026-07-07T13:10:00+00:00,10.068767533333332,20.068767533333336
2026-07-07T13:20:00+00:00,10.11016215,20.11016215
2026-07-07T13:30:00+00:00,10.0867044,20.0867044
2026-07-07T13:40:00+00:00,10.132884283333334,20.132884283333333
2026-07-07T13:50:00+00:00,10.092722466666666,20.092722466666665
2026-07-07T14:00:00+00:00,10.094665583333333,20.09466558333333
2026-07-07T14:10:00+00:00,10.148875816666667,20.148875816666667
2026-07-07T14:20:00+00:00,10.123810066666666,20.123810066666667
2026-07-07T14:30:00+00:00,10.236769650000001,20.23676965
2026-07-07T14:40:00+00:00,10.095605783333333,20.095605783333333
2026-07-07T14:50:00+00:00,10.137940899999998,20.1379409
2026-07-07T15:00:00+00:00,10.1762307,20.1762307
2026-07-07T15:10:00+00:00,10.0881963,20.0881963
2026-07-07T15:20:00+00:00,10.075182666666667,20.075182666666667
2026-07-07T15:30:00+00:00,10.186545566666666,20.186545566666666
2026-07-07T15:40:00+00:00,10.1311738,20.1311738
2026-07-07T15:50:00+00:00,10.1409349,20.140934899999998
2026-07-07T16:00:00+00:00,10.098362933333334,20.09836293333333
2026-07-07T16:10:00+00:00,10.11363235,20.11363235
2026-07-07T16:20:00+00:00,10.093709433333334,20.093709433333334
2026-07-07T16:30:00+00:00,10.112010566666667,20.112010566666665
2026-07-07T16:40:00+00:00,10.169692016666666,20.169692016666666
2026-07-07T16:50:00+00:00,10.151223816666667,20.15122381666667
2026-07-07T17:00:00+00:00,10.172176333333335,20.172176333333333
2026-07-07T17:10:00+00:00,10.102455749999999,20.10245575
2026-07-07T17:20:00+00:00,10.110547566666666,20.110547566666664
2026-07-07T17:30:00+00:00,10.0992398,20.099239800000003
2026-07-07T17:40:00+00:00,10.2574578,20.2574578
2026-07-07T17:50:00+00:00,10.155254866666667,20.155254866666667
2026-07-07T18:00:00+00:00,10.205914016666666,20.205914016666668
2026-07-07T18:10:00+00:00,10.111402333333332,20.111402333333334
2026-07-07T18:20:00+00:00,10.076108216666666,20.07610821666667
2026-07-07T18:30:00+00:00,10.122373166666668,20.122373166666666
2026-07-07T18:40:00+00:00,10.164440966666666,20.164440966666668
2026-07-07T18:50:00+00:00,10.14411685,20.14411685
2026-07-07T19:00:00+00:00,10.076701566666665,20.076701566666667
2026-07-07T19:10:00+00:00,10.154846366666668,20.154846366666668
2026-07-07T19:20:00+00:00,10.142439566666667,20.142439566666667
2026-07-07T19:30:00+00:00,10.100258766666666,20.100258766666666
2026-07-07T19:40:00+00:00,10.082970600000001,20.0829706
2026-07-07T19:50:00+00:00,10.112736583333334,20.112736583333334
2026-07-07T20:00:00+00:00,10.10204155,20.102041550000003
2026-07-07T20:10:00+00:00,10.117129400000001,20.1171294
2026-07-07T20:20:00+00:00,10.127903383333335,20.127903383333333
2026-07-07T20:30:00+00:00,10.158636866666665,20.158636866666665
2026-07-07T20:40:00+00:00,10.11549785,20.11549785
2026-07-07T20:50:00+00:00,10.088396399999999,20.0883964
2026-07-07T21:00:00+00:00,10.168484333333334,20.168484333333332
2026-07-07T21:10:00+00:00,10.136873133333333,20.13687313333333
2026-07-07T21:20:00+00:00,10.118811033333333,20.118811033333333
2026-07-07T21:30:00+00:00,10.14365905,20.14365905
2026-07-07T21:40:00+00:00,10.135726583333334,20.135726583333334
2026-07-07T21:50:00+00:00,10.084159916666666,20.084159916666668
2026-07-07T22:00:00+00:00,10.0886274,20.0886274
2026-07-07T22:10:00+00:00,10.11845575,20.11845575
2026-07-07T22:20:00+00:00,10.090305599999999,20.0903056
2026-07-07T22:30:00+00:00,10.083393933333333,20.083393933333333
2026-07-07T22:40:00+00:00,10.075828166666668,20.075828166666668
2026-07-07T22:50:00+00:00,10.094633433333334,20.094633433333335
2026-07-07T23:00:00+00:00,10.08835595,20.08835595
2026-07-07T23:10:00+00:00,10.086586066666666,20.086586066666666
2026-07-07T23:20:00+00:00,10.169266833333333,20.16926683333333
2026-07-07T23:30:00+00:00,10.127575183333333,20.12757518333333
2026-07-07T23:40:00+00:00,10.26237925,20.26237925
2026-07-07T23:50:00+00:00,10.128515316666666,20.128515316666668
2026-07-08T00:00:00+00:00,10.153315966666666,20.153315966666664
2026-07-08T00:10:00+00:00,10.118896016666667,20.118896016666667
2026-07-08T00:20:00+00:00,10.093006866666666,20.093006866666666
2026-07-08T00:30:00+00:00,10.089946533333334,20.089946533333332
2026-07-08T00:40:00+00:00,10.186449816666668,20.186449816666666
2026-07-08T00:50:00+00:00,10.121309166666666,20.121309166666666
2026-07-08T01:00:00+00:00,10.121596416666668,20.121596416666666
2026-07-08T01:10:00+00:00,10.114839499999999,20.114839500000002
2026-07-08T01:20:00+00:00,10.128041316666666,20.128041316666668
2026-07-08T01:30:00+00:00,10.066436783333334,20.066436783333334
2026-07-08T01:40:00+00:00,10.30116355,20.301163550000002
2026-07-08T01:50:00+00:00,10.153564833333332,20.153564833333334
2026-07-08T02:00:00+00:00,10.14402225,20.14402225
2026-07-08T02:10:00+00:00,10.090163883333334,20.090163883333332
2026-07-08T02:20:00+00:00,10.151024833333334,20.151024833333334
2026-07-08T02:30:00+00:00,10.065307483333333,20.065307483333335
2026-07-08T02:40:00+00:00,10.352107333333333,20.352107333333333
2026-07-08T02:50:00+00:00,10.10466005,20.10466005
2026-07-08T03:00:00+00:00,10.08767475,20.08767475
2026-07-08T03:10:00+00:00,10.164097216666667,20.16409721666667
2026-07-08T03:20:00+00:00,10.0871684,20.0871684
2026-07-08T03:30:00+00:00,10.13574825,20.13574825
2026-07-08T03:40:00+00:00,10.332625933333333,20.332625933333336
2026-07-08T03:50:00+00:00,10.139670733333332,20.139670733333332
2026-07-08T04:00:00+00:00,10.157358499999999,20.1573585
2026-07-08T04:10:00+00:00,10.099270866666666,20.099270866666664
2026-07-08T04:20:00+00:00,10.202380066666667,20.202380066666667
2026-07-08T04:30:00+00:00,10.090963716666666,20.090963716666668
2026-07-08T04:40:00+00:00,10.168268983333332,20.168268983333334
2026-07-08T04:50:00+00:00,10.1082877,20.1082877
2026-07-08T05:00:00+00:00,10.2492258,20.249225799999998
2026-07-08T05:10:00+00:00,10.073470133333332,20.073470133333334
2026-07-08T05:20:00+00:00,10.195989216666668,20.195989216666664
2026-07-08T05:30:00+00:00,10.095490716666665,20.095490716666667
2026-07-08T05:40:00+00:00,10.210211933333333,20.210211933333333
2026-07-08T05:50:00+00:00,10.125382683333333,20.12538268333333
2026-07-08T06:00:00+00:00,10.166957833333333,20.166957833333335
2026-07-08T06:10:00+00:00,10.085049483333334,20.085049483333332
2026-07-08T06:20:00+00:00,10.1289767,20.1289767
2026-07-08T06:30:00+00:00,10.095470449999999,20.09547045
2026-07-08T06:40:00+00:00,10.105862666666667,20.105862666666667
2026-07-08T06:50:00+00:00,10.199826516666667,20.19982651666667
2026-07-08T07:00:00+00:00,10.13169875,20.131698749999998
2026-07-08T07:10:00+00:00,10.115830366666668,20.115830366666668
2026-07-08T07:20:00+00:00,10.08464975,20.08464975
2026-07-08T07:30:00+00:00,10.188259716666666,20.188259716666668
2026-07-08T07:40:00+00:00,10.2226044,20.2226044
2026-07-08T07:50:00+00:00,10.111283850000001,20.11128385
2026-07-08T08:00:00+00:00,10.098472833333334,20.098472833333336
2026-07-08T08:10:00+00:00,10.100772466666665,20.10077246666667
2026-07-08T08:20:00+00:00,10.2256711,20.2256711
2026-07-08T08:30:00+00:00,10.233803066666667,20.233803066666667
2026-07-08T08:40:00+00:00,10.2018926,20.2018926
2026-07-08T08:50:00+00:00,10.099619783333333,20.09961978333333
2026-07-08T09:00:00+00:00,10.2719674,20.2719674
2026-07-08T09:10:00+00:00,10.088938333333335,20.08893833333333
2026-07-08T09:20:00+00:00,10.179435649999999,20.179435650000002
2026-07-08T09:30:00+00:00,10.128999416666666,20.128999416666666
2026-07-08T09:40:00+00:00,10.187835250000001,20.18783525
2026-07-08T09:50:00+00:00,10.1050875,20.1050875
2026-07-08T10:00:00+00:00,10.102775316666667,20.10277531666667
2026-07-08T10:10:00+00:00,10.115510449999999,20.11551045
2026-07-08T10:20:00+00:00,10.119735733333332,20.119735733333336
2026-07-08T10:30:00+00:00,10.144268616666666,20.14426861666667
2026-07-08T10:40:00+00:00,10.073338733333333,20.073338733333333
2026-07-08T10:50:00+00:00,10.1670944,20.1670944
2026-07-08T11:00:00+00:00,10.069337999999998,20.069338000000002
2026-07-08T11:10:00+00:00,10.205941033333334,20.205941033333332
2026-07-08T11:20:00+00:00,10.13334155,20.13334155
2026-07-08T11:30:00+00:00,10.164890366666667,20.16489036666667
2026-07-08T11:40:00+00:00,10.11794235,20.11794235
2026-07-08T11:50:00+00:00,10.088139583333334,20.088139583333334
2026-07-08T12:00:00+00:00,10.151532166666668,20.151532166666666
2026-07-08T12:10:00+00:00,10.160906183333333,20.160906183333335
2026-07-08T12:20:00+00:00,10.09585375,20.09585375
2026-07-08T12:30:00+00:00,10.09568325,20.09568325
2026-07-08T12:40:00+00:00,10.162667833333334,20.162667833333334
2026-07-08T12:50:00+00:00,10.094804566666665,20.094804566666667
2026-07-08T13:00:00+00:00,10.097239916666666,20.09723991666667
2026-07-08T13:10:00+00:00,10.129320416666667,20.129320416666665
2026-07-08T13:20:00+00:00,10.079470866666666,20.079470866666668
2026-07-08T13:30:00+00:00,10.158359766666667,20.158359766666667
2026-07-08T13:40:00+00:00,10.125504983333334,20.125504983333332
2026-07-08T13:50:00+00:00,10.134710816666665,20.134710816666665
2026-07-08T14:00:00+00:00,10.1239603,20.1239603
2026-07-08T14:10:00+00:00,10.1501807,20.1501807
2026-07-08T14:20:00+00:00,10.085881233333334,20.085881233333335
2026-07-08T14:30:00+00:00,10.144478583333333,20.144478583333335
2026-07-08T14:40:00+00:00,10.071337683333333,20.071337683333336
2026-07-08T14:50:00+00:00,10.106337783333334,20.106337783333334
2026-07-08T15:00:00+00:00,10.070781966666667,20.07078196666667
2026-07-08T15:10:00+00:00,10.230853733333333,20.230853733333333
2026-07-08T15:20:00+00:00,10.07785645,20.077856450000002
2026-07-08T15:30:00+00:00,10.108815816666667,20.108815816666667
2026-07-08T15:40:00+00:00,10.081708200000001,20.081708199999998
2026-07-08T15:50:00+00:00,10.15433345,20.154333450000003
2026-07-08T16:00:00+00:00,10.122255766666665,20.12225576666667
2026-07-08T16:10:00+00:00,10.129971966666666,20.12997196666667
2026-07-08T16:20:00+00:00,10.068354033333332,20.068354033333332
2026-07-08T16:30:00+00:00,10.160565783333334,20.160565783333332
2026-07-08T16:40:00+00:00,10.0773994,20.0773994
2026-07-08T16:50:00+00:00,10.113205166666667,20.113205166666667
2026-07-08T17:00:00+00:00,10.102239633333333,20.102239633333333
2026-07-08T17:10:00+00:00,10.131761666666668,20.131761666666666
2026-07-08T17:20:00+00:00,10.081145483333334,20.081145483333334
2026-07-08T17:40:00+00:00,10.247193750000001,20.24719375
2026-07-08T17:50:00+00:00,10.1069907,20.106990699999997
2026-07-08T18:00:00+00:00,10.127596683333334,20.127596683333334
2026-07-08T18:10:00+00:00,10.116164383333334,20.116164383333334
2026-07-08T18:20:00+00:00,10.092695216666668,20.092695216666666
2026-07-08T18:30:00+00:00,10.105437283333334,20.105437283333334
2026-07-08T18:40:00+00:00,10.089372083333334,20.089372083333334
2026-07-08T18:50:00+00:00,10.14738655,20.14738655
2026-07-08T19:00:00+00:00,10.0970429,20.0970429
2026-07-08T19:10:00+00:00,10.137569633333333,20.13756963333333
2026-07-08T19:20:00+00:00,10.094880600000002,20.0948806
2026-07-08T19:30:00+00:00,10.088568633333333,20.088568633333335
2026-07-08T19:40:00+00:00,10.271972216666667,20.271972216666665
2026-07-08T19:50:00+00:00,10.097134433333334,20.097134433333334
2026-07-08T20:00:00+00:00,10.10984185,20.109841850000002
2026-07-08T20:10:00+00:00,10.144674049999999,20.14467405
2026-07-08T20:20:00+00:00,10.187738366666668,20.187738366666668
2026-07-08T20:30:00+00:00,10.091008866666666,20.091008866666666
2026-07-08T20:40:00+00:00,10.200067833333332,20.200067833333332
2026-07-08T20:50:00+00:00,10.10786875,20.10786875
2026-07-08T21:00:00+00:00,10.117587333333335,20.117587333333333
2026-07-08T21:10:00+00:00,10.09190295,20.09190295
2026-07-08T21:20:00+00:00,10.11955135,20.11955135
2026-07-08T21:30:00+00:00,10.093796033333332,20.093796033333334
2026-07-08T21:40:00+00:00,10.144618516666666,20.144618516666664
2026-07-08T21:50:00+00:00,10.141703900000001,20.1417039
2026-07-08T22:00:00+00:00,10.144399116666667,20.144399116666666
2026-07-08T22:10:00+00:00,10.09085915,20.090859150000004
2026-07-08T22:20:00+00:00,10.12431095,20.124310949999998
2026-07-08T22:30:00+00:00,10.088670566666668,20.088670566666668
2026-07-08T22:40:00+00:00,10.10508495,20.10508495
2026-07-08T22:50:00+00:00,10.1021381,20.102138099999998
2026-07-08T23:00:00+00:00,10.147570666666667,20.147570666666663
2026-07-08T23:10:00+00:00,10.138478566666667,20.138478566666667
2026-07-08T23:20:00+00:00,10.231277949999999,20.23127795
2026-07-08T23:30:00+00:00,10.157698250000001,20.15769825
2026-07-08T23:40:00+00:00,10.121389216666667,20.121389216666667
2026-07-08T23:50:00+00:00,10.113613783333333,20.113613783333335
2026-07-09T00:00:00+00:00,10.239328466666667,20.239328466666667
2026-07-09T00:10:00+00:00,10.115007833333333,20.115007833333333
2026-07-09T00:20:00+00:00,10.106977050000001,20.10697705
2026-07-09T00:30:00+00:00,10.2256582,20.2256582
2026-07-09T00:40:00+00:00,10.454390533333333,20.45439053333333
2026-07-09T00:50:00+00:00,10.118388716666667,20.11838871666667
2026-07-09T01:00:00+00:00,10.241455566666668,20.241455566666666
2026-07-09T01:10:00+00:00,10.099721950000001,20.09972195
2026-07-09T01:20:00+00:00,10.195504066666667,20.19550406666667
2026-07-09T01:30:00+00:00,10.16784195,20.167841950000003
2026-07-09T01:40:00+00:00,10.171247916666665,20.17124791666667
2026-07-09T01:50:00+00:00,10.092142616666667,20.092142616666667
2026-07-09T02:00:00+00:00,10.176880083333334,20.176880083333334
2026-07-09T02:10:00+00:00,10.114355383333333,20.114355383333336
2026-07-09T02:30:00+00:00,10.106873616666666,20.106873616666668
2026-07-09T02:40:00+00:00,10.220713366666667,20.220713366666665
2026-07-09T02:50:00+00:00,10.144954583333334,20.144954583333334
2026-07-09T03:00:00+00:00,10.178161883333333,20.178161883333335
2026-07-09T03:10:00+00:00,10.214226033333334,20.214226033333333
2026-07-09T03:20:00+00:00,10.151029216666666,20.151029216666664
2026-07-09T03:30:00+00:00,10.093228066666667,20.093228066666665
2026-07-09T03:40:00+00:00,10.127861783333334,20.127861783333334
2026-07-09T03:50:00+00:00,10.13692135,20.13692135
2026-07-09T04:00:00+00:00,10.097091016666667,20.097091016666663
2026-07-09T04:10:00+00:00,10.09036235,20.090362350000003
2026-07-09T04:20:00+00:00,10.113946983333333,20.113946983333335
2026-07-09T04:30:00+00:00,10.130057950000001,20.130057949999998
2026-07-09T04:40:00+00:00,10.127419583333333,20.127419583333335
2026-07-09T04:50:00+00:00,10.178304050000001,20.17830405
2026-07-09T05:00:00+00:00,10.112923516666665,20.11292351666667
2026-07-09T05:20:00+00:00,10.127198916666666,20.127198916666668
2026-07-09T05:30:00+00:00,10.13446525,20.13446525
2026-07-09T05:40:00+00:00,10.246338583333333,20.246338583333333
2026-07-09T05:50:00+00:00,10.250664,20.250663999999997
2026-07-09T06:00:00+00:00,10.140132,20.140132
2026-07-09T06:10:00+00:00,10.207181483333333,20.207181483333333
2026-07-09T06:20:00+00:00,10.209969866666667,20.209969866666665
2026-07-09T06:30:00+00:00,10.0975703,20.097570299999997
2026-07-09T06:40:00+00:00,10.264582933333333,20.264582933333333
2026-07-09T06:50:00+00:00,10.125101733333334,20.125101733333334
2026-07-09T07:00:00+00:00,10.263950066666666,20.263950066666666
2026-07-09T07:10:00+00:00,10.095166716666666,20.095166716666665
2026-07-09T07:20:00+00:00,10.16527435,20.16527435
2026-07-09T07:30:00+00:00,10.1020753,20.102075300000003
2026-07-09T07:40:00+00:00,10.246382,20.246382
2026-07-09T07:50:00+00:00,10.152387116666667,20.152387116666667
2026-07-09T08:00:00+00:00,10.10334745,20.10334745
2026-07-09T08:10:00+00:00,10.081603683333332,20.081603683333334
2026-07-09T08:20:00+00:00,10.196351716666667,20.196351716666666
2026-07-09T08:30:00+00:00,10.09332065,20.09332065
2026-07-09T08:40:00+00:00,10.1887407,20.1887407
2026-07-09T08:50:00+00:00,10.1329413,20.132941300000002
2026-07-09T09:00:00+00:00,10.2058356,20.2058356
2026-07-09T09:10:00+00:00,10.09894345,20.09894345
2026-07-09T09:20:00+00:00,10.156493366666666,20.156493366666666
2026-07-09T09:30:00+00:00,10.128124716666667,20.128124716666665
2026-07-09T09:40:00+00:00,10.235742433333334,20.235742433333332
2026-07-09T09:50:00+00:00,10.078335183333333,20.078335183333333
2026-07-09T10:00:00+00:00,10.144301566666666,20.144301566666666
2026-07-09T10:10:00+00:00,10.0835386,20.0835386
2026-07-09T10:20:00+00:00,10.159640266666665,20.159640266666667
2026-07-09T10:30:00+00:00,10.111340316666666,20.111340316666666
2026-07-09T10:40:00+00:00,10.272310633333332,20.272310633333333
2026-07-09T10:50:00+00:00,10.083781366666667,20.083781366666663
2026-07-09T11:00:00+00:00,10.23370335,20.23370335
2026-07-09T11:10:00+00:00,10.075113383333333,20.075113383333335
2026-07-09T11:20:00+00:00,10.206426466666667,20.206426466666667
2026-07-09T11:30:00+00:00,10.089505,20.089505
2026-07-09T11:40:00+00:00,10.221697783333333,20.221697783333333
2026-07-09T11:50:00+00:00,10.077646033333334,20.077646033333334
2026-07-09T12:00:00+00:00,10.22329605,20.22329605
2026-07-09T12:10:00+00:00,10.130303733333333,20.130303733333335
2026-07-09T12:20:00+00:00,10.211125966666666,20.211125966666668
2026-07-09T12:30:00+00:00,10.114966883333333,20.114966883333334
2026-07-09T12:40:00+00:00,10.137921666666667,20.137921666666667
2026-07-09T12:50:00+00:00,10.081040683333333,20.081040683333335
2026-07-09T13:00:00+00:00,10.241355333333333,20.241355333333335
2026-07-09T13:10:00+00:00,10.08911425,20.08911425
2026-07-09T13:20:00+00:00,10.229871866666667,20.229871866666667
2026-07-09T13:30:00+00:00,10.115073283333334,20.115073283333334
2026-07-09T13:40:00+00:00,10.2606388,20.2606388
2026-07-09T13:50:00+00:00,10.079387883333334,20.079387883333332
2026-07-09T14:00:00+00:00,10.173168866666666,20.173168866666668
2026-07-09T14:10:00+00:00,10.1731436,20.1731436
2026-07-09T14:20:00+00:00,10.208083850000001,20.208083849999998
2026-07-09T14:30:00+00:00,10.079534016666665,20.079534016666667
2026-07-09T14:40:00+00:00,10.207414550000001,20.20741455
2026-07-09T14:50:00+00:00,10.16612635,20.166126350000003
2026-07-09T15:00:00+00:00,10.172693149999999,20.17269315
2026-07-09T15:10:00+00:00,10.145241816666667,20.145241816666665
2026-07-09T15:20:00+00:00,10.118895083333333,20.11889508333333
2026-07-09T15:30:00+00:00,10.165403533333334,20.165403533333333
2026-07-09T15:40:00+00:00,10.213567833333334,20.213567833333332
2026-07-09T15:50:00+00:00,10.1269436,20.1269436
2026-07-09T16:00:00+00:00,10.116241633333335,20.116241633333335
2026-07-09T16:10:00+00:00,10.363725933333335,20.363725933333335
2026-07-09T16:20:00+00:00,10.0971135,20.0971135
2026-07-09T16:30:00+00:00,10.1227331,20.1227331
2026-07-09T16:40:00+00:00,10.2354284,20.2354284
2026-07-09T16:50:00+00:00,10.159025483333332,20.159025483333334
2026-07-09T17:00:00+00:00,10.116745066666665,20.116745066666667
2026-07-09T17:10:00+00:00,10.199951916666667,20.199951916666667
2026-07-09T17:20:00+00:00,10.155407983333333,20.155407983333337
2026-07-09T17:30:00+00:00,10.244549166666667,20.244549166666665
2026-07-09T17:40:00+00:00,10.287445466666666,20.287445466666668
2026-07-09T17:50:00+00:00,10.151387616666666,20.151387616666668
2026-07-09T18:00:00+00:00,10.250638366666667,20.250638366666667
2026-07-09T18:10:00+00:00,10.16090685,20.16090685
2026-07-09T18:20:00+00:00,10.223835333333334,20.223835333333334
2026-07-09T18:30:00+00:00,10.229466533333333,20.229466533333333
2026-07-09T18:40:00+00:00,10.253886450000001,20.25388645
2026-07-09T18:50:00+00:00,10.071543583333332,20.071543583333334
2026-07-09T19:00:00+00:00,10.231926750000001,20.23192675
2026-07-09T19:10:00+00:00,10.218954666666667,20.218954666666665
2026-07-09T19:20:00+00:00,10.188716483333334,20.188716483333334
2026-07-09T19:30:00+00:00,10.0804077,20.080407700000002
2026-07-09T19:40:00+00:00,10.317526433333335,20.317526433333335
2026-07-09T19:50:00+00:00,10.250309683333334,20.250309683333334
2026-07-09T20:10:00+00:00,10.091937300000001,20.091937299999998
2026-07-09T20:30:00+00:00,10.083274766666667,20.083274766666666
2026-07-09T20:40:00+00:00,10.271837583333333,20.271837583333333
2026-07-09T20:50:00+00:00,10.119774916666668,20.119774916666664
2026-07-09T21:00:00+00:00,10.1422475,20.1422475
2026-07-09T21:10:00+00:00,10.067071716666668,20.067071716666664
2026-07-09T21:20:00+00:00,10.180946500000001,20.1809465
2026-07-09T21:30:00+00:00,10.08040995,20.08040995
2026-07-09T21:40:00+00:00,10.235328299999999,20.2353283
2026-07-09T21:50:00+00:00,10.092555283333333,20.092555283333336
2026-07-09T22:00:00+00:00,10.159827333333334,20.159827333333332
2026-07-09T22:10:00+00:00,10.0595892,20.0595892
2026-07-09T22:20:00+00:00,10.117418899999999,20.1174189
2026-07-09T22:30:00+00:00,10.086346333333333,20.08634633333333
2026-07-09T22:40:00+00:00,10.132786466666666,20.13278646666667
2026-07-09T22:50:00+00:00,10.124724500000001,20.1247245
2026-07-09T23:00:00+00:00,10.104158083333335,20.104158083333335
2026-07-09T23:10:00+00:00,10.07149385,20.071493850000003
2026-07-09T23:20:00+00:00,10.134487666666667,20.134487666666665
2026-07-09T23:30:00+00:00,10.066267983333335,20.066267983333333
2026-07-09T23:40:00+00:00,10.13128455,20.13128455
2026-07-09T23:50:00+00:00,10.08701905,20.08701905
2026-07-10T00:00:00+00:00,10.172495666666666,20.17249566666667
2026-07-10T00:10:00+00:00,10.170665416666667,20.17066541666667
2026-07-10T00:20:00+00:00,10.12556085,20.12556085
2026-07-10T00:30:00+00:00,10.113244150000002,20.11324415
2026-07-10T00:40:00+00:00,10.157365416666666,20.157365416666668
2026-07-10T00:50:00+00:00,10.082064266666666,20.082064266666666
2026-07-10T01:00:00+00:00,10.143623883333333,20.14362388333333
2026-07-10T01:10:00+00:00,10.076613583333334,20.076613583333334
2026-07-10T01:20:00+00:00,10.09149695,20.09149695
2026-07-10T01:30:00+00:00,10.132111,20.132111000000002
2026-07-10T01:40:00+00:00,10.080745116666666,20.080745116666666
2026-07-10T01:50:00+00:00,10.20888725,20.20888725
2026-07-10T02:00:00+00:00,10.117543433333333,20.11754343333333
2026-07-10T02:10:00+00:00,10.072943299999999,20.072943300000002
2026-07-10T02:20:00+00:00,10.19774315,20.19774315
2026-07-10T02:30:00+00:00,10.076780116666667,20.076780116666665
2026-07-10T02:40:00+00:00,10.35205625,20.352056249999997
2026-07-10T02:50:00+00:00,10.076871500000001,20.0768715
2026-07-10T03:00:00+00:00,10.1297484,20.1297484
2026-07-10T03:10:00+00:00,10.060702233333334,20.060702233333334
2026-07-10T03:20:00+00:00,10.120227550000001,20.12022755
2026-07-10T03:30:00+00:00,10.081338283333334,20.08133828333333
2026-07-10T03:40:00+00:00,10.1762396,20.1762396
2026-07-10T03:50:00+00:00,10.07741385,20.077413850000003
2026-07-10T04:00:00+00:00,10.231061783333333,20.231061783333335
2026-07-10T04:10:00+00:00,10.082157416666666,20.082157416666668
2026-07-10T04:20:00+00:00,10.179214033333333,20.179214033333334
2026-07-10T04:30:00+00:00,10.061584966666667,20.061584966666665
2026-07-10T04:40:00+00:00,10.317225616666667,20.31722561666667
2026-07-10T04:50:00+00:00,10.0623738,20.0623738
2026-07-10T05:00:00+00:00,10.197916249999999,20.19791625
2026-07-10T05:20:00+00:00,10.11725205,20.11725205
2026-07-10T05:30:00+00:00,10.081916549999999,20.081916550000003
2026-07-10T05:40:00+00:00,10.175753333333335,20.175753333333333
2026-07-10T05:50:00+00:00,10.081040583333333,20.081040583333333
2026-07-10T06:00:00+00:00,10.1478044,20.1478044
2026-07-10T06:10:00+00:00,10.071067083333332,20.071067083333332
2026-07-10T06:20:00+00:00,10.123175666666667,20.12317566666667
2026-07-10T06:30:00+00:00,10.094491583333333,20.094491583333333
2026-07-10T06:40:00+00:00,10.098518716666666,20.098518716666668
2026-07-10T06:50:00+00:00,10.179460833333334,20.179460833333334
2026-07-10T07:00:00+00:00,10.138596866666667,20.138596866666667
2026-07-10T07:10:00+00:00,10.167968733333334,20.167968733333332
2026-07-10T07:20:00+00:00,10.156153600000001,20.1561536
2026-07-10T07:30:00+00:00,10.084058216666667,20.084058216666666
2026-07-10T07:40:00+00:00,10.237720716666667,20.23772071666667
2026-07-10T07:50:00+00:00,10.079579766666665,20.079579766666665
2026-07-10T08:00:00+00:00,10.171573933333333,20.17157393333333
2026-07-10T08:10:00+00:00,10.064759216666666,20.06475921666667
2026-07-10T08:20:00+00:00,10.111134533333335,20.11113453333333
2026-07-10T08:30:00+00:00,10.083832316666667,20.083832316666665
2026-07-10T08:40:00+00:00,10.152043716666666,20.152043716666665
2026-07-10T08:50:00+00:00,10.104054333333332,20.104054333333334
2026-07-10T09:00:00+00:00,10.207635116666667,20.207635116666665
2026-07-10T09:10:00+00:00,10.092173166666667,20.092173166666665
2026-07-10T09:20:00+00:00,10.125987583333334,20.12598758333333
2026-07-10T09:30:00+00:00,10.10281485,20.10281485
2026-07-10T09:40:00+00:00,10.1161987,20.116198699999998
2026-07-10T09:50:00+00:00,10.125837566666666,20.125837566666668
2026-07-10T10:00:00+00:00,10.111583516666666,20.111583516666666
2026-07-10T10:10:00+00:00,10.0819822,20.081982200000002
2026-07-10T10:20:00+00:00,10.185461916666666,20.185461916666668
2026-07-10T10:30:00+00:00,10.105133483333333,20.105133483333336
2026-07-10T10:40:00+00:00,10.150440633333334,20.150440633333336
2026-07-10T10:50:00+00:00,10.114818833333334,20.114818833333334
2026-07-10T11:00:00+00:00,10.139214933333333,20.139214933333335
2026-07-10T11:10:00+00:00,10.07241145,20.07241145
2026-07-10T11:20:00+00:00,10.107455916666668,20.107455916666666
2026-07-10T11:30:00+00:00,10.118919533333333,20.118919533333333
2026-07-10T11:40:00+00:00,10.166363916666667,20.16636391666667
2026-07-10T11:50:00+00:00,10.131659766666667,20.131659766666665
2026-07-10T12:00:00+00:00,10.1423179,20.142317900000002
2026-07-10T12:10:00+00:00,10.1376378,20.1376378
2026-07-10T12:20:00+00:00,10.11149735,20.111497349999997
2026-07-10T12:30:00+00:00,10.077758283333333,20.07775828333333
2026-07-10T12:40:00+00:00,10.181606916666668,20.181606916666667
2026-07-10T12:50:00+00:00,10.0710578,20.071057800000002
2026-07-10T13:00:00+00:00,10.076859283333333,20.07685928333333
2026-07-10T13:10:00+00:00,10.072936566666668,20.072936566666666
2026-07-10T13:20:00+00:00,10.188137733333333,20.188137733333335
2026-07-10T13:30:00+00:00,10.082948733333334,20.082948733333335
2026-07-10T13:40:00+00:00,10.086663583333332,20.086663583333333
2026-07-10T13:50:00+00:00,10.09312495,20.09312495
2026-07-10T14:00:00+00:00,10.0881815,20.0881815
2026-07-10T14:10:00+00:00,10.074971383333333,20.07497138333333
2026-07-10T14:20:00+00:00,10.116177933333335,20.116177933333333
2026-07-10T14:30:00+00:00,10.068078433333334,20.068078433333334
2026-07-10T14:40:00+00:00,10.097154516666667,20.097154516666667
2026-07-10T14:50:00+00:00,10.1260467,20.1260467
2026-07-10T15:00:00+00:00,10.0912914,20.0912914
2026-07-10T15:10:00+00:00,10.0979574,20.0979574
2026-07-10T15:20:00+00:00,10.1351922,20.1351922
2026-07-10T15:30:00+00:00,10.062648966666666,20.062648966666664
2026-07-10T15:40:00+00:00,10.1241065,20.1241065
2026-07-10T15:50:00+00:00,10.08489035,20.084890350000002
2026-07-10T16:00:00+00:00,10.077275566666666,20.077275566666668
2026-07-10T16:10:00+00:00,10.094687133333334,20.09468713333333
2026-07-10T16:20:00+00:00,10.113452083333334,20.113452083333335
2026-07-10T16:30:00+00:00,10.079875466666666,20.079875466666667
2026-07-10T16:40:00+00:00,10.108275233333334,20.108275233333334
2026-07-10T16:50:00+00:00,10.1089464,20.108946399999997
2026-07-10T17:00:00+00:00,10.0949802,20.094980200000002
2026-07-10T17:10:00+00:00,10.188400583333333,20.188400583333337
2026-07-10T17:20:00+00:00,10.098694166666666,20.098694166666668
2026-07-10T17:30:00+00:00,10.072686666666668,20.072686666666666
2026-07-10T17:40:00+00:00,10.102413266666668,20.102413266666666
2026-07-10T17:50:00+00:00,10.271825033333332,20.271825033333336
2026-07-10T18:00:00+00:00,10.091920633333332,20.091920633333334
2026-07-10T18:10:00+00:00,10.082008916666666,20.082008916666666
2026-07-10T18:20:00+00:00,10.079590616666668,20.079590616666668
2026-07-10T18:30:00+00:00,10.084328383333334,20.084328383333332
2026-07-10T18:40:00+00:00,10.125608516666667,20.125608516666667
2026-07-10T18:50:00+00:00,10.068193183333333,20.068193183333335
2026-07-10T19:00:00+00:00,10.187861433333333,20.187861433333335
2026-07-10T19:10:00+00:00,10.073462333333334,20.073462333333335
2026-07-10T19:20:00+00:00,10.120865383333333,20.120865383333335
2026-07-10T19:30:00+00:00,10.082461966666667,20.082461966666663
2026-07-10T19:40:00+00:00,10.15421615,20.15421615
2026-07-10T19:50:00+00:00,10.10309725,20.10309725
2026-07-10T20:00:00+00:00,10.095086149999998,20.09508615
2026-07-10T20:10:00+00:00,10.075837383333333,20.075837383333333
2026-07-10T20:20:00+00:00,10.133304533333334,20.133304533333334
2026-07-10T20:30:00+00:00,10.115603349999999,20.11560335
2026-07-10T20:40:00+00:00,10.079123816666668,20.079123816666666
2026-07-10T20:50:00+00:00,10.110277033333334,20.110277033333332
2026-07-10T21:00:00+00:00,10.113611866666668,20.113611866666666
2026-07-10T21:10:00+00:00,10.08183095,20.08183095
2026-07-10T21:20:00+00:00,10.097261116666665,20.09726111666667
2026-07-10T21:30:00+00:00,10.086915733333333,20.086915733333335
2026-07-10T21:40:00+00:00,10.092413583333332,20.092413583333332
2026-07-10T21:50:00+00:00,10.076223800000001,20.076223799999998
2026-07-10T22:00:00+00:00,10.119862383333333,20.119862383333334
2026-07-10T22:10:00+00:00,10.076113933333334,20.076113933333332
2026-07-10T22:20:00+00:00,10.141797599999999,20.1417976
2026-07-10T22:30:00+00:00,10.1050179,20.1050179
2026-07-10T22:40:00+00:00,10.125179733333333,20.125179733333333
2026-07-10T22:50:00+00:00,10.089383033333332,20.089383033333334
2026-07-10T23:00:00+00:00,10.091749133333334,20.091749133333334
2026-07-10T23:10:00+00:00,10.09437005,20.094370050000002
2026-07-10T23:20:00+00:00,10.087491683333333,20.087491683333333
2026-07-10T23:30:00+00:00,10.075086033333333,20.07508603333333
2026-07-10T23:40:00+00:00,10.155199766666668,20.155199766666666
2026-07-10T23:50:00+00:00,10.080715033333332,20.080715033333334
2026-07-11T00:00:00+00:00,10.135450233333334,20.135450233333334
2026-07-11T00:10:00+00:00,10.097085333333332,20.097085333333332
2026-07-11T00:20:00+00:00,10.1198047,20.1198047
2026-07-11T00:30:00+00:00,10.1010947,20.101094699999997
2026-07-11T00:40:00+00:00,10.189107933333334,20.189107933333332
2026-07-11T00:50:00+00:00,10.085212383333333,20.08521238333333
2026-07-11T01:00:00+00:00,10.10575235,20.10575235
2026-07-11T01:10:00+00:00,10.116206666666667,20.116206666666667
2026-07-11T01:20:00+00:00,10.0845365,20.084536500000002
2026-07-11T01:30:00+00:00,10.13872065,20.13872065
2026-07-11T01:40:00+00:00,10.244742283333332,20.244742283333334
2026-07-11T01:50:00+00:00,10.06944945,20.06944945
2026-07-11T02:00:00+00:00,10.082337216666668,20.082337216666666
2026-07-11T02:20:00+00:00,10.121734166666666,20.121734166666666
2026-07-11T02:30:00+00:00,10.083706716666667,20.083706716666665
2026-07-11T02:40:00+00:00,10.132221983333332,20.132221983333334
2026-07-11T03:00:00+00:00,10.110853350000001,20.11085335
2026-07-11T03:10:00+00:00,10.074842033333335,20.074842033333333
2026-07-11T03:20:00+00:00,10.121955866666667,20.121955866666667
2026-07-11T03:30:00+00:00,10.069614300000001,20.0696143
2026-07-11T03:40:00+00:00,11.096475933333332,21.096475933333334
2026-07-11T03:50:00+00:00,10.088957516666666,20.088957516666667
2026-07-11T04:00:00+00:00,10.17078275,20.17078275
2026-07-11T04:10:00+00:00,10.071175333333334,20.071175333333333
2026-07-11T04:20:00+00:00,10.13166075,20.131660749999998
2026-07-11T04:30:00+00:00,10.086262916666668,20.086262916666666
2026-07-11T04:40:00+00:00,10.110759949999998,20.11075995
2026-07-11T04:50:00+00:00,10.070252,20.070252
2026-07-11T05:00:00+00:00,10.092781166666667,20.09278116666667
2026-07-11T05:10:00+00:00,10.078728483333332,20.078728483333336
2026-07-11T05:20:00+00:00,10.078531349999999,20.07853135
2026-07-11T05:30:00+00:00,10.0924517,20.0924517
2026-07-11T05:40:00+00:00,10.178075266666667,20.178075266666667
2026-07-11T05:50:00+00:00,10.076219633333332,20.076219633333334
2026-07-11T06:00:00+00:00,10.088249066666666,20.088249066666666
2026-07-11T06:10:00+00:00,10.063583666666666,20.063583666666666
2026-07-11T06:20:00+00:00,10.086839783333334,20.086839783333335
2026-07-11T06:30:00+00:00,10.0872891,20.0872891
2026-07-11T06:40:00+00:00,10.150853083333335,20.150853083333335
2026-07-11T06:50:00+00:00,10.069873216666668,20.069873216666668
2026-07-11T07:00:00+00:00,10.135304483333334,20.135304483333336
2026-07-11T07:10:00+00:00,10.08105135,20.08105135
2026-07-11T07:20:00+00:00,10.091302816666666,20.091302816666666
2026-07-11T07:30:00+00:00,10.07396725,20.07396725
2026-07-11T07:40:00+00:00,10.18382055,20.18382055
2026-07-11T07:50:00+00:00,10.086964499999999,20.0869645
2026-07-11T08:00:00+00:00,10.101249016666666,20.101249016666667
2026-07-11T08:10:00+00:00,10.064011083333332,20.064011083333334
2026-07-11T08:20:00+00:00,10.155246316666668,20.155246316666666
2026-07-11T08:30:00+00:00,10.103486666666667,20.103486666666665
2026-07-11T08:40:00+00:00,10.116883,20.116882999999998
2026-07-11T08:50:00+00:00,10.08809205,20.08809205
2026-07-11T09:00:00+00:00,10.098423666666667,20.09842366666667
2026-07-11T09:10:00+00:00,10.106557566666668,20.106557566666666
2026-07-11T09:20:00+00:00,10.103490566666666,20.103490566666668
2026-07-11T09:30:00+00:00,10.073337866666666,20.07333786666667
2026-07-11T09:40:00+00:00,10.100741533333332,20.100741533333334
2026-07-11T09:50:00+00:00,10.088487916666667,20.08848791666667
2026-07-11T10:00:00+00:00,10.174927883333334,20.174927883333332
2026-07-11T10:10:00+00:00,10.180866250000001,20.18086625
2026-07-11T10:30:00+00:00,10.075435183333333,20.075435183333333
2026-07-11T10:40:00+00:00,10.208240066666667,20.20824006666667
2026-07-11T10:50:00+00:00,10.081769116666667,20.081769116666667
2026-07-11T11:00:00+00:00,10.082910266666666,20.082910266666666
2026-07-11T11:10:00+00:00,10.062704516666667,20.062704516666667
2026-07-11T11:20:00+00:00,10.124933183333333,20.124933183333333
2026-07-11T11:30:00+00:00,10.081335849999999,20.081335850000002
2026-07-11T11:40:00+00:00,10.096830433333334,20.09683043333333
2026-07-11T11:50:00+00:00,10.111693016666667,20.111693016666667
2026-07-11T12:00:00+00:00,10.0882789,20.0882789
2026-07-11T12:10:00+00:00,10.0888884,20.0888884
2026-07-11T12:20:00+00:00,10.137612483333333,20.13761248333333
2026-07-11T12:30:00+00:00,10.096944833333334,20.096944833333335
2026-07-11T12:40:00+00:00,10.109150333333334,20.109150333333332
2026-07-11T12:50:00+00:00,10.067072283333333,20.067072283333335
2026-07-11T13:00:00+00:00,10.143708233333333,20.14370823333333
2026-07-11T13:10:00+00:00,10.072577566666666,20.072577566666666
2026-07-11T13:20:00+00:00,10.169318083333334,20.169318083333334
2026-07-11T13:30:00+00:00,10.079592916666666,20.079592916666666
2026-07-11T13:40:00+00:00,10.1013352,20.1013352
2026-07-11T13:50:00+00:00,10.0893867,20.0893867
2026-07-11T14:00:00+00:00,10.085336283333334,20.085336283333334
2026-07-11T14:10:00+00:00,10.079948816666667,20.07994881666667
2026-07-11T14:20:00+00:00,10.075309333333333,20.075309333333333
2026-07-11T14:30:00+00:00,10.090389116666667,20.090389116666664
2026-07-11T14:40:00+00:00,10.110283833333334,20.110283833333334
2026-07-11T14:50:00+00:00,10.0672176,20.0672176
2026-07-11T15:00:00+00:00,10.102026533333333,20.102026533333333
2026-07-11T15:10:00+00:00,10.076216983333333,20.07621698333333
2026-07-11T15:20:00+00:00,10.07951585,20.07951585
2026-07-11T15:30:00+00:00,10.099722816666667,20.099722816666667
2026-07-11T15:40:00+00:00,10.121848066666667,20.121848066666665
2026-07-11T15:50:00+00:00,10.099920433333333,20.099920433333335
2026-07-11T16:00:00+00:00,10.098218300000001,20.0982183
2026-07-11T16:10:00+00:00,10.0659964,20.0659964
2026-07-11T16:20:00+00:00,10.081164233333334,20.081164233333332
2026-07-11T16:30:00+00:00,10.110204166666668,20.110204166666666
2026-07-11T16:40:00+00:00,10.109528166666667,20.109528166666667
2026-07-11T16:50:00+00:00,10.096333433333333,20.09633343333333
2026-07-11T17:00:00+00:00,10.112199833333333,20.11219983333333
2026-07-11T17:10:00+00:00,10.077020000000001,20.07702
2026-07-11T17:20:00+00:00,10.143023983333334,20.143023983333332
2026-07-11T17:30:00+00:00,10.140442133333332,20.140442133333334
2026-07-11T17:40:00+00:00,10.119100783333332,20.119100783333334
2026-07-11T17:50:00+00:00,10.120239083333333,20.120239083333335
2026-07-11T18:00:00+00:00,10.101713683333333,20.101713683333333
2026-07-11T18:10:00+00:00,10.070969883333333,20.07096988333333
2026-07-11T18:20:00+00:00,10.1514867,20.1514867
2026-07-11T18:30:00+00:00,10.085481416666665,20.085481416666667
2026-07-11T18:40:00+00:00,10.128072966666668,20.128072966666664
2026-07-11T18:50:00+00:00,10.067702866666668,20.067702866666664
2026-07-11T19:10:00+00:00,10.067307566666667,20.067307566666667
2026-07-11T19:20:00+00:00,10.0926083,20.0926083
2026-07-11T19:30:00+00:00,10.0728478,20.072847799999998
2026-07-11T19:40:00+00:00,10.137195016666668,20.137195016666666
2026-07-11T19:50:00+00:00,10.152406716666666,20.15240671666667
2026-07-11T20:00:00+00:00,10.122625,20.122625000000003
2026-07-11T20:10:00+00:00,10.066873516666668,20.066873516666664
2026-07-11T20:20:00+00:00,10.183301566666668,20.183301566666668
2026-07-11T20:30:00+00:00,10.068928633333334,20.068928633333332
2026-07-11T20:40:00+00:00,10.092802983333334,20.092802983333335
2026-07-11T20:50:00+00:00,10.062938566666666,20.062938566666666
2026-07-11T21:00:00+00:00,10.160687283333335,20.160687283333335
2026-07-11T21:10:00+00:00,10.078206466666668,20.078206466666664
2026-07-11T21:20:00+00:00,10.10133905,20.10133905
2026-07-11T21:30:00+00:00,10.079403399999999,20.0794034
2026-07-11T21:40:00+00:00,10.101024466666667,20.10102446666667
2026-07-11T21:50:00+00:00,10.068420533333333,20.06842053333333
2026-07-11T22:00:00+00:00,10.114010016666667,20.11401001666667
2026-07-11T22:10:00+00:00,10.06002615,20.06002615
2026-07-11T22:20:00+00:00,10.082237433333335,20.082237433333333
2026-07-11T22:30:00+00:00,10.061953999999998,20.061954
2026-07-11T22:40:00+00:00,10.104700583333333,20.104700583333333
2026-07-11T22:50:00+00:00,10.076887383333334,20.076887383333332
2026-07-11T23:00:00+00:00,10.091493533333333,20.091493533333335
2026-07-11T23:10:00+00:00,10.066415333333333,20.066415333333335
2026-07-11T23:20:00+00:00,10.087868383333333,20.087868383333333
2026-07-11T23:30:00+00:00,10.084456399999999,20.0844564
2026-07-11T23:40:00+00:00,10.137574733333334,20.137574733333334
2026-07-11T23:50:00+00:00,10.080696499999998,20.0806965
2026-07-12T00:00:00+00:00,10.087859583333334,20.087859583333334
2026-07-12T00:10:00+00:00,10.08068965,20.08068965
2026-07-12T00:20:00+00:00,10.083561150000001,20.083561149999998
2026-07-12T00:30:00+00:00,10.073534216666667,20.073534216666665
2026-07-12T00:40:00+00:00,10.254287716666665,20.254287716666667
2026-07-12T00:50:00+00:00,10.11408495,20.11408495
2026-07-12T01:00:00+00:00,10.096152700000001,20.0961527
2026-07-12T01:10:00+00:00,10.096860183333332,20.096860183333334
2026-07-12T01:20:00+00:00,10.1505262,20.1505262
2026-07-12T01:30:00+00:00,10.080040683333333,20.080040683333333
2026-07-12T01:40:00+00:00,10.166688766666665,20.166688766666667
2026-07-12T01:50:00+00:00,10.064552483333333,20.064552483333333
2026-07-12T02:00:00+00:00,10.086672499999999,20.086672500000002
2026-07-12T02:10:00+00:00,10.065138416666667,20.065138416666667
2026-07-12T02:20:00+00:00,10.094957433333333,20.09495743333333
2026-07-12T02:30:00+00:00,10.087842983333333,20.087842983333335
2026-07-12T02:50:00+00:00,10.081569083333333,20.08156908333333
2026-07-12T03:00:00+00:00,10.13705575,20.137055750000002
2026-07-12T03:10:00+00:00,10.0746419,20.0746419
2026-07-12T03:20:00+00:00,10.080682416666667,20.080682416666665
2026-07-12T03:30:00+00:00,10.068062950000002,20.06806295
2026-07-12T03:40:00+00:00,10.199446366666667,20.199446366666667
2026-07-12T03:50:00+00:00,10.083238349999998,20.08323835
2026-07-12T04:00:00+00:00,10.093693666666667,20.093693666666663
2026-07-12T04:10:00+00:00,10.0699927,20.0699927
2026-07-12T04:20:00+00:00,10.106570166666668,20.106570166666664
2026-07-12T04:30:00+00:00,10.083766833333334,20.083766833333335
2026-07-12T04:40:00+00:00,10.128838216666667,20.12883821666667
2026-07-12T04:50:00+00:00,10.094474466666666,20.094474466666668
2026-07-12T05:00:00+00:00,10.112527616666666,20.112527616666668
2026-07-12T05:10:00+00:00,10.074103133333333,20.07410313333333
2026-07-12T05:20:00+00:00,10.17482205,20.17482205
2026-07-12T05:30:00+00:00,10.0711089,20.071108900000002
2026-07-12T05:40:00+00:00,10.086554416666667,20.08655441666667
2026-07-12T05:50:00+00:00,10.07248755,20.07248755
2026-07-12T06:00:00+00:00,10.1217768,20.121776800000003
2026-07-12T06:10:00+00:00,10.06223385,20.06223385
2026-07-12T06:20:00+00:00,10.1536705,20.153670499999997
2026-07-12T06:30:00+00:00,10.1041647,20.104164700000002
2026-07-12T06:50:00+00:00,10.07367205,20.073672050000003
2026-07-12T07:00:00+00:00,10.118019866666666,20.118019866666668
2026-07-12T07:10:00+00:00,10.06730345,20.06730345
2026-07-12T07:20:00+00:00,10.12442895,20.12442895
2026-07-12T07:30:00+00:00,10.175708266666668,20.175708266666668
2026-07-12T07:40:00+00:00,10.1936806,20.1936806
2026-07-12T07:50:00+00:00,10.06570155,20.065701550000004
2026-07-12T08:00:00+00:00,10.117282616666667,20.117282616666667
2026-07-12T08:10:00+00:00,10.065263833333335,20.065263833333333
2026-07-12T08:20:00+00:00,10.108635616666668,20.108635616666668
2026-07-12T08:30:00+00:00,10.0812205,20.081220499999997
2026-07-12T08:40:00+00:00,10.1291073,20.129107299999998
2026-07-12T08:50:00+00:00,10.087434566666667,20.087434566666666
2026-07-12T09:00:00+00:00,10.196542766666665,20.196542766666667
2026-07-12T09:10:00+00:00,10.08481985,20.08481985
2026-07-12T09:20:00+00:00,10.080241466666667,20.080241466666667
2026-07-12T09:30:00+00:00,10.090213266666666,20.09021326666667
2026-07-12T09:40:00+00:00,10.121178816666665,20.121178816666667
2026-07-12T09:50:00+00:00,10.06994225,20.06994225
2026-07-12T10:00:00+00:00,10.155227983333333,20.155227983333337
2026-07-12T10:10:00+00:00,10.063423066666667,20.063423066666665
2026-07-12T10:20:00+00:00,10.239140983333334,20.239140983333336
2026-07-12T10:30:00+00:00,10.0785156,20.0785156
2026-07-12T10:40:00+00:00,10.1633243,20.1633243
2026-07-12T10:50:00+00:00,10.085013666666667,20.08501366666667
2026-07-12T11:00:00+00:00,10.075522666666666,20.075522666666664
2026-07-12T11:10:00+00:00,10.076246183333334,20.076246183333335
2026-07-12T11:20:00+00:00,10.096418400000001,20.0964184
2026-07-12T11:30:00+00:00,10.083244166666667,20.083244166666667
2026-07-12T11:40:00+00:00,10.144810566666667,20.144810566666667
2026-07-12T11:50:00+00:00,10.071156683333333,20.071156683333335
2026-07-12T12:00:00+00:00,10.125113633333333,20.125113633333335
2026-07-12T12:10:00+00:00,10.088959916666665,20.088959916666667
2026-07-12T12:20:00+00:00,10.09606735,20.09606735
2026-07-12T12:30:00+00:00,10.080150300000001,20.0801503
2026-07-12T12:40:00+00:00,10.303877616666666,20.303877616666668
2026-07-12T12:50:00+00:00,10.089039116666667,20.089039116666665
2026-07-12T13:00:00+00:00,10.111934933333334,20.111934933333334
2026-07-12T13:10:00+00:00,10.072526433333334,20.072526433333334
2026-07-12T13:20:00+00:00,10.1130269,20.1130269
2026-07-12T13:30:00+00:00,10.103754166666667,20.103754166666665
2026-07-12T13:40:00+00:00,10.213833,20.213833
2026-07-12T13:50:00+00:00,10.075199533333334,20.075199533333333
2026-07-12T14:00:00+00:00,10.134172416666667,20.13417241666667
2026-07-12T14:10:00+00:00,10.0642464,20.064246400000002
2026-07-12T14:20:00+00:00,10.100147666666667,20.100147666666665
2026-07-12T14:30:00+00:00,10.088248883333334,20.088248883333332
2026-07-12T14:40:00+00:00,10.1427411,20.142741100000002
2026-07-12T14:50:00+00:00,10.059421466666667,20.059421466666667
2026-07-12T15:00:00+00:00,10.123067033333333,20.12306703333333
2026-07-12T15:10:00+00:00,10.088801483333333,20.088801483333334
2026-07-12T15:20:00+00:00,10.139530433333334,20.139530433333334
2026-07-12T15:30:00+00:00,10.06442145,20.06442145
2026-07-12T15:40:00+00:00,10.141843666666666,20.141843666666666
2026-07-12T15:50:00+00:00,10.107718799999999,20.1077188
2026-07-12T16:00:00+00:00,10.107819683333334,20.107819683333332
2026-07-12T16:10:00+00:00,10.068619100000001,20.0686191
2026-07-12T16:20:00+00:00,10.096490716666667,20.096490716666665
2026-07-12T16:30:00+00:00,10.093993383333332,20.093993383333334
2026-07-12T16:40:00+00:00,10.127541666666668,20.127541666666666
2026-07-12T16:50:00+00:00,10.081047383333333,20.081047383333335
2026-07-12T17:00:00+00:00,10.10517875,20.10517875
2026-07-12T17:10:00+00:00,10.083872716666667,20.08387271666667
2026-07-12T17:20:00+00:00,10.081881066666666,20.081881066666664
2026-07-12T17:30:00+00:00,10.076239600000001,20.0762396
2026-07-12T17:40:00+00:00,10.108711683333333,20.108711683333336
2026-07-12T17:50:00+00:00,10.101829983333333,20.101829983333335
2026-07-12T18:00:00+00:00,10.14382575,20.14382575
2026-07-12T18:10:00+00:00,10.0874339,20.0874339
2026-07-12T18:20:00+00:00,10.1070427,20.1070427
2026-07-12T18:30:00+00:00,10.078371416666666,20.078371416666666
2026-07-12T18:40:00+00:00,10.178643816666666,20.178643816666668
2026-07-12T18:50:00+00:00,10.074671733333334,20.074671733333332
2026-07-12T19:10:00+00:00,10.078849166666666,20.078849166666664
2026-07-12T19:20:00+00:00,10.118008316666668,20.118008316666664
2026-07-12T19:30:00+00:00,10.081620966666666,20.081620966666666
2026-07-12T19:40:00+00:00,10.180957733333335,20.180957733333333
2026-07-12T19:50:00+00:00,10.074703633333334,20.074703633333336
2026-07-12T20:00:00+00:00,10.120680083333333,20.120680083333333
2026-07-12T20:10:00+00:00,10.0810367,20.081036700000002
2026-07-12T20:30:00+00:00,10.144919366666667,20.144919366666667
2026-07-12T20:40:00+00:00,10.091921666666668,20.091921666666668
2026-07-12T20:50:00+00:00,10.11630255,20.11630255
2026-07-12T21:00:00+00:00,10.078849033333334,20.07884903333333
2026-07-12T21:10:00+00:00,10.088653200000001,20.0886532
2026-07-12T21:20:00+00:00,10.092476066666668,20.092476066666666
2026-07-12T21:30:00+00:00,10.085447383333333,20.085447383333335
2026-07-12T21:40:00+00:00,10.129374733333332,20.129374733333336
2026-07-12T21:50:00+00:00,10.07834055,20.07834055
2026-07-12T22:00:00+00:00,10.141619633333333,20.141619633333335
2026-07-12T22:10:00+00:00,10.063740266666667,20.063740266666667
2026-07-12T22:20:00+00:00,10.107288566666666,20.107288566666668
2026-07-12T22:30:00+00:00,10.133918066666666,20.13391806666667
2026-07-12T22:40:00+00:00,10.147880983333332,20.147880983333334
2026-07-12T22:50:00+00:00,10.081289066666667,20.081289066666667
2026-07-12T23:00:00+00:00,10.0904925,20.0904925
2026-07-12T23:10:00+00:00,10.07231445,20.07231445
2026-07-12T23:20:00+00:00,10.121456083333333,20.12145608333333
2026-07-12T23:30:00+00:00,10.08808635,20.08808635
2026-07-12T23:40:00+00:00,10.100068983333333,20.100068983333333
2026-07-12T23:50:00+00:00,10.087114116666667,20.087114116666665
2026-07-13T00:00:00+00:00,10.070943849999999,20.07094385
2026-07-13T00:10:00+00:00,10.081697266666668,20.081697266666666
2026-07-13T00:20:00+00:00,10.093277516666666,20.093277516666667
2026-07-13T00:30:00+00:00,10.075146583333332,20.075146583333332
2026-07-13T00:40:00+00:00,10.17534185,20.17534185
2026-07-13T00:50:00+00:00,10.0670592,20.067059200000003
2026-07-13T01:00:00+00:00,10.13634005,20.13634005
2026-07-13T01:10:00+00:00,10.068450899999998,20.068450900000002
2026-07-13T01:20:00+00:00,10.12447105,20.12447105
2026-07-13T01:30:00+00:00,10.09058735,20.09058735
2026-07-13T01:40:00+00:00,10.152354766666667,20.15235476666667
2026-07-13T01:50:00+00:00,10.063916366666666,20.063916366666668
2026-07-13T02:00:00+00:00,10.100807633333334,20.100807633333332
2026-07-13T02:10:00+00:00,10.179061233333334,20.179061233333336
2026-07-13T02:20:00+00:00,10.087132033333335,20.087132033333333
2026-07-13T02:30:00+00:00,10.071215333333333,20.071215333333335
2026-07-13T02:40:00+00:00,10.175601366666665,20.17560136666667
2026-07-13T02:50:00+00:00,10.070351333333333,20.070351333333335
2026-07-13T03:00:00+00:00,10.1438837,20.1438837
2026-07-13T03:10:00+00:00,10.075647183333333,20.075647183333334
2026-07-13T03:20:00+00:00,10.12700765,20.12700765
2026-07-13T03:30:00+00:00,10.073976649999999,20.073976650000002
2026-07-13T03:40:00+00:00,10.163075566666667,20.163075566666667
2026-07-13T03:50:00+00:00,10.084393799999999,20.0843938
2026-07-13T04:00:00+00:00,10.110105983333334,20.110105983333334
2026-07-13T04:10:00+00:00,10.068551333333334,20.068551333333335
2026-07-13T04:20:00+00:00,10.0914703,20.0914703
2026-07-13T04:30:00+00:00,10.066470266666666,20.066470266666666
2026-07-13T04:40:00+00:00,10.090094233333334,20.090094233333332
2026-07-13T04:50:00+00:00,10.085547850000001,20.08554785
2026-07-13T05:00:00+00:00,10.112146,20.112146
2026-07-13T05:10:00+00:00,10.0727786,20.0727786
2026-07-13T05:20:00+00:00,10.08218795,20.082187949999998
2026-07-13T05:30:00+00:00,10.072088416666666,20.072088416666666
2026-07-13T05:40:00+00:00,10.089320766666667,20.089320766666667
2026-07-13T05:50:00+00:00,10.074223333333332,20.074223333333336
2026-07-13T06:00:00+00:00,10.07434035,20.07434035
2026-07-13T06:10:00+00:00,10.089067316666666,20.089067316666668
2026-07-13T06:20:00+00:00,10.080612483333335,20.080612483333333
2026-07-13T06:30:00+00:00,10.0996383,20.0996383
2026-07-13T06:40:00+00:00,10.073938066666667,20.073938066666663
2026-07-13T06:50:00+00:00,10.084552500000001,20.084552499999997
2026-07-13T07:00:00+00:00,10.095274666666667,20.09527466666667
2026-07-13T07:10:00+00:00,10.088469683333333,20.088469683333336
2026-07-13T07:20:00+00:00,10.114767050000001,20.11476705
2026-07-13T07:30:00+00:00,10.074770016666667,20.074770016666665
2026-07-13T07:40:00+00:00,10.08574455,20.08574455
2026-07-13T07:50:00+00:00,10.069268516666666,20.069268516666668
2026-07-13T08:00:00+00:00,10.103342666666666,20.103342666666666
2026-07-13T08:10:00+00:00,10.06106655,20.06106655
2026-07-13T08:20:00+00:00,10.0887773,20.0887773
2026-07-13T08:30:00+00:00,10.0630082,20.063008200000002
2026-07-13T08:40:00+00:00,10.155839083333332,20.155839083333333
2026-07-13T08:50:00+00:00,10.068352583333333,20.068352583333333
2026-07-13T09:00:00+00:00,10.1170749,20.1170749
2026-07-13T09:10:00+00:00,10.0833666,20.083366599999998
2026-07-13T09:20:00+00:00,10.118122766666666,20.118122766666666
2026-07-13T09:30:00+00:00,10.079949433333333,20.079949433333336
2026-07-13T09:40:00+00:00,10.176021816666667,20.176021816666665
2026-07-13T09:50:00+00:00,10.067748966666667,20.067748966666667
2026-07-13T10:00:00+00:00,10.083738483333333,20.08373848333333
2026-07-13T10:10:00+00:00,10.065219883333333,20.065219883333334
2026-07-13T10:20:00+00:00,10.136176883333333,20.136176883333334
2026-07-13T10:30:00+00:00,10.07044035,20.070440350000002
2026-07-13T10:40:00+00:00,10.131927,20.131927
2026-07-13T10:50:00+00:00,10.074262283333333,20.074262283333333
2026-07-13T11:00:00+00:00,10.078168033333332,20.078168033333334
2026-07-13T11:10:00+00:00,10.088889366666667,20.088889366666667
2026-07-13T11:20:00+00:00,10.10154755,20.101547550000003
2026-07-13T11:30:00+00:00,10.094007833333334,20.094007833333333
2026-07-13T11:40:00+00:00,10.1728384,20.1728384
2026-07-13T11:50:00+00:00,10.0707037,20.070703700000003
2026-07-13T12:10:00+00:00,10.076864766666667,20.076864766666667
2026-07-13T12:20:00+00:00,10.12362255,20.12362255
2026-07-13T12:30:00+00:00,10.102778133333334,20.102778133333334
2026-07-13T12:40:00+00:00,10.085575666666667,20.085575666666667
2026-07-13T12:50:00+00:00,10.18437275,20.18437275
2026-07-13T13:00:00+00:00,10.147198383333334,20.147198383333333
2026-07-13T13:10:00+00:00,10.09671515,20.09671515
2026-07-13T13:20:00+00:00,10.126506416666667,20.126506416666665
2026-07-13T13:30:00+00:00,10.061817083333333,20.061817083333334
2026-07-13T13:40:00+00:00,10.147610983333333,20.147610983333333
2026-07-13T13:50:00+00:00,10.107825066666667,20.107825066666667
2026-07-13T14:00:00+00:00,10.1677756,20.167775600000002
2026-07-13T14:10:00+00:00,10.091315916666668,20.091315916666666
2026-07-13T14:20:00+00:00,10.087190633333334,20.087190633333332
2026-07-13T14:30:00+00:00,10.1146708,20.1146708
2026-07-13T14:40:00+00:00,10.103734699999999,20.1037347
2026-07-13T14:50:00+00:00,10.0622462,20.0622462
2026-07-13T15:00:00+00:00,10.127191283333334,20.12719128333333
2026-07-13T15:10:00+00:00,10.07592675,20.07592675
2026-07-13T15:20:00+00:00,10.114342783333333,20.11434278333333
2026-07-13T15:30:00+00:00,10.095982733333333,20.095982733333337
2026-07-13T15:40:00+00:00,10.125727316666666,20.125727316666666
2026-07-13T15:50:00+00:00,10.2785183,20.278518299999998
2026-07-13T16:00:00+00:00,10.082860466666666,20.082860466666666
2026-07-13T16:10:00+00:00,10.100426833333334,20.100426833333334
2026-07-13T16:20:00+00:00,10.084546533333334,20.08454653333333
2026-07-13T16:30:00+00:00,10.078116583333333,20.078116583333333
2026-07-13T16:40:00+00:00,10.09274445,20.09274445
2026-07-13T16:50:00+00:00,10.108646133333334,20.10864613333333
2026-07-13T17:00:00+00:00,10.083650733333334,20.083650733333332
2026-07-13T17:10:00+00:00,10.080378099999999,20.0803781
2026-07-13T17:20:00+00:00,10.07747045,20.07747045
2026-07-13T17:30:00+00:00,10.100526316666667,20.100526316666667
2026-07-13T17:40:00+00:00,10.161664466666668,20.161664466666664
2026-07-13T17:50:00+00:00,10.093386666666667,20.093386666666667
2026-07-13T18:00:00+00:00,10.170195933333334,20.170195933333332
2026-07-13T18:10:00+00:00,10.065001116666668,20.065001116666668
2026-07-13T18:20:00+00:00,10.109603283333334,20.109603283333335
2026-07-13T18:30:00+00:00,10.09573515,20.09573515
2026-07-13T18:40:00+00:00,10.199172483333333,20.19917248333333
2026-07-13T18:50:00+00:00,10.076287783333333,20.07628778333333
2026-07-13T19:00:00+00:00,10.12750735,20.12750735
2026-07-13T19:10:00+00:00,10.090701933333333,20.09070193333333
2026-07-13T19:20:00+00:00,10.107581216666667,20.107581216666667
2026-07-13T19:30:00+00:00,10.12159255,20.12159255
2026-07-13T19:40:00+00:00,10.07730315,20.07730315
2026-07-13T19:50:00+00:00,10.094899483333334,20.094899483333332
2026-07-13T20:00:00+00:00,10.08733795,20.087337950000002
2026-07-13T20:10:00+00:00,10.078074483333333,20.078074483333335
2026-07-13T20:20:00+00:00,10.142087333333334,20.142087333333333
2026-07-13T20:30:00+00:00,10.079385616666666,20.079385616666666
2026-07-13T20:50:00+00:00,10.140666533333333,20.140666533333334
2026-07-13T21:00:00+00:00,10.123770033333333,20.123770033333336
2026-07-13T21:10:00+00:00,10.07337385,20.07337385
2026-07-13T21:20:00+00:00,10.144576366666666,20.14457636666667
2026-07-13T21:30:00+00:00,10.1224226,20.1224226
2026-07-13T21:40:00+00:00,10.161116933333334,20.161116933333336
2026-07-13T21:50:00+00:00,10.085211916666667,20.085211916666665
2026-07-13T22:00:00+00:00,10.142004683333333,20.142004683333333
2026-07-13T22:10:00+00:00,10.148966983333334,20.14896698333333
2026-07-13T22:20:00+00:00,10.092808433333333,20.092808433333335
2026-07-13T22:30:00+00:00,10.10529875,20.10529875
2026-07-13T22:40:00+00:00,10.142204133333333,20.142204133333333
2026-07-13T22:50:00+00:00,10.088520066666666,20.088520066666668
2026-07-13T23:00:00+00:00,10.097808366666667,20.097808366666666
2026-07-13T23:10:00+00:00,10.237643783333334,20.237643783333333
2026-07-13T23:20:00+00:00,10.123185266666667,20.123185266666667
2026-07-13T23:30:00+00:00,10.083461066666667,20.083461066666665
2026-07-13T23:40:00+00:00,10.1678614,20.1678614
2026-07-13T23:50:00+00:00,10.091110416666668,20.091110416666666
2026-07-14T00:00:00+00:00,10.096807466666666,20.096807466666668
2026-07-14T00:10:00+00:00,10.08002365,20.080023649999998
2026-07-14T00:20:00+00:00,10.118813833333332,20.118813833333334
2026-07-14T00:30:00+00:00,10.074243616666667,20.074243616666667
2026-07-14T00:40:00+00:00,10.1570418,20.157041800000002
2026-07-14T00:50:00+00:00,10.084948950000001,20.08494895
2026-07-14T01:00:00+00:00,10.124232516666666,20.124232516666666
2026-07-14T01:10:00+00:00,10.068139550000001,20.06813955
2026-07-14T01:20:00+00:00,10.109458716666667,20.109458716666666
2026-07-14T01:30:00+00:00,10.105308,20.105307999999997
2026-07-14T01:40:00+00:00,10.197102283333333,20.197102283333333
2026-07-14T01:50:00+00:00,10.072910533333333,20.072910533333335
2026-07-14T02:00:00+00:00,10.130446316666667,20.130446316666667
2026-07-14T02:10:00+00:00,10.079718750000001,20.079718749999998
2026-07-14T02:20:00+00:00,10.161948916666667,20.161948916666667
2026-07-14T02:30:00+00:00,10.077638199999999,20.077638200000003
2026-07-14T02:40:00+00:00,10.1496087,20.149608699999998
2026-07-14T02:50:00+00:00,10.072035933333332,20.072035933333332
2026-07-14T03:00:00+00:00,10.112445416666667,20.112445416666667
2026-07-14T03:10:00+00:00,10.097197866666667,20.097197866666665
2026-07-14T03:20:00+00:00,10.1303681,20.1303681
2026-07-14T03:30:00+00:00,10.08305055,20.08305055
2026-07-14T03:40:00+00:00,10.085275716666667,20.08527571666667
2026-07-14T03:50:00+00:00,10.14428955,20.14428955
2026-07-14T04:00:00+00:00,10.12224365,20.122243649999998
2026-07-14T04:10:00+00:00,10.086723816666668,20.086723816666666
2026-07-14T04:20:00+00:00,10.088845766666667,20.08884576666667
2026-07-14T04:30:00+00:00,10.0696715,20.069671500000002
2026-07-14T04:40:00+00:00,10.087019583333333,20.087019583333333
2026-07-14T04:50:00+00:00,10.075047933333334,20.075047933333334
2026-07-14T05:00:00+00:00,10.113386933333334,20.113386933333334
2026-07-14T05:10:00+00:00,10.1444045,20.1444045
2026-07-14T05:20:00+00:00,10.097099583333334,20.097099583333332
2026-07-14T05:30:00+00:00,10.07802385,20.07802385
2026-07-14T05:40:00+00:00,10.228903366666666,20.228903366666668
2026-07-14T05:50:00+00:00,10.086093483333334,20.086093483333332
2026-07-14T06:00:00+00:00,10.100973183333334,20.100973183333334
2026-07-14T06:10:00+00:00,10.08237635,20.08237635
2026-07-14T06:20:00+00:00,10.085759516666666,20.085759516666666
2026-07-14T06:30:00+00:00,10.096613833333333,20.096613833333333
2026-07-14T06:40:00+00:00,10.09028325,20.090283250000002
2026-07-14T06:50:00+00:00,10.08759365,20.08759365
2026-07-14T07:00:00+00:00,10.157017416666667,20.15701741666667
2026-07-14T07:10:00+00:00,10.088900066666667,20.088900066666667
2026-07-14T07:20:00+00:00,10.116817183333334,20.116817183333335
2026-07-14T07:30:00+00:00,10.079753916666666,20.079753916666668
2026-07-14T07:40:00+00:00,10.149992016666666,20.149992016666666
2026-07-14T07:50:00+00:00,10.112913166666667,20.112913166666665
2026-07-14T08:00:00+00:00,10.183144183333333,20.183144183333333
2026-07-14T08:10:00+00:00,10.093711183333333,20.093711183333333
2026-07-14T08:20:00+00:00,10.1206111,20.1206111
2026-07-14T08:30:00+00:00,10.07246615,20.07246615
2026-07-14T09:40:00+00:00,10.129243449999999,20.12924345
2026-07-14T10:00:00+00:00,10.1227457,20.1227457
2026-07-14T10:10:00+00:00,10.07936805,20.079368050000003
2026-07-14T10:30:00+00:00,10.091625466666667,20.091625466666667
2026-07-14T10:40:00+00:00,10.07561085,20.075610849999997
2026-07-14T10:50:00+00:00,10.084857099999999,20.0848571
2026-07-14T11:00:00+00:00,10.159394483333333,20.159394483333333
2026-07-14T11:10:00+00:00,10.150921899999998,20.1509219
2026-07-14T11:30:00+00:00,10.111099533333334,20.111099533333334
2026-07-14T11:40:00+00:00,10.101507883333333,20.101507883333333
2026-07-14T12:00:00+00:00,10.093305916666667,20.09330591666667
2026-07-14T12:10:00+00:00,10.079827666666667,20.079827666666667
2026-07-14T12:20:00+00:00,10.098169033333333,20.09816903333333
2026-07-14T12:30:00+00:00,10.097273666666666,20.09727366666667
2026-07-14T12:40:00+00:00,10.207240116666666,20.207240116666664
2026-07-14T13:00:00+00:00,10.093056983333334,20.093056983333334
2026-07-14T13:10:00+00:00,10.13156865,20.131568650000002
2026-07-14T13:20:00+00:00,10.189669216666665,20.18966921666667
2026-07-14T13:30:00+00:00,10.095428716666667,20.095428716666667
2026-07-14T13:40:00+00:00,10.177892100000001,20.1778921
2026-07-14T13:50:00+00:00,10.081698233333332,20.081698233333334
2026-07-14T14:00:00+00:00,10.149826249999998,20.14982625
2026-07-14T14:10:00+00:00,10.216087016666668,20.216087016666666
2026-07-14T14:20:00+00:00,10.204813433333333,20.204813433333335
2026-07-14T14:30:00+00:00,10.11258945,20.112589449999998
2026-07-14T14:40:00+00:00,10.201932483333334,20.201932483333334
2026-07-14T14:50:00+00:00,10.11943095,20.119430949999998
2026-07-14T15:00:00+00:00,10.152400483333334,20.152400483333334
2026-07-14T15:10:00+00:00,10.113746516666668,20.113746516666666
2026-07-14T15:20:00+00:00,10.114510133333333,20.114510133333333
2026-07-14T15:30:00+00:00,10.133419816666667,20.133419816666667
2026-07-14T15:40:00+00:00,10.292353533333333,20.292353533333333
2026-07-14T15:50:00+00:00,10.0766936,20.0766936
2026-07-14T16:00:00+00:00,10.148083000000002,20.148083
2026-07-14T16:10:00+00:00,10.13997865,20.13997865
2026-07-14T16:20:00+00:00,10.281740416666667,20.281740416666665
2026-07-14T16:30:00+00:00,10.1013831,20.1013831
2026-07-14T16:40:00+00:00,10.12244755,20.12244755
2026-07-14T16:50:00+00:00,10.199595566666666,20.19959556666667
2026-07-14T17:00:00+00:00,10.208665233333333,20.20866523333333
2026-07-14T17:10:00+00:00,10.139402933333335,20.139402933333333
2026-07-14T17:20:00+00:00,10.1563643,20.1563643
2026-07-14T17:30:00+00:00,10.103455866666668,20.103455866666664
2026-07-14T17:40:00+00:00,10.145451750000001,20.14545175
2026-07-14T17:50:00+00:00,10.151042716666666,20.151042716666666
2026-07-14T18:00:00+00:00,10.147585766666667,20.14758576666667
2026-07-14T18:10:00+00:00,10.0979289,20.0979289
2026-07-14T18:20:00+00:00,10.112692650000001,20.11269265
2026-07-14T18:30:00+00:00,10.086524766666667,20.086524766666667
2026-07-14T18:40:00+00:00,10.231821683333333,20.231821683333333
2026-07-14T18:50:00+00:00,10.091685966666667,20.091685966666667
2026-07-14T19:00:00+00:00,10.118722216666667,20.118722216666665
2026-07-14T19:10:00+00:00,10.13665045,20.136650449999998
2026-07-14T19:20:00+00:00,10.12376985,20.12376985
2026-07-14T19:30:00+00:00,10.127663266666667,20.127663266666666
2026-07-14T19:40:00+00:00,10.158565383333332,20.158565383333332
2026-07-14T19:50:00+00:00,10.119000716666667,20.11900071666667
2026-07-14T20:00:00+00:00,10.168892949999998,20.16889295
2026-07-14T20:10:00+00:00,10.0841327,20.0841327
2026-07-14T20:20:00+00:00,10.086013133333333,20.08601313333333
2026-07-14T20:30:00+00:00,10.083605233333333,20.083605233333333
2026-07-14T20:40:00+00:00,10.181452716666666,20.18145271666667
2026-07-14T20:50:00+00:00,10.071352866666667,20.071352866666665
2026-07-14T21:00:00+00:00,10.113651583333333,20.113651583333333
2026-07-14T21:10:00+00:00,11.065018283333334,21.065018283333334
2026-07-14T21:20:00+00:00,10.116768433333334,20.116768433333334
2026-07-14T21:30:00+00:00,10.070252916666668,20.070252916666668
2026-07-14T21:40:00+00:00,10.127005716666668,20.127005716666666
2026-07-14T21:50:00+00:00,10.067081066666667,20.067081066666667
2026-07-14T22:00:00+00:00,10.112449883333333,20.112449883333333
2026-07-14T22:10:00+00:00,10.086408733333334,20.086408733333332
2026-07-14T22:20:00+00:00,10.10801955,20.108019549999998
2026-07-14T22:30:00+00:00,10.078108049999999,20.07810805
2026-07-14T22:40:00+00:00,10.129037833333333,20.12903783333333
2026-07-14T22:50:00+00:00,10.09113975,20.09113975
2026-07-14T23:00:00+00:00,10.131589083333333,20.13158908333333
2026-07-14T23:10:00+00:00,10.084702433333332,20.084702433333334
2026-07-14T23:20:00+00:00,10.084203183333333,20.084203183333333
2026-07-14T23:30:00+00:00,10.100711233333334,20.100711233333335
2026-07-14T23:40:00+00:00,10.13034675,20.13034675
2026-07-14T23:50:00+00:00,10.07794725,20.07794725
2026-07-15T00:00:00+00:00,10.0887037,20.0887037
2026-07-15T00:10:00+00:00,10.086699900000001,20.0866999
2026-07-15T00:20:00+00:00,10.1180637,20.1180637
2026-07-15T00:30:00+00:00,10.089271216666667,20.089271216666667
2026-07-15T00:40:00+00:00,10.188346200000002,20.1883462
2026-07-15T00:50:00+00:00,11.085422933333332,21.085422933333334
2026-07-15T01:00:00+00:00,10.1058774,20.1058774
2026-07-15T01:10:00+00:00,10.121747966666668,20.121747966666664
2026-07-15T01:20:00+00:00,10.0832909,20.0832909
2026-07-15T01:30:00+00:00,10.073378283333334,20.073378283333334
2026-07-15T01:40:00+00:00,10.131628416666667,20.13162841666667
2026-07-15T01:50:00+00:00,10.065087033333333,20.065087033333334
2026-07-15T02:00:00+00:00,10.147964666666667,20.147964666666667
2026-07-15T02:10:00+00:00,11.06230695,21.06230695
2026-07-15T02:20:00+00:00,10.11008105,20.11008105
2026-07-15T02:30:00+00:00,10.097196433333332,20.097196433333334
2026-07-15T02:40:00+00:00,10.213053783333333,20.213053783333333
2026-07-15T02:50:00+00:00,10.084858533333334,20.084858533333332
2026-07-15T03:00:00+00:00,10.113147383333335,20.113147383333335
2026-07-15T03:10:00+00:00,10.08454515,20.08454515
2026-07-15T03:20:00+00:00,10.1296309,20.1296309
2026-07-15T03:30:00+00:00,10.076050633333333,20.076050633333335
2026-07-15T03:40:00+00:00,10.093688683333333,20.093688683333333
2026-07-15T03:50:00+00:00,11.074396566666667,21.074396566666667
2026-07-15T04:00:00+00:00,10.173985216666667,20.173985216666665
2026-07-15T04:10:00+00:00,10.08655245,20.08655245
2026-07-15T04:20:00+00:00,10.0851038,20.085103800000002
2026-07-15T04:30:00+00:00,10.118850250000001,20.118850249999998
2026-07-15T04:40:00+00:00,10.216442449999999,20.21644245
2026-07-15T04:50:00+00:00,10.071028283333334,20.07102828333333
2026-07-15T05:00:00+00:00,10.16354555,20.16354555
2026-07-15T05:10:00+00:00,10.122543083333333,20.122543083333333
2026-07-15T05:20:00+00:00,10.086842183333333,20.08684218333333
2026-07-15T05:30:00+00:00,10.117964583333332,20.117964583333332
2026-07-15T05:40:00+00:00,10.1753755,20.175375499999998
2026-07-15T05:50:00+00:00,10.123876233333334,20.12387623333333
2026-07-15T06:00:00+00:00,10.108639183333334,20.10863918333333
2026-07-15T06:10:00+00:00,10.100028150000002,20.10002815
2026-07-15T06:20:00+00:00,10.0971369,20.0971369
2026-07-15T06:30:00+00:00,10.072470883333333,20.072470883333335
2026-07-15T06:40:00+00:00,10.142955366666666,20.14295536666667
2026-07-15T06:50:00+00:00,10.080958533333334,20.080958533333334
2026-07-15T07:00:00+00:00,10.122363,20.122363
2026-07-15T07:10:00+00:00,10.0881541,20.0881541
2026-07-15T07:20:00+00:00,10.1295279,20.129527900000003
2026-07-15T07:30:00+00:00,10.098299800000001,20.0982998
2026-07-15T07:40:00+00:00,10.0785904,20.0785904
2026-07-15T07:50:00+00:00,10.075000966666666,20.075000966666668
2026-07-15T08:00:00+00:00,10.082764483333333,20.082764483333335
2026-07-15T08:10:00+00:00,10.079182283333333,20.079182283333335
2026-07-15T08:20:00+00:00,10.158226266666667,20.158226266666667
2026-07-15T08:30:00+00:00,10.106055683333333,20.106055683333334
2026-07-15T08:40:00+00:00,10.1481463,20.1481463
2026-07-15T08:50:00+00:00,10.112831266666666,20.112831266666667
2026-07-15T09:00:00+00:00,10.101736133333333,20.101736133333336
2026-07-15T09:10:00+00:00,10.107406116666668,20.107406116666667
2026-07-15T09:20:00+00:00,10.127237333333333,20.127237333333333
2026-07-15T09:30:00+00:00,10.100548583333333,20.10054858333333
2026-07-15T09:40:00+00:00,10.103914300000001,20.1039143
2026-07-15T09:50:00+00:00,10.10481805,20.10481805
2026-07-15T10:00:00+00:00,10.139354950000001,20.139354949999998
2026-07-15T10:10:00+00:00,10.087036283333333,20.087036283333337
2026-07-15T10:20:00+00:00,10.107705583333335,20.10770558333333
2026-07-15T10:30:00+00:00,10.087907783333332,20.087907783333332
2026-07-15T10:40:00+00:00,10.203415283333333,20.203415283333335
2026-07-15T10:50:00+00:00,10.094495233333333,20.094495233333337
2026-07-15T11:00:00+00:00,10.119000083333333,20.119000083333333
2026-07-15T11:10:00+00:00,10.081643283333333,20.081643283333335
2026-07-15T11:20:00+00:00,10.296771533333333,20.296771533333335
2026-07-15T11:30:00+00:00,10.1824815,20.182481499999998
2026-07-15T11:40:00+00:00,10.316061933333334,20.316061933333334
2026-07-15T11:50:00+00:00,10.092979983333333,20.092979983333333
2026-07-15T12:00:00+00:00,10.1603096,20.1603096
2026-07-15T12:10:00+00:00,10.141971133333334,20.141971133333335
2026-07-15T12:20:00+00:00,10.162861283333333,20.16286128333333
2026-07-15T12:30:00+00:00,10.085079216666665,20.085079216666667
2026-07-15T12:40:00+00:00,10.13206285,20.13206285
2026-07-15T12:50:00+00:00,10.088093716666666,20.088093716666666
2026-07-15T13:00:00+00:00,10.162940833333332,20.162940833333334
2026-07-15T13:10:00+00:00,10.1050702,20.1050702
2026-07-15T13:20:00+00:00,10.085459316666666,20.085459316666668
2026-07-15T13:30:00+00:00,10.158235600000001,20.1582356
2026-07-15T13:40:00+00:00,10.085634416666666,20.085634416666668
2026-07-15T13:50:00+00:00,10.100176900000001,20.1001769
2026-07-15T14:00:00+00:00,10.1200207,20.1200207
2026-07-15T14:10:00+00:00,10.1663623,20.1663623
2026-07-15T14:20:00+00:00,10.187234816666667,20.187234816666667
2026-07-15T14:30:00+00:00,10.186474133333332,20.186474133333334
2026-07-15T14:40:00+00:00,10.173773583333334,20.173773583333332
2026-07-15T14:50:00+00:00,10.237015516666666,20.237015516666666
2026-07-15T15:00:00+00:00,10.227466999999999,20.227467
2026-07-15T15:10:00+00:00,10.155577166666665,20.155577166666667
2026-07-15T15:20:00+00:00,10.113040699999999,20.1130407
2026-07-15T15:30:00+00:00,10.117148716666666,20.11714871666667
2026-07-15T15:40:00+00:00,10.326354883333332,20.326354883333334
2026-07-15T15:50:00+00:00,10.097922566666666,20.097922566666668
2026-07-15T16:00:00+00:00,10.1239736,20.1239736
2026-07-15T16:10:00+00:00,11.1424018,21.142401800000002
2026-07-15T16:20:00+00:00,10.114041966666667,20.114041966666665
2026-07-15T16:30:00+00:00,10.221711983333334,20.221711983333332
2026-07-15T16:40:00+00:00,10.247362916666667,20.247362916666667
2026-07-15T16:50:00+00:00,10.116542566666668,20.116542566666666
2026-07-15T17:00:00+00:00,10.133262283333332,20.133262283333334
2026-07-15T17:10:00+00:00,10.241766866666667,20.24176686666667
2026-07-15T17:20:00+00:00,10.235895300000001,20.2358953
2026-07-15T17:30:00+00:00,10.221774266666667,20.221774266666667
2026-07-15T17:40:00+00:00,10.204836033333333,20.204836033333333
2026-07-15T17:50:00+00:00,10.112106333333333,20.112106333333333
2026-07-15T18:00:00+00:00,10.128777066666666,20.128777066666665
2026-07-15T18:10:00+00:00,10.14661995,20.14661995
2026-07-15T18:20:00+00:00,10.229387050000001,20.22938705
2026-07-15T18:30:00+00:00,10.1042635,20.104263500000002
2026-07-15T18:40:00+00:00,10.192881400000001,20.192881399999997
2026-07-15T18:50:00+00:00,10.090438433333333,20.090438433333336
2026-07-15T19:00:00+00:00,10.244218916666666,20.244218916666668
2026-07-15T19:10:00+00:00,10.134365033333333,20.13436503333333
2026-07-15T19:20:00+00:00,10.127422566666667,20.127422566666667
2026-07-15T19:30:00+00:00,10.108955416666667,20.108955416666667
2026-07-15T19:40:00+00:00,10.178899066666666,20.178899066666666
2026-07-15T19:50:00+00:00,10.211400383333334,20.211400383333334
2026-07-15T20:00:00+00:00,10.1252014,20.125201399999998
2026-07-15T20:10:00+00:00,10.1506134,20.1506134
2026-07-15T20:20:00+00:00,10.1150159,20.1150159
2026-07-15T20:30:00+00:00,10.095840716666666,20.095840716666665
2026-07-15T20:40:00+00:00,10.113527283333333,20.113527283333333
2026-07-15T20:50:00+00:00,10.099917233333334,20.099917233333333
2026-07-15T21:00:00+00:00,11.102840616666667,21.102840616666665
2026-07-15T21:10:00+00:00,10.1560553,20.1560553
2026-07-15T21:20:00+00:00,10.27885805,20.27885805
2026-07-15T21:30:00+00:00,10.160406233333333,20.160406233333333
2026-07-15T21:40:00+00:00,10.222428233333334,20.222428233333336
2026-07-15T21:50:00+00:00,10.114870183333332,20.114870183333334
2026-07-15T22:00:00+00:00,10.196830416666668,20.196830416666668
2026-07-15T22:10:00+00:00,10.092508083333334,20.092508083333332
2026-07-15T22:20:00+00:00,10.107195633333333,20.107195633333333
2026-07-15T22:30:00+00:00,10.0660045,20.066004500000002
2026-07-15T22:40:00+00:00,10.125817016666668,20.125817016666666
2026-07-15T22:50:00+00:00,10.124097033333333,20.12409703333333
2026-07-15T23:00:00+00:00,10.1079428,20.1079428
2026-07-15T23:10:00+00:00,10.086589199999999,20.0865892
2026-07-15T23:20:00+00:00,10.095445816666667,20.095445816666665
2026-07-15T23:30:00+00:00,10.129392300000001,20.1293923
2026-07-15T23:40:00+00:00,10.222557666666667,20.222557666666667
2026-07-15T23:50:00+00:00,10.10864125,20.10864125
2026-07-16T00:00:00+00:00,10.090546066666667,20.090546066666665
2026-07-16T00:10:00+00:00,10.08607255,20.086072549999997
2026-07-16T00:20:00+00:00,10.143145933333333,20.143145933333336
2026-07-16T00:30:00+00:00,10.080755900000002,20.0807559
2026-07-16T00:40:00+00:00,10.231517716666668,20.231517716666666
2026-07-16T00:50:00+00:00,10.104222216666667,20.104222216666667
2026-07-16T01:00:00+00:00,10.104775866666667,20.104775866666667
2026-07-16T01:10:00+00:00,10.078440766666667,20.078440766666667
2026-07-16T01:20:00+00:00,10.117563716666666,20.117563716666666
2026-07-16T01:30:00+00:00,10.09260855,20.09260855
2026-07-16T01:40:00+00:00,10.135294333333333,20.13529433333333
2026-07-16T01:50:00+00:00,10.109712283333332,20.109712283333334
2026-07-16T02:00:00+00:00,10.123829783333333,20.123829783333335
2026-07-16T02:10:00+00:00,10.073786166666668,20.073786166666665
2026-07-16T02:20:00+00:00,10.106854349999999,20.10685435
2026-07-16T02:30:00+00:00,10.07241705,20.072417050000002
2026-07-16T02:40:00+00:00,10.208534366666667,20.208534366666665
2026-07-16T02:50:00+00:00,10.072983566666666,20.072983566666668
2026-07-16T03:00:00+00:00,10.0936214,20.0936214
2026-07-16T03:10:00+00:00,10.101579916666667,20.101579916666665
2026-07-16T03:20:00+00:00,10.125987883333332,20.125987883333334
2026-07-16T03:30:00+00:00,10.068446383333333,20.06844638333333
2026-07-16T03:40:00+00:00,10.202370533333333,20.202370533333333
2026-07-16T03:50:00+00:00,10.07073545,20.070735449999997
2026-07-16T04:00:00+00:00,10.075637216666667,20.075637216666667
2026-07-16T04:10:00+00:00,10.086191016666668,20.086191016666664
2026-07-16T04:20:00+00:00,10.0881433,20.088143300000002
2026-07-16T04:30:00+00:00,10.079914466666667,20.079914466666665
2026-07-16T04:40:00+00:00,10.1332865,20.1332865
2026-07-16T04:50:00+00:00,10.1172315,20.1172315
2026-07-16T05:00:00+00:00,10.084577249999999,20.08457725
2026-07-16T05:10:00+00:00,10.071185833333335,20.071185833333335
2026-07-16T05:20:00+00:00,10.12953525,20.12953525
2026-07-16T05:30:00+00:00,10.083134116666667,20.083134116666667
2026-07-16T05:40:00+00:00,10.165518116666668,20.165518116666664
2026-07-16T05:50:00+00:00,10.1417484,20.141748399999997
2026-07-16T06:00:00+00:00,10.193615233333333,20.193615233333333
2026-07-16T06:10:00+00:00,10.0908791,20.0908791
2026-07-16T06:20:00+00:00,11.090794883333333,21.090794883333334
2026-07-16T06:30:00+00:00,10.0886092,20.0886092
2026-07-16T06:40:00+00:00,10.105348616666667,20.105348616666667
2026-07-16T06:50:00+00:00,10.075077,20.075077
2026-07-16T07:00:00+00:00,10.114310633333334,20.114310633333332
2026-07-16T07:10:00+00:00,10.076454033333333,20.076454033333334
2026-07-16T07:20:00+00:00,10.244267266666666,20.244267266666668
2026-07-16T07:30:00+00:00,10.103200533333334,20.103200533333332
2026-07-16T07:40:00+00:00,10.162850166666667,20.162850166666665
2026-07-16T07:50:00+00:00,10.161018416666668,20.161018416666664
2026-07-16T08:00:00+00:00,10.14957285,20.149572850000002
2026-07-16T08:10:00+00:00,10.094706016666667,20.094706016666667
2026-07-16T08:20:00+00:00,10.133097333333334,20.133097333333335
2026-07-16T08:30:00+00:00,10.216841366666667,20.216841366666664
2026-07-16T08:40:00+00:00,10.082736299999999,20.0827363
2026-07-16T08:50:00+00:00,10.102067266666667,20.102067266666666
2026-07-16T09:00:00+00:00,10.117273516666668,20.117273516666668
2026-07-16T09:10:00+00:00,10.101514850000001,20.10151485
2026-07-16T09:20:00+00:00,10.144362816666668,20.144362816666668
2026-07-16T09:30:00+00:00,10.080372716666666,20.080372716666666
2026-07-16T09:40:00+00:00,10.21831685,20.21831685
2026-07-16T09:50:00+00:00,10.083639566666667,20.083639566666665
2026-07-16T10:00:00+00:00,10.13001555,20.13001555
2026-07-16T10:10:00+00:00,10.121242966666667,20.121242966666667
2026-07-16T10:20:00+00:00,10.140964983333333,20.140964983333333
2026-07-16T10:30:00+00:00,10.086111566666666,20.086111566666666
2026-07-16T10:40:00+00:00,11.105937,21.105936999999997
2026-07-16T10:50:00+00:00,10.0744603,20.0744603
2026-07-16T11:00:00+00:00,10.121800133333332,20.121800133333334
2026-07-16T11:10:00+00:00,11.178394116666668,21.178394116666666
2026-07-16T11:20:00+00:00,10.201519716666667,20.201519716666667
2026-07-16T11:30:00+00:00,10.1053496,20.1053496
2026-07-16T11:40:00+00:00,10.108853366666667,20.108853366666665
2026-07-16T11:50:00+00:00,10.075726083333333,20.075726083333333
2026-07-16T12:00:00+00:00,10.172839100000001,20.172839099999997
2026-07-16T12:10:00+00:00,10.10848095,20.10848095
2026-07-16T12:20:00+00:00,10.130440499999999,20.130440500000002
2026-07-16T12:30:00+00:00,10.106983183333334,20.106983183333334
2026-07-16T12:40:00+00:00,10.174728783333334,20.174728783333332
2026-07-16T12:50:00+00:00,10.225660416666667,20.225660416666663
2026-07-16T13:00:00+00:00,10.146872400000001,20.1468724
2026-07-16T13:10:00+00:00,10.07936375,20.079363750000002
2026-07-16T13:20:00+00:00,10.135192183333334,20.135192183333334
2026-07-16T13:30:00+00:00,10.264976433333334,20.264976433333334
2026-07-16T13:40:00+00:00,10.224249133333332,20.224249133333334
2026-07-16T13:50:00+00:00,10.1203543,20.1203543
2026-07-16T14:00:00+00:00,10.200691316666667,20.200691316666667
2026-07-16T14:10:00+00:00,11.139110133333332,21.139110133333336
2026-07-16T14:20:00+00:00,10.185526466666666,20.185526466666666
2026-07-16T14:30:00+00:00,10.106343500000001,20.106343499999998
2026-07-16T14:40:00+00:00,10.273006500000001,20.2730065
2026-07-16T14:50:00+00:00,10.543793516666666,20.543793516666664
2026-07-16T15:00:00+00:00,10.139906866666667,20.139906866666667
2026-07-16T15:10:00+00:00,10.111705616666667,20.111705616666665
2026-07-16T15:20:00+00:00,10.147162716666665,20.147162716666667
2026-07-16T15:30:00+00:00,10.1058253,20.1058253
2026-07-16T15:40:00+00:00,10.19858595,20.19858595
2026-07-16T15:50:00+00:00,10.09583695,20.09583695
2026-07-16T16:00:00+00:00,11.170733966666667,21.170733966666667
2026-07-16T16:10:00+00:00,10.179703366666667,20.17970336666667
2026-07-16T16:20:00+00:00,10.117640999999999,20.117641
2026-07-16T16:30:00+00:00,10.131178333333335,20.13117833333333
2026-07-16T16:40:00+00:00,10.212673583333332,20.212673583333334
2026-07-16T16:50:00+00:00,10.115552566666667,20.11555256666667
2026-07-16T17:00:00+00:00,10.14107265,20.14107265
2026-07-16T17:10:00+00:00,10.097381366666667,20.097381366666664
2026-07-16T17:20:00+00:00,10.224164483333334,20.224164483333332
2026-07-16T17:30:00+00:00,10.083045383333333,20.083045383333335
2026-07-16T17:40:00+00:00,10.160140816666665,20.16014081666667
2026-07-16T17:50:00+00:00,10.105845933333335,20.105845933333335
2026-07-16T18:00:00+00:00,10.179519316666667,20.179519316666664
2026-07-16T18:10:00+00:00,10.118755033333334,20.118755033333333
2026-07-16T18:20:00+00:00,10.12135275,20.121352750000003
2026-07-16T18:30:00+00:00,10.081516216666667,20.081516216666667
2026-07-16T18:40:00+00:00,10.241968683333333,20.241968683333333
2026-07-16T18:50:00+00:00,10.190591333333334,20.190591333333334
2026-07-16T19:00:00+00:00,10.1532386,20.1532386
2026-07-16T19:10:00+00:00,10.076981083333333,20.076981083333333
2026-07-16T19:20:00+00:00,10.165070250000001,20.16507025
2026-07-16T19:30:00+00:00,10.126126383333334,20.126126383333332
2026-07-16T19:40:00+00:00,10.142940833333334,20.142940833333334
2026-07-16T19:50:00+00:00,10.130307833333335,20.130307833333333
2026-07-16T20:00:00+00:00,11.092307866666665,21.092307866666665
2026-07-16T20:10:00+00:00,11.076156383333334,21.076156383333334
2026-07-16T20:20:00+00:00,10.1190676,20.1190676
2026-07-16T20:30:00+00:00,10.158153816666667,20.158153816666665
2026-07-16T20:40:00+00:00,10.0759156,20.0759156
2026-07-16T20:50:00+00:00,10.158748366666666,20.158748366666668
2026-07-16T21:00:00+00:00,10.122964933333332,20.122964933333332
2026-07-16T21:10:00+00:00,10.168793099999998,20.168793100000002
2026-07-16T21:20:00+00:00,10.154094133333333,20.154094133333334
2026-07-16T21:30:00+00:00,10.0712494,20.0712494
2026-07-16T21:40:00+00:00,10.212814416666667,20.212814416666667
2026-07-16T21:50:00+00:00,10.073422166666667,20.073422166666667
2026-07-16T22:00:00+00:00,10.254654766666667,20.254654766666665
2026-07-16T22:10:00+00:00,10.086001983333334,20.086001983333333
2026-07-16T22:20:00+00:00,10.106475499999998,20.1064755
2026-07-16T22:30:00+00:00,10.083211883333332,20.083211883333334
2026-07-16T22:40:00+00:00,10.172459516666667,20.172459516666667
2026-07-16T22:50:00+00:00,10.110033383333333,20.110033383333334
2026-07-16T23:00:00+00:00,11.108073266666667,21.10807326666667
2026-07-16T23:10:00+00:00,10.175047516666666,20.175047516666666
2026-07-16T23:20:00+00:00,10.107439283333333,20.107439283333335
2026-07-16T23:30:00+00:00,10.089970450000001,20.08997045
2026-07-16T23:40:00+00:00,10.187666466666666,20.187666466666666
2026-07-16T23:50:00+00:00,10.087513383333334,20.08751338333333
2026-07-17T00:00:00+00:00,10.112264516666666,20.112264516666666
2026-07-17T00:10:00+00:00,10.085839816666667,20.085839816666667
2026-07-17T00:20:00+00:00,10.136426616666666,20.136426616666665
2026-07-17T00:30:00+00:00,10.101868616666668,20.101868616666664
2026-07-17T00:40:00+00:00,10.230976533333335,20.230976533333333
2026-07-17T00:50:00+00:00,10.081626066666667,20.08162606666667
2026-07-17T01:00:00+00:00,10.089560533333334,20.089560533333334
2026-07-17T01:10:00+00:00,10.071137116666668,20.071137116666666
2026-07-17T01:20:00+00:00,10.171367516666667,20.171367516666667
2026-07-17T01:30:00+00:00,10.078476516666665,20.07847651666667
2026-07-17T01:40:00+00:00,10.158373516666668,20.158373516666664
2026-07-17T01:50:00+00:00,11.074333566666667,21.074333566666667
2026-07-17T02:00:00+00:00,10.1201552,20.1201552
2026-07-17T02:10:00+00:00,10.080676583333334,20.080676583333332
2026-07-17T02:20:00+00:00,10.096021266666666,20.096021266666664
2026-07-17T02:30:00+00:00,10.0826156,20.0826156
2026-07-17T02:40:00+00:00,10.127050783333335,20.127050783333335
2026-07-17T02:50:00+00:00,10.112851833333334,20.11285183333333
2026-07-17T03:00:00+00:00,10.094441766666668,20.094441766666666
2026-07-17T03:10:00+00:00,10.079520333333333,20.079520333333335
2026-07-17T03:20:00+00:00,10.122106566666668,20.122106566666666
2026-07-17T03:30:00+00:00,10.088553816666666,20.088553816666668
2026-07-17T03:40:00+00:00,10.258967033333333,20.25896703333333
2026-07-17T03:50:00+00:00,10.092721183333333,20.09272118333333
2026-07-17T04:00:00+00:00,10.1295914,20.1295914
2026-07-17T04:10:00+00:00,10.1061262,20.106126200000002
2026-07-17T04:20:00+00:00,10.1382056,20.1382056
2026-07-17T04:30:00+00:00,10.111500633333332,20.111500633333332
2026-07-17T04:40:00+00:00,10.1677848,20.1677848
2026-07-17T04:50:00+00:00,10.090541466666668,20.090541466666664
2026-07-17T05:00:00+00:00,10.1233264,20.1233264
2026-07-17T05:10:00+00:00,10.070689633333334,20.070689633333334
2026-07-17T05:20:00+00:00,10.113887516666667,20.11388751666667
2026-07-17T05:30:00+00:00,10.0993814,20.099381400000002
2026-07-17T05:40:00+00:00,10.228299633333334,20.228299633333332
2026-07-17T05:50:00+00:00,10.087621899999998,20.0876219
2026-07-17T06:00:00+00:00,10.1269325,20.126932500000002
2026-07-17T06:10:00+00:00,10.1010698,20.1010698
2026-07-17T06:20:00+00:00,10.108169266666666,20.108169266666668
2026-07-17T06:30:00+00:00,10.079214816666667,20.079214816666667
2026-07-17T06:40:00+00:00,10.130951900000001,20.1309519
2026-07-17T06:50:00+00:00,10.157057766666666,20.157057766666664
2026-07-17T07:00:00+00:00,10.19687385,20.19687385
2026-07-17T07:10:00+00:00,10.09717815,20.097178149999998
2026-07-17T07:20:00+00:00,10.090027216666666,20.090027216666666
2026-07-17T07:30:00+00:00,10.117165349999999,20.11716535
2026-07-17T07:40:00+00:00,10.231954066666667,20.231954066666667
2026-07-17T07:50:00+00:00,10.1094737,20.109473700000002
2026-07-17T08:00:00+00:00,10.161201183333333,20.161201183333333
2026-07-17T08:10:00+00:00,10.145651533333334,20.145651533333332
2026-07-17T08:20:00+00:00,10.135021183333333,20.135021183333333
2026-07-17T08:30:00+00:00,10.127640266666667,20.127640266666667
2026-07-17T08:40:00+00:00,10.221118683333334,20.221118683333334
2026-07-17T08:50:00+00:00,10.18908405,20.18908405
2026-07-17T09:00:00+00:00,10.148109383333333,20.148109383333335
2026-07-17T09:10:00+00:00,10.289323066666666,20.289323066666668
2026-07-17T09:20:00+00:00,10.172082233333333,20.172082233333335
2026-07-17T09:30:00+00:00,10.185516849999999,20.18551685
2026-07-17T09:40:00+00:00,10.320452966666666,20.320452966666668
2026-07-17T09:50:00+00:00,10.190838216666666,20.19083821666667
2026-07-17T10:00:00+00:00,10.238877116666666,20.238877116666668
2026-07-17T10:10:00+00:00,10.18649365,20.18649365
2026-07-17T10:30:00+00:00,10.1265703,20.1265703
2026-07-17T10:40:00+00:00,10.211881633333332,20.211881633333334
2026-07-17T10:50:00+00:00,10.1646102,20.164610200000002
2026-07-17T11:10:00+00:00,10.14973655,20.14973655
2026-07-17T11:20:00+00:00,10.125953416666666,20.12595341666667
2026-07-17T11:30:00+00:00,10.141564366666667,20.141564366666667
2026-07-17T11:40:00+00:00,10.284921566666666,20.284921566666664
2026-07-17T11:50:00+00:00,10.19177075,20.19177075
2026-07-17T12:00:00+00:00,10.343308366666667,20.34330836666667
2026-07-17T12:10:00+00:00,10.139886833333332,20.139886833333332
2026-07-17T12:20:00+00:00,10.230971433333334,20.23097143333333
2026-07-17T12:30:00+00:00,10.150171966666667,20.15017196666667
2026-07-17T12:40:00+00:00,10.350050533333333,20.350050533333334
2026-07-17T12:50:00+00:00,10.222346883333334,20.222346883333334
2026-07-17T13:00:00+00:00,10.213121533333332,20.213121533333332
2026-07-17T13:10:00+00:00,10.2214032,20.2214032
2026-07-17T13:20:00+00:00,10.260730333333333,20.260730333333335
2026-07-17T13:30:00+00:00,10.107571783333333,20.107571783333334
2026-07-17T13:40:00+00:00,10.298272583333333,20.298272583333336
2026-07-17T13:50:00+00:00,10.14007705,20.14007705
2026-07-17T14:00:00+00:00,10.14903775,20.149037749999998
2026-07-17T14:10:00+00:00,10.108600683333332,20.108600683333336
2026-07-17T14:20:00+00:00,10.1824414,20.182441400000002
2026-07-17T14:30:00+00:00,10.216099733333333,20.216099733333333
2026-07-17T14:40:00+00:00,10.37376105,20.37376105
2026-07-17T14:50:00+00:00,10.228744416666666,20.228744416666665
2026-07-17T15:00:00+00:00,10.142574833333333,20.142574833333335
2026-07-17T15:10:00+00:00,10.121632633333332,20.121632633333334
2026-07-17T15:20:00+00:00,10.159749016666666,20.15974901666667
2026-07-17T15:30:00+00:00,10.12787455,20.12787455
2026-07-17T15:40:00+00:00,10.32577715,20.32577715
2026-07-17T15:50:00+00:00,10.090976866666667,20.090976866666665
2026-07-17T16:00:00+00:00,10.219518950000001,20.21951895
2026-07-17T16:10:00+00:00,10.163463383333333,20.163463383333333
2026-07-17T16:20:00+00:00,10.16259595,20.16259595
2026-07-17T16:30:00+00:00,10.082262283333334,20.082262283333332
2026-07-17T16:40:00+00:00,10.206388366666665,20.206388366666665
2026-07-17T16:50:00+00:00,10.147753316666666,20.14775331666667
2026-07-17T17:00:00+00:00,10.140702933333333,20.140702933333333
2026-07-17T17:10:00+00:00,10.130823916666666,20.130823916666667
2026-07-17T17:20:00+00:00,10.23627005,20.236270049999998
2026-07-17T17:30:00+00:00,10.38043915,20.380439149999997
2026-07-17T17:40:00+00:00,10.2762276,20.276227600000002
2026-07-17T17:50:00+00:00,10.3692251,20.3692251
2026-07-17T18:00:00+00:00,10.178367666666666,20.178367666666666
2026-07-17T18:10:00+00:00,10.15856485,20.15856485
2026-07-17T18:20:00+00:00,10.205537233333333,20.205537233333335
2026-07-17T18:30:00+00:00,10.103170916666667,20.103170916666667
2026-07-17T18:40:00+00:00,10.359602433333333,20.359602433333336
2026-07-17T18:50:00+00:00,10.1499076,20.1499076
2026-07-17T19:00:00+00:00,10.710179066666665,20.71017906666667
2026-07-17T19:10:00+00:00,10.116537450000001,20.11653745
2026-07-17T19:20:00+00:00,10.156133183333333,20.156133183333335
2026-07-17T19:30:00+00:00,10.1227952,20.1227952
2026-07-17T19:40:00+00:00,10.297675066666667,20.297675066666667
2026-07-17T19:50:00+00:00,10.144502683333334,20.144502683333332
2026-07-17T20:00:00+00:00,10.101214466666667,20.101214466666665
2026-07-17T20:10:00+00:00,10.201093116666668,20.201093116666666
2026-07-17T20:20:00+00:00,10.155110883333332,20.155110883333336
2026-07-17T20:30:00+00:00,10.134937650000001,20.134937649999998
2026-07-17T20:40:00+00:00,10.23349595,20.233495950000002
2026-07-17T20:50:00+00:00,10.1017563,20.101756299999998
2026-07-17T21:00:00+00:00,10.17369725,20.17369725
2026-07-17T21:10:00+00:00,10.135375100000001,20.135375099999997
2026-07-17T21:20:00+00:00,10.149667849999998,20.14966785
2026-07-17T21:30:00+00:00,10.140460749999999,20.14046075
2026-07-17T21:40:00+00:00,10.186818350000001,20.18681835
2026-07-17T21:50:00+00:00,10.106697466666667,20.106697466666667
2026-07-17T22:00:00+00:00,10.228821100000001,20.2288211
2026-07-17T22:10:00+00:00,10.315001366666667,20.315001366666667
2026-07-17T22:20:00+00:00,10.174687366666666,20.174687366666667
2026-07-17T22:30:00+00:00,10.128955283333333,20.128955283333333
2026-07-17T22:40:00+00:00,10.2805581,20.2805581
2026-07-17T22:50:00+00:00,10.137890133333334,20.137890133333332
2026-07-17T23:00:00+00:00,10.109488483333333,20.109488483333333
2026-07-17T23:10:00+00:00,10.07447305,20.074473049999998
2026-07-17T23:20:00+00:00,10.189414583333333,20.189414583333335
2026-07-17T23:30:00+00:00,10.241860583333333,20.241860583333334
2026-07-17T23:40:00+00:00,10.1280406,20.128040600000002
2026-07-17T23:50:00+00:00,10.076167083333333,20.076167083333335
2026-07-18T00:00:00+00:00,10.1297647,20.1297647
2026-07-18T00:10:00+00:00,10.065148083333334,20.065148083333334
2026-07-18T00:20:00+00:00,10.120487200000001,20.1204872
2026-07-18T00:30:00+00:00,10.099102633333333,20.099102633333334
2026-07-18T00:40:00+00:00,10.25205115,20.25205115
2026-07-18T00:50:00+00:00,10.116558383333334,20.11655838333333
2026-07-18T01:00:00+00:00,10.121605516666667,20.121605516666666
2026-07-18T01:10:00+00:00,10.07080725,20.070807249999998
2026-07-18T01:20:00+00:00,10.143945883333334,20.143945883333334
2026-07-18T01:30:00+00:00,10.089757533333334,20.089757533333334
2026-07-18T01:40:00+00:00,10.248559066666667,20.248559066666665
2026-07-18T01:50:00+00:00,10.087963116666666,20.087963116666668
2026-07-18T02:00:00+00:00,10.117082466666666,20.117082466666666
2026-07-18T02:10:00+00:00,10.075393,20.075393000000002
2026-07-18T02:20:00+00:00,10.087728866666668,20.087728866666666
2026-07-18T02:30:00+00:00,10.085145183333333,20.085145183333335
2026-07-18T02:40:00+00:00,11.076791133333334,21.076791133333334
2026-07-18T02:50:00+00:00,10.094357683333333,20.09435768333333
2026-07-18T03:00:00+00:00,10.131832900000001,20.1318329
2026-07-18T03:10:00+00:00,10.072218433333335,20.072218433333333
2026-07-18T03:20:00+00:00,10.098459933333334,20.098459933333334
2026-07-18T03:30:00+00:00,10.109276616666667,20.109276616666666
2026-07-18T03:40:00+00:00,10.19091975,20.19091975
2026-07-18T03:50:00+00:00,10.075344316666667,20.075344316666666
2026-07-18T04:00:00+00:00,10.117494850000002,20.11749485
2026-07-18T04:10:00+00:00,10.072675066666667,20.072675066666665
2026-07-18T04:20:00+00:00,10.15199665,20.15199665
2026-07-18T04:30:00+00:00,10.096373133333334,20.096373133333334
2026-07-18T04:40:00+00:00,10.267968999999999,20.267969
2026-07-18T04:50:00+00:00,10.093802883333332,20.093802883333336
2026-07-18T05:00:00+00:00,10.1017002,20.1017002
2026-07-18T05:10:00+00:00,10.125528666666666,20.125528666666664
2026-07-18T05:20:00+00:00,10.0937281,20.0937281
2026-07-18T05:30:00+00:00,10.0670062,20.067006199999998
2026-07-18T05:40:00+00:00,10.25797885,20.257978849999997
2026-07-18T05:50:00+00:00,10.09999985,20.09999985
2026-07-18T06:00:00+00:00,10.216868416666667,20.216868416666667
2026-07-18T06:10:00+00:00,10.075453633333332,20.075453633333332
2026-07-18T06:20:00+00:00,10.11703295,20.117032950000002
2026-07-18T06:30:00+00:00,10.072423283333334,20.072423283333332
2026-07-18T06:40:00+00:00,10.197440316666667,20.197440316666665
2026-07-18T06:50:00+00:00,10.071344816666668,20.071344816666667
2026-07-18T07:00:00+00:00,10.1491746,20.1491746
2026-07-18T07:10:00+00:00,10.086593783333333,20.086593783333335
2026-07-18T07:20:00+00:00,10.084469716666666,20.084469716666668
2026-07-18T07:30:00+00:00,10.075795583333333,20.075795583333335
2026-07-18T07:40:00+00:00,10.236177983333333,20.236177983333334
2026-07-18T07:50:00+00:00,10.074161783333333,20.074161783333334
2026-07-18T08:00:00+00:00,10.155482466666665,20.15548246666667
2026-07-18T08:10:00+00:00,10.085022833333333,20.085022833333333
2026-07-18T08:20:00+00:00,11.107320533333333,21.107320533333333
2026-07-18T08:30:00+00:00,10.139083083333333,20.139083083333333
2026-07-18T08:40:00+00:00,10.141841616666666,20.141841616666667
2026-07-18T08:50:00+00:00,10.089774966666665,20.089774966666667
2026-07-18T09:00:00+00:00,10.121602516666666,20.121602516666666
2026-07-18T09:10:00+00:00,10.071717150000001,20.071717149999998
2026-07-18T09:20:00+00:00,10.185785333333333,20.185785333333335
2026-07-18T09:30:00+00:00,10.130950566666666,20.13095056666667
2026-07-18T09:40:00+00:00,10.17257765,20.17257765
2026-07-18T09:50:00+00:00,10.1727534,20.172753399999998
2026-07-18T10:00:00+00:00,10.21521075,20.21521075
2026-07-18T10:10:00+00:00,10.143120633333332,20.143120633333336
2026-07-18T10:20:00+00:00,10.186022016666668,20.186022016666666
2026-07-18T10:30:00+00:00,10.101414166666666,20.101414166666665
2026-07-18T10:40:00+00:00,10.214178083333334,20.214178083333334
2026-07-18T10:50:00+00:00,10.219630483333333,20.219630483333333
2026-07-18T11:00:00+00:00,10.085972416666667,20.085972416666667
2026-07-18T11:10:00+00:00,10.076590033333334,20.076590033333332
2026-07-18T11:20:00+00:00,10.128828366666665,20.128828366666667
2026-07-18T11:30:00+00:00,10.092268783333333,20.092268783333335
2026-07-18T11:40:00+00:00,10.094367933333332,20.094367933333334
2026-07-18T11:50:00+00:00,10.154362749999999,20.15436275
2026-07-18T12:00:00+00:00,10.133476033333332,20.133476033333334
2026-07-18T12:10:00+00:00,10.120286166666666,20.120286166666666
2026-07-18T12:20:00+00:00,10.102837416666667,20.102837416666667
2026-07-18T12:30:00+00:00,10.09563965,20.09563965
2026-07-18T12:40:00+00:00,10.239115033333333,20.239115033333334
2026-07-18T12:50:00+00:00,10.073623866666667,20.073623866666665
2026-07-18T13:00:00+00:00,10.158193133333333,20.158193133333334
2026-07-18T13:10:00+00:00,10.063943966666667,20.063943966666667
2026-07-18T13:20:00+00:00,10.083636899999998,20.0836369
2026-07-18T13:30:00+00:00,10.075023383333333,20.075023383333335
2026-07-18T13:40:00+00:00,10.176663249999999,20.17666325
2026-07-18T13:50:00+00:00,10.09727185,20.097271850000002
2026-07-18T14:00:00+00:00,10.152419,20.152419000000002
2026-07-18T14:10:00+00:00,10.08616905,20.086169050000002
2026-07-18T14:20:00+00:00,10.090295916666667,20.090295916666665
2026-07-18T14:30:00+00:00,10.079462916666667,20.079462916666667
2026-07-18T14:40:00+00:00,10.085701833333333,20.085701833333335
2026-07-18T14:50:00+00:00,10.097009716666667,20.097009716666665
2026-07-18T15:00:00+00:00,10.158683716666667,20.158683716666665
2026-07-18T15:10:00+00:00,10.0878969,20.087896899999997
2026-07-18T15:20:00+00:00,10.103972533333332,20.103972533333334
2026-07-18T15:30:00+00:00,10.078197866666667,20.078197866666667
2026-07-18T15:40:00+00:00,10.096489433333334,20.096489433333332
2026-07-18T15:50:00+00:00,10.068292783333334,20.068292783333334
2026-07-18T16:00:00+00:00,10.113715500000001,20.1137155
2026-07-18T16:10:00+00:00,10.075399133333333,20.075399133333335
2026-07-18T16:20:00+00:00,10.094021133333333,20.094021133333335
2026-07-18T16:30:00+00:00,10.087097916666666,20.087097916666668
2026-07-18T16:40:00+00:00,10.118659333333333,20.118659333333333
2026-07-18T16:50:00+00:00,10.09214545,20.092145449999997
2026-07-18T17:00:00+00:00,10.104835916666667,20.104835916666666
2026-07-18T17:10:00+00:00,10.081498916666668,20.081498916666664
2026-07-18T17:20:00+00:00,10.110225016666668,20.110225016666668
2026-07-18T17:30:00+00:00,10.090558683333334,20.09055868333333
2026-07-18T17:40:00+00:00,10.198859233333334,20.198859233333334
2026-07-18T17:50:00+00:00,10.083004216666666,20.083004216666666
2026-07-18T18:00:00+00:00,10.087778216666667,20.087778216666667
2026-07-18T18:10:00+00:00,10.085535499999999,20.0855355
2026-07-18T18:30:00+00:00,10.075722533333334,20.07572253333333
2026-07-18T18:40:00+00:00,10.142811816666667,20.142811816666665
2026-07-18T18:50:00+00:00,10.081670983333334,20.081670983333332
2026-07-18T19:00:00+00:00,10.1036546,20.103654600000002
2026-07-18T19:30:00+00:00,10.237126866666667,20.237126866666664
2026-07-18T19:40:00+00:00,10.0691434,20.069143399999998
2026-07-18T19:50:00+00:00,10.1154195,20.115419499999998
2026-07-18T20:00:00+00:00,10.079253466666668,20.079253466666668
2026-07-18T20:10:00+00:00,10.079049,20.079049
2026-07-18T20:20:00+00:00,10.1233749,20.123374899999998
2026-07-18T20:30:00+00:00,10.115196283333335,20.115196283333333
2026-07-18T20:40:00+00:00,10.088622983333332,20.088622983333334
2026-07-18T20:50:00+00:00,10.121990966666667,20.121990966666665
2026-07-18T21:00:00+00:00,10.091672516666668,20.091672516666666
2026-07-18T21:10:00+00:00,10.104370766666667,20.104370766666666
2026-07-18T21:20:00+00:00,10.087429383333333,20.087429383333333
2026-07-18T21:30:00+00:00,10.126913816666667,20.12691381666667
2026-07-18T21:40:00+00:00,10.071420416666665,20.07142041666667
2026-07-18T21:50:00+00:00,10.108678266666667,20.10867826666667
2026-07-18T22:00:00+00:00,10.084458066666667,20.084458066666667
2026-07-18T22:10:00+00:00,10.087773233333333,20.087773233333333
2026-07-18T22:20:00+00:00,10.134573566666667,20.134573566666667
2026-07-18T22:30:00+00:00,10.117959466666667,20.117959466666665
2026-07-18T22:40:00+00:00,10.065132116666666,20.065132116666668
2026-07-18T22:50:00+00:00,10.087516099999998,20.087516100000002
2026-07-18T23:00:00+00:00,10.0643953,20.0643953
2026-07-18T23:10:00+00:00,10.114691816666667,20.114691816666667
2026-07-18T23:20:00+00:00,10.096809033333333,20.096809033333333
2026-07-18T23:30:00+00:00,10.151490916666667,20.151490916666667
2026-07-18T23:40:00+00:00,10.197973266666667,20.19797326666667
2026-07-18T23:50:00+00:00,10.151113533333334,20.151113533333334
2026-07-19T00:00:00+00:00,10.124002333333333,20.124002333333333
2026-07-19T00:10:00+00:00,10.254880066666667,20.254880066666665
2026-07-19T00:20:00+00:00,10.073968266666666,20.073968266666668
2026-07-19T00:30:00+00:00,10.1317246,20.1317246
2026-07-19T00:40:00+00:00,10.095622216666667,20.095622216666666
2026-07-19T00:50:00+00:00,10.124268266666666,20.124268266666665
2026-07-19T01:00:00+00:00,10.115330933333333,20.115330933333333
2026-07-19T01:10:00+00:00,10.224110933333332,20.224110933333336
2026-07-19T01:20:00+00:00,10.103637749999999,20.10363775
2026-07-19T01:30:00+00:00,10.120014816666666,20.120014816666664
2026-07-19T01:40:00+00:00,10.12580985,20.12580985
2026-07-19T01:50:00+00:00,10.105178283333334,20.10517828333333
2026-07-19T02:00:00+00:00,10.09946435,20.09946435
2026-07-19T02:10:00+00:00,10.091325483333332,20.091325483333332
2026-07-19T02:20:00+00:00,10.114578116666667,20.114578116666667
2026-07-19T02:30:00+00:00,10.116867583333335,20.11686758333333
2026-07-19T02:40:00+00:00,10.10843,20.10843
2026-07-19T02:50:00+00:00,10.1398008,20.1398008
2026-07-19T03:00:00+00:00,10.082773016666666,20.082773016666668
2026-07-19T03:10:00+00:00,10.163921499999999,20.1639215
2026-07-19T03:20:00+00:00,10.072368833333334,20.072368833333332
2026-07-19T03:30:00+00:00,10.098572883333333,20.098572883333336
2026-07-19T03:40:00+00:00,10.070313283333332,20.070313283333334
2026-07-19T03:50:00+00:00,10.196807266666667,20.196807266666667
2026-07-19T04:00:00+00:00,10.090156066666667,20.09015606666667
2026-07-19T04:10:00+00:00,10.086139066666668,20.086139066666664
2026-07-19T04:20:00+00:00,10.118240733333332,20.118240733333334
2026-07-19T04:30:00+00:00,10.153302566666667,20.153302566666664
2026-07-19T04:40:00+00:00,10.127050516666666,20.127050516666667
2026-07-19T04:50:00+00:00,10.1152802,20.115280199999997
2026-07-19T05:00:00+00:00,10.134825316666667,20.134825316666667
2026-07-19T05:10:00+00:00,10.089019466666667,20.089019466666667
2026-07-19T05:20:00+00:00,10.062141766666667,20.062141766666667
2026-07-19T05:30:00+00:00,10.106903633333333,20.10690363333333
2026-07-19T05:40:00+00:00,10.100922866666668,20.100922866666668
2026-07-19T05:50:00+00:00,10.082806333333334,20.082806333333334
2026-07-19T06:00:00+00:00,10.110619100000001,20.1106191
2026-07-19T06:10:00+00:00,10.136335233333334,20.136335233333334
2026-07-19T06:20:00+00:00,10.076280050000001,20.076280049999998
2026-07-19T06:30:00+00:00,10.096018500000001,20.0960185
2026-07-19T06:40:00+00:00,10.107765533333332,20.107765533333335
2026-07-19T06:50:00+00:00,10.169367283333335,20.169367283333333
2026-07-19T07:10:00+00:00,10.093798383333333,20.093798383333333
2026-07-19T07:20:00+00:00,10.0673826,20.0673826
2026-07-19T07:30:00+00:00,10.109650416666666,20.109650416666668
2026-07-19T07:40:00+00:00,10.107371050000001,20.107371049999998
2026-07-19T07:50:00+00:00,10.106304666666666,20.106304666666666
2026-07-19T08:00:00+00:00,10.079554766666666,20.079554766666668
2026-07-19T08:10:00+00:00,10.10884595,20.10884595
2026-07-19T08:20:00+00:00,10.095565266666666,20.095565266666664
2026-07-19T08:30:00+00:00,10.096270033333333,20.096270033333333
2026-07-19T08:40:00+00:00,10.142196649999999,20.142196650000002
2026-07-19T08:50:00+00:00,10.119460533333333,20.11946053333333
2026-07-19T09:00:00+00:00,10.090179549999998,20.090179550000002
2026-07-19T09:10:00+00:00,10.10610655,20.10610655
2026-07-19T09:20:00+00:00,10.07081405,20.070814050000003
2026-07-19T09:30:00+00:00,10.10689825,20.106898249999997
2026-07-19T09:40:00+00:00,10.1393192,20.1393192
2026-07-19T09:50:00+00:00,10.118106983333332,20.118106983333334
2026-07-19T10:00:00+00:00,10.066111066666668,20.066111066666668
2026-07-19T10:10:00+00:00,10.10127595,20.10127595
2026-07-19T10:20:00+00:00,10.088616983333333,20.088616983333335
2026-07-19T10:30:00+00:00,10.095185816666666,20.095185816666667
2026-07-19T10:40:00+00:00,10.060621849999999,20.06062185
2026-07-19T10:50:00+00:00,10.097533349999999,20.09753335
2026-07-19T11:00:00+00:00,10.081572716666667,20.081572716666667
2026-07-19T11:10:00+00:00,10.100482233333334,20.10048223333333
2026-07-19T11:20:00+00:00,10.098227766666668,20.098227766666664
2026-07-19T11:30:00+00:00,10.129272083333332,20.129272083333333
2026-07-19T11:40:00+00:00,10.180402066666666,20.180402066666666
2026-07-19T11:50:00+00:00,10.0966091,20.096609100000002
2026-07-19T12:00:00+00:00,10.078752333333334,20.078752333333334
2026-07-19T12:10:00+00:00,10.09956695,20.09956695
2026-07-19T12:20:00+00:00,10.144284449999999,20.14428445
2026-07-19T12:30:00+00:00,10.103552383333332,20.103552383333334
2026-07-19T12:40:00+00:00,10.0732228,20.0732228
2026-07-19T12:50:00+00:00,10.095131933333333,20.095131933333334
2026-07-19T13:00:00+00:00,10.070941033333334,20.070941033333334
2026-07-19T13:10:00+00:00,10.0928126,20.0928126
2026-07-19T13:20:00+00:00,10.077924966666666,20.077924966666668
2026-07-19T13:30:00+00:00,10.087568800000001,20.0875688
2026-07-19T13:50:00+00:00,10.080784116666667,20.080784116666667
2026-07-19T14:00:00+00:00,10.13798645,20.137986450000003
2026-07-19T14:10:00+00:00,10.131535133333333,20.131535133333333
2026-07-19T14:20:00+00:00,10.203342883333333,20.203342883333335
2026-07-19T14:30:00+00:00,10.135471716666666,20.135471716666665
2026-07-19T14:40:00+00:00,10.243172083333333,20.24317208333333
2026-07-19T14:50:00+00:00,10.234887983333333,20.234887983333333
2026-07-19T15:00:00+00:00,10.103521266666666,20.103521266666668
2026-07-19T15:10:00+00:00,10.1147713,20.114771299999997
2026-07-19T15:20:00+00:00,10.192679266666666,20.19267926666667
2026-07-19T15:30:00+00:00,10.123611250000002,20.12361125
2026-07-19T15:50:00+00:00,10.086193150000001,20.08619315
2026-07-19T16:00:00+00:00,10.087607266666668,20.087607266666666
2026-07-19T16:10:00+00:00,10.118820016666666,20.118820016666668
2026-07-19T16:20:00+00:00,10.083022366666667,20.08302236666667
2026-07-19T16:30:00+00:00,10.084124383333334,20.084124383333336
2026-07-19T16:40:00+00:00,10.07538415,20.075384149999998
2026-07-19T16:50:00+00:00,10.104965183333332,20.104965183333334
2026-07-19T17:00:00+00:00,10.084045,20.084045
2026-07-19T17:10:00+00:00,10.103203216666666,20.103203216666667
2026-07-19T17:20:00+00:00,10.082062316666667,20.08206231666667
2026-07-19T17:30:00+00:00,10.107658683333334,20.107658683333334
2026-07-19T17:40:00+00:00,10.08245895,20.08245895
2026-07-19T17:50:00+00:00,10.131334916666667,20.131334916666667
2026-07-19T18:00:00+00:00,10.067270066666667,20.067270066666666
2026-07-19T18:10:00+00:00,10.079835733333335,20.079835733333333
2026-07-19T18:20:00+00:00,10.070063033333334,20.070063033333334
2026-07-19T18:30:00+00:00,10.123210716666668,20.123210716666666
2026-07-19T18:40:00+00:00,10.088607983333333,20.088607983333336
2026-07-19T18:50:00+00:00,10.086751633333334,20.086751633333332
2026-07-19T19:00:00+00:00,10.073033816666667,20.07303381666667
2026-07-19T19:10:00+00:00,10.120128166666666,20.120128166666667
2026-07-19T19:20:00+00:00,10.071459383333332,20.071459383333334
2026-07-19T19:30:00+00:00,10.141615133333334,20.141615133333335
2026-07-19T19:40:00+00:00,11.082018183333334,21.082018183333332
2026-07-19T19:50:00+00:00,10.160421833333334,20.16042183333333
2026-07-19T20:00:00+00:00,10.072528199999999,20.0725282
2026-07-19T20:10:00+00:00,10.133903566666667,20.133903566666667
2026-07-19T20:20:00+00:00,10.074021516666667,20.07402151666667
2026-07-19T20:30:00+00:00,10.098010333333333,20.09801033333333
2026-07-19T20:40:00+00:00,10.169453716666668,20.169453716666666
2026-07-19T20:50:00+00:00,10.10174375,20.10174375
2026-07-19T21:00:00+00:00,10.06944385,20.069443850000003
2026-07-19T21:10:00+00:00,10.133488783333332,20.133488783333334
2026-07-19T21:20:00+00:00,10.072752833333334,20.072752833333332
2026-07-19T21:30:00+00:00,10.097685233333333,20.097685233333333
2026-07-19T21:40:00+00:00,10.06804985,20.06804985
2026-07-19T21:50:00+00:00,10.108840166666665,20.108840166666667
2026-07-19T22:00:00+00:00,10.123526216666667,20.12352621666667
2026-07-19T22:10:00+00:00,10.087970466666667,20.087970466666665
2026-07-19T22:20:00+00:00,10.06003475,20.06003475
2026-07-19T22:30:00+00:00,10.098821066666666,20.09882106666667
2026-07-19T22:50:00+00:00,10.080214216666667,20.080214216666665
2026-07-19T23:00:00+00:00,10.081429000000002,20.081429
2026-07-19T23:10:00+00:00,10.089457466666666,20.089457466666666
2026-07-19T23:20:00+00:00,10.09285905,20.09285905
2026-07-19T23:30:00+00:00,10.105402016666666,20.10540201666667
2026-07-19T23:40:00+00:00,10.084917183333333,20.084917183333335
2026-07-20T00:00:00+00:00,10.072470583333335,20.07247058333333
2026-07-20T00:10:00+00:00,10.113691916666665,20.113691916666667
2026-07-20T00:20:00+00:00,10.085105416666666,20.085105416666668
2026-07-20T00:30:00+00:00,10.088476583333334,20.088476583333332
2026-07-20T00:40:00+00:00,10.076269433333332,20.076269433333334
2026-07-20T00:50:00+00:00,10.124077783333332,20.124077783333334
2026-07-20T01:00:00+00:00,10.094179650000001,20.09417965
2026-07-20T01:10:00+00:00,10.096663699999999,20.0966637
2026-07-20T01:20:00+00:00,10.076896966666668,20.076896966666666
2026-07-20T01:30:00+00:00,10.114329366666668,20.114329366666666
2026-07-20T01:40:00+00:00,10.120522816666666,20.120522816666668
2026-07-20T01:50:00+00:00,10.117579766666667,20.117579766666665
2026-07-20T02:00:00+00:00,10.069801833333335,20.069801833333333
2026-07-20T02:10:00+00:00,10.1321426,20.1321426
2026-07-20T02:20:00+00:00,10.09329935,20.09329935
2026-07-20T02:30:00+00:00,10.081333516666666,20.081333516666668
2026-07-20T02:40:00+00:00,10.117332833333334,20.117332833333332
2026-07-20T02:50:00+00:00,10.129589750000001,20.129589749999997
2026-07-20T03:00:00+00:00,10.068318666666666,20.068318666666666
2026-07-20T03:10:00+00:00,10.099351883333332,20.099351883333334
2026-07-20T03:20:00+00:00,10.0809152,20.0809152
2026-07-20T03:30:00+00:00,10.086784833333333,20.086784833333336
2026-07-20T03:40:00+00:00,10.06249595,20.062495950000002
2026-07-20T03:50:00+00:00,10.077954633333333,20.07795463333333
2026-07-20T04:00:00+00:00,10.130722983333333,20.13072298333333
2026-07-20T04:10:00+00:00,10.11003925,20.11003925
2026-07-20T04:20:00+00:00,10.072148,20.072148000000002
2026-07-20T04:30:00+00:00,10.115636266666666,20.11563626666667
2026-07-20T04:40:00+00:00,10.073461400000001,20.0734614
2026-07-20T04:50:00+00:00,10.109894733333334,20.10989473333333
2026-07-20T05:00:00+00:00,10.093219816666668,20.093219816666664
2026-07-20T05:10:00+00:00,10.081184883333332,20.081184883333332
2026-07-20T05:20:00+00:00,10.072597233333333,20.072597233333333
2026-07-20T05:30:00+00:00,10.0979878,20.0979878
2026-07-20T05:40:00+00:00,10.193098983333334,20.193098983333336
2026-07-20T05:50:00+00:00,10.096635916666665,20.096635916666667
2026-07-20T06:00:00+00:00,10.118834833333333,20.118834833333334
2026-07-20T06:10:00+00:00,10.089854883333334,20.08985488333333
2026-07-20T06:20:00+00:00,10.07292355,20.07292355
2026-07-20T06:30:00+00:00,10.204270633333334,20.204270633333334
2026-07-20T06:40:00+00:00,10.142999683333333,20.142999683333336
2026-07-20T06:50:00+00:00,10.10590325,20.105903249999997
2026-07-20T07:00:00+00:00,10.09675685,20.096756850000002
2026-07-20T07:10:00+00:00,10.103212716666667,20.10321271666667
2026-07-20T07:20:00+00:00,10.117898983333333,20.117898983333337
2026-07-20T07:30:00+00:00,10.097586783333332,20.097586783333334
2026-07-20T07:40:00+00:00,10.067875816666666,20.067875816666668
2026-07-20T07:50:00+00:00,11.105513133333334,21.105513133333332
2026-07-20T08:00:00+00:00,10.0800185,20.0800185
2026-07-20T08:10:00+00:00,10.11522125,20.11522125
2026-07-20T08:20:00+00:00,10.082028533333332,20.082028533333336
2026-07-20T08:30:00+00:00,10.214987883333333,20.214987883333333
2026-07-20T08:40:00+00:00,10.106474816666667,20.106474816666665
2026-07-20T08:50:00+00:00,10.167213233333333,20.16721323333333
2026-07-20T09:00:00+00:00,10.096666383333334,20.096666383333336
2026-07-20T09:10:00+00:00,10.151470783333334,20.15147078333333
2026-07-20T09:20:00+00:00,10.0987788,20.098778799999998
2026-07-20T09:30:00+00:00,10.149748366666667,20.149748366666664
2026-07-20T09:40:00+00:00,10.089479783333333,20.089479783333335
2026-07-20T09:50:00+00:00,10.136440349999999,20.13644035
2026-07-20T10:00:00+00:00,10.169357999999999,20.169358
2026-07-20T10:10:00+00:00,10.148915783333333,20.148915783333333
2026-07-20T10:20:00+00:00,10.2141218,20.2141218
2026-07-20T10:30:00+00:00,10.173053533333333,20.173053533333334
2026-07-20T10:40:00+00:00,10.182936266666667,20.182936266666665
2026-07-20T10:50:00+00:00,10.194483666666667,20.194483666666667
2026-07-20T11:00:00+00:00,10.150664783333333,20.150664783333333
2026-07-20T11:10:00+00:00,10.169550216666666,20.169550216666668
2026-07-20T11:20:00+00:00,10.225547333333333,20.225547333333335
2026-07-20T11:30:00+00:00,10.175052149999999,20.17505215
2026-07-20T11:40:00+00:00,10.07821735,20.07821735
2026-07-20T11:50:00+00:00,10.111404983333333,20.111404983333333
2026-07-20T12:10:00+00:00,10.114914166666667,20.114914166666665
2026-07-20T12:20:00+00:00,10.165458800000001,20.1654588
2026-07-20T12:30:00+00:00,10.140935316666665,20.140935316666667
2026-07-20T12:40:00+00:00,10.093242633333334,20.093242633333332
2026-07-20T12:50:00+00:00,10.195939416666667,20.195939416666665
2026-07-20T13:00:00+00:00,10.200212133333334,20.20021213333333
2026-07-20T13:10:00+00:00,10.090442983333332,20.090442983333332
2026-07-20T13:20:00+00:00,10.098501366666666,20.098501366666667
2026-07-20T13:30:00+00:00,10.1334817,20.1334817
2026-07-20T13:40:00+00:00,10.158407383333333,20.158407383333333
2026-07-20T13:50:00+00:00,11.111377449999999,21.111377450000003
2026-07-20T14:00:00+00:00,10.161836749999999,20.161836750000003
2026-07-20T14:10:00+00:00,10.12319585,20.123195850000002
2026-07-20T14:20:00+00:00,10.095264833333333,20.09526483333333
2026-07-20T14:30:00+00:00,10.123195333333333,20.123195333333335
2026-07-20T14:40:00+00:00,10.22008825,20.22008825
2026-07-20T14:50:00+00:00,10.199670683333332,20.199670683333334
2026-07-20T15:00:00+00:00,10.073527966666667,20.073527966666667
2026-07-20T15:10:00+00:00,10.17586235,20.17586235
2026-07-20T15:20:00+00:00,10.1385813,20.1385813
2026-07-20T15:30:00+00:00,10.099736566666667,20.099736566666664
2026-07-20T15:40:00+00:00,10.080695683333333,20.08069568333333
2026-07-20T15:50:00+00:00,10.237169999999999,20.23717
2026-07-20T16:00:00+00:00,10.278067233333333,20.278067233333335
2026-07-20T16:10:00+00:00,10.1795729,20.1795729
2026-07-20T16:20:00+00:00,10.12810995,20.12810995
2026-07-20T16:30:00+00:00,10.137379000000001,20.137379
2026-07-20T16:40:00+00:00,10.177220799999999,20.1772208
2026-07-20T16:50:00+00:00,10.07810665,20.07810665
2026-07-20T17:00:00+00:00,10.09767965,20.09767965
2026-07-20T17:10:00+00:00,10.1318653,20.1318653
2026-07-20T17:20:00+00:00,10.147402166666666,20.147402166666666
2026-07-20T17:30:00+00:00,10.128521883333333,20.128521883333335
2026-07-20T17:40:00+00:00,10.197623283333334,20.197623283333332
2026-07-20T17:50:00+00:00,10.122559166666667,20.12255916666667
2026-07-20T18:00:00+00:00,10.129352716666666,20.129352716666666
2026-07-20T18:10:00+00:00,10.10314205,20.10314205
2026-07-20T18:20:00+00:00,10.070746183333334,20.07074618333333
2026-07-20T18:30:00+00:00,10.121459316666666,20.12145931666667
2026-07-20T18:40:00+00:00,10.068795216666667,20.06879521666667
2026-07-20T18:50:00+00:00,10.126551783333333,20.126551783333333
2026-07-20T19:00:00+00:00,10.075914816666666,20.075914816666668
2026-07-20T19:10:00+00:00,10.076991233333333,20.076991233333334
2026-07-20T19:20:00+00:00,10.121484666666667,20.121484666666667
2026-07-20T19:30:00+00:00,10.130842433333333,20.13084243333333
2026-07-20T19:40:00+00:00,10.125703783333334,20.125703783333332
2026-07-20T19:50:00+00:00,10.1478116,20.1478116
2026-07-20T20:00:00+00:00,10.0907323,20.0907323
2026-07-20T20:10:00+00:00,10.124015266666667,20.124015266666667
2026-07-20T20:20:00+00:00,10.097905716666666,20.097905716666666
2026-07-20T20:30:00+00:00,10.138574,20.138574000000002
2026-07-20T20:40:00+00:00,10.1499459,20.1499459
2026-07-20T20:50:00+00:00,10.13757035,20.137570349999997
2026-07-20T21:00:00+00:00,10.066587566666668,20.066587566666666
2026-07-20T21:10:00+00:00,10.133221733333333,20.133221733333336
2026-07-20T21:20:00+00:00,10.152259633333333,20.152259633333333
2026-07-20T21:30:00+00:00,10.084299516666666,20.084299516666665
2026-07-20T21:40:00+00:00,10.169463816666667,20.169463816666667
2026-07-20T21:50:00+00:00,10.254269883333334,20.254269883333333
2026-07-20T22:00:00+00:00,10.18584425,20.18584425
2026-07-20T22:10:00+00:00,10.083139316666665,20.083139316666667
2026-07-20T22:20:00+00:00,10.114608483333335,20.11460848333333
2026-07-20T22:30:00+00:00,10.13854095,20.13854095
2026-07-20T22:40:00+00:00,10.118025183333334,20.118025183333334
2026-07-20T22:50:00+00:00,10.13895265,20.13895265
2026-07-20T23:00:00+00:00,10.1169531,20.1169531
2026-07-20T23:20:00+00:00,10.065643883333333,20.065643883333333
2026-07-20T23:30:00+00:00,10.11080915,20.11080915
2026-07-20T23:40:00+00:00,10.104401733333333,20.104401733333336
2026-07-20T23:50:00+00:00,10.114924616666666,20.114924616666666
2026-07-21T00:00:00+00:00,10.142823266666666,20.142823266666667
2026-07-21T00:10:00+00:00,10.113591033333334,20.113591033333332
2026-07-21T00:20:00+00:00,10.1843945,20.1843945
2026-07-21T00:30:00+00:00,10.0913026,20.0913026
2026-07-21T00:40:00+00:00,10.1285372,20.1285372
2026-07-21T00:50:00+00:00,10.112124583333333,20.112124583333333
2026-07-21T01:00:00+00:00,10.151777683333334,20.151777683333332
2026-07-21T01:10:00+00:00,10.128168866666666,20.128168866666666
2026-07-21T01:20:00+00:00,10.064059516666667,20.064059516666667
2026-07-21T01:30:00+00:00,10.13860615,20.138606149999998
2026-07-21T01:40:00+00:00,10.129717466666667,20.129717466666666
2026-07-21T01:50:00+00:00,10.113104700000001,20.1131047
2026-07-21T02:00:00+00:00,10.067243433333335,20.06724343333333
2026-07-21T02:10:00+00:00,10.173184383333334,20.173184383333332
2026-07-21T02:20:00+00:00,10.063441883333333,20.063441883333333
2026-07-21T02:30:00+00:00,10.137553366666667,20.13755336666667
2026-07-21T02:40:00+00:00,10.196563366666668,20.196563366666666
2026-07-21T02:50:00+00:00,10.117276550000001,20.11727655
2026-07-21T03:00:00+00:00,10.072534983333332,20.072534983333334
2026-07-21T03:10:00+00:00,10.161009,20.161009
2026-07-21T03:20:00+00:00,10.146121083333332,20.146121083333334
2026-07-21T03:30:00+00:00,10.107205599999999,20.1072056
2026-07-21T03:40:00+00:00,10.11037195,20.11037195
2026-07-21T03:50:00+00:00,10.154919133333333,20.154919133333333
2026-07-21T04:00:00+00:00,10.078534716666667,20.078534716666663
2026-07-21T04:10:00+00:00,10.09070215,20.090702150000002
2026-07-21T04:20:00+00:00,10.11606545,20.11606545
2026-07-21T04:30:00+00:00,10.094003500000001,20.0940035
2026-07-21T04:40:00+00:00,10.1167274,20.1167274
2026-07-21T04:50:00+00:00,10.111038283333333,20.111038283333336
2026-07-21T05:00:00+00:00,10.154225616666668,20.15422561666667
2026-07-21T05:10:00+00:00,10.261101216666667,20.261101216666667
2026-07-21T05:20:00+00:00,10.097513233333332,20.097513233333334
2026-07-21T05:30:00+00:00,10.111332466666665,20.111332466666667
2026-07-21T05:40:00+00:00,10.0727672,20.072767199999998
2026-07-21T05:50:00+00:00,10.112152666666667,20.112152666666667
2026-07-21T06:00:00+00:00,10.115980966666665,20.115980966666665
2026-07-21T06:10:00+00:00,10.114028266666667,20.114028266666665
2026-07-21T06:20:00+00:00,10.1015123,20.101512300000003
2026-07-21T06:30:00+00:00,10.118552083333332,20.118552083333334
2026-07-21T06:40:00+00:00,10.248869983333332,20.248869983333336
2026-07-21T06:50:00+00:00,10.116585316666667,20.116585316666665
2026-07-21T07:00:00+00:00,10.077000683333333,20.07700068333333
2026-07-21T07:10:00+00:00,10.090321916666666,20.090321916666667
2026-07-21T07:20:00+00:00,10.085401283333335,20.085401283333333
2026-07-21T07:30:00+00:00,10.16750915,20.16750915
2026-07-21T07:40:00+00:00,10.110303649999999,20.11030365
2026-07-21T07:50:00+00:00,10.238868816666667,20.238868816666663
2026-07-21T08:00:00+00:00,10.129284916666668,20.129284916666666
2026-07-21T08:10:00+00:00,10.2841912,20.284191200000002
2026-07-21T08:20:00+00:00,10.212763366666668,20.212763366666664
2026-07-21T08:30:00+00:00,10.151942133333334,20.151942133333332
2026-07-21T08:40:00+00:00,10.319357316666666,20.319357316666665
2026-07-21T08:50:00+00:00,10.132816616666666,20.132816616666666
2026-07-21T09:00:00+00:00,10.131513716666666,20.131513716666667
2026-07-21T09:10:00+00:00,10.222432566666667,20.222432566666665
2026-07-21T09:20:00+00:00,10.197840416666667,20.19784041666667
2026-07-21T09:30:00+00:00,10.205199733333334,20.205199733333334
2026-07-21T09:40:00+00:00,10.326163016666667,20.326163016666666
2026-07-21T09:50:00+00:00,10.186664916666667,20.186664916666665
2026-07-21T10:00:00+00:00,10.248153333333333,20.248153333333335
2026-07-21T10:10:00+00:00,10.163359533333333,20.163359533333335
2026-07-21T10:20:00+00:00,10.149723816666667,20.149723816666665
2026-07-21T10:30:00+00:00,10.238272833333333,20.238272833333333
2026-07-21T10:40:00+00:00,10.219519433333334,20.219519433333335
2026-07-21T10:50:00+00:00,10.238688816666667,20.23868881666667
2026-07-21T11:00:00+00:00,10.149577816666666,20.149577816666667
2026-07-21T11:10:00+00:00,10.178407316666666,20.178407316666668
2026-07-21T11:20:00+00:00,10.142978983333334,20.142978983333332
2026-07-21T11:30:00+00:00,10.17686475,20.17686475
2026-07-21T11:40:00+00:00,10.115710333333334,20.115710333333332
2026-07-21T11:50:00+00:00,10.185578099999999,20.1855781
2026-07-21T12:00:00+00:00,10.151366933333332,20.151366933333335
2026-07-21T12:10:00+00:00,10.170751916666667,20.170751916666667
2026-07-21T12:20:00+00:00,10.220061816666666,20.220061816666664
2026-07-21T12:30:00+00:00,10.165122216666667,20.165122216666667
2026-07-21T12:40:00+00:00,10.182541816666665,20.182541816666667
2026-07-21T12:50:00+00:00,10.205037016666667,20.205037016666665
2026-07-21T13:00:00+00:00,10.186486266666666,20.18648626666667
2026-07-21T13:10:00+00:00,10.284136433333334,20.284136433333334
2026-07-21T13:20:00+00:00,10.169879316666668,20.169879316666666
2026-07-21T13:30:00+00:00,10.180710916666667,20.180710916666666
2026-07-21T13:40:00+00:00,10.127178283333334,20.127178283333333
2026-07-21T13:50:00+00:00,10.199552766666667,20.199552766666667
2026-07-21T14:00:00+00:00,10.128812883333334,20.128812883333335
2026-07-21T14:10:00+00:00,10.307517516666667,20.307517516666667
2026-07-21T14:20:00+00:00,10.116371733333333,20.116371733333335
2026-07-21T14:30:00+00:00,10.14914475,20.14914475
2026-07-21T14:40:00+00:00,10.198063766666667,20.198063766666667
2026-07-21T14:50:00+00:00,10.131418033333334,20.131418033333333
2026-07-21T15:00:00+00:00,10.198194733333334,20.19819473333333
2026-07-21T15:10:00+00:00,10.139288983333334,20.139288983333334
2026-07-21T15:20:00+00:00,10.134214250000001,20.13421425
2026-07-21T15:30:00+00:00,10.21892375,20.21892375
2026-07-21T15:40:00+00:00,10.106058616666667,20.106058616666665
2026-07-21T15:50:00+00:00,10.088269133333334,20.08826913333333
2026-07-21T16:00:00+00:00,10.0757977,20.0757977
2026-07-21T16:10:00+00:00,10.162810766666666,20.162810766666666
2026-07-21T16:20:00+00:00,10.074123966666667,20.074123966666665
2026-07-21T16:30:00+00:00,10.100059383333333,20.100059383333335
2026-07-21T16:40:00+00:00,10.204926083333334,20.20492608333333
2026-07-21T16:50:00+00:00,10.104052666666666,20.104052666666668
2026-07-21T17:00:00+00:00,10.12511175,20.12511175
2026-07-21T17:10:00+00:00,10.175640266666667,20.17564026666667
2026-07-21T17:30:00+00:00,10.219676516666668,20.219676516666667
2026-07-21T17:40:00+00:00,10.066360900000001,20.0663609
2026-07-21T17:50:00+00:00,10.113739133333333,20.113739133333336
2026-07-21T18:00:00+00:00,10.1667594,20.1667594
2026-07-21T18:10:00+00:00,10.203413066666666,20.203413066666666
2026-07-21T18:20:00+00:00,10.091412033333334,20.09141203333333
2026-07-21T18:30:00+00:00,10.119192833333333,20.119192833333333
2026-07-21T18:40:00+00:00,10.063375933333333,20.063375933333337
2026-07-21T18:50:00+00:00,10.117404466666667,20.117404466666667
2026-07-21T19:00:00+00:00,10.089845866666668,20.089845866666668
2026-07-21T19:10:00+00:00,10.270936633333333,20.270936633333335
2026-07-21T19:20:00+00:00,10.067075883333333,20.067075883333334
2026-07-21T19:30:00+00:00,10.112353183333333,20.112353183333333
2026-07-21T19:40:00+00:00,10.134678933333333,20.13467893333333
2026-07-21T19:50:00+00:00,10.178461416666666,20.178461416666668
2026-07-21T20:00:00+00:00,10.07613995,20.07613995
2026-07-21T20:10:00+00:00,10.091006383333333,20.091006383333333
2026-07-21T20:20:00+00:00,10.0647536,20.0647536
2026-07-21T20:30:00+00:00,10.146572683333334,20.146572683333332
2026-07-21T20:40:00+00:00,10.125632383333334,20.125632383333333
2026-07-21T20:50:00+00:00,10.141948000000001,20.141948
2026-07-21T21:00:00+00:00,10.078976166666667,20.078976166666667
2026-07-21T21:10:00+00:00,10.088744216666667,20.088744216666665
2026-07-21T21:20:00+00:00,10.079479283333335,20.079479283333335
2026-07-21T21:30:00+00:00,10.244348133333334,20.244348133333336
2026-07-21T21:40:00+00:00,10.115445566666667,20.115445566666665
2026-07-21T21:50:00+00:00,10.139737666666667,20.13973766666667
2026-07-21T22:00:00+00:00,10.102411516666667,20.102411516666667
2026-07-21T22:10:00+00:00,10.104479816666666,20.104479816666665
2026-07-21T22:20:00+00:00,10.0696212,20.069621199999997
2026-07-21T22:30:00+00:00,10.164964516666666,20.164964516666664
2026-07-21T22:40:00+00:00,10.089295466666666,20.089295466666666
2026-07-21T22:50:00+00:00,10.095329566666667,20.095329566666667
2026-07-21T23:00:00+00:00,10.091221183333333,20.091221183333335
2026-07-21T23:10:00+00:00,10.122359866666667,20.122359866666667
2026-07-21T23:20:00+00:00,10.09532875,20.09532875
2026-07-21T23:30:00+00:00,10.099224083333333,20.099224083333336
2026-07-21T23:40:00+00:00,10.150869416666666,20.15086941666667
2026-07-21T23:50:00+00:00,10.129355233333333,20.129355233333335
2026-07-22T00:00:00+00:00,10.086273916666666,20.086273916666666
2026-07-22T00:10:00+00:00,10.201086266666666,20.201086266666668
2026-07-22T00:20:00+00:00,10.064028933333333,20.064028933333336
2026-07-22T00:30:00+00:00,10.1290149,20.1290149
2026-07-22T00:40:00+00:00,10.07618635,20.07618635
2026-07-22T00:50:00+00:00,10.094726483333334,20.094726483333332
2026-07-22T01:00:00+00:00,10.167361099999999,20.1673611
2026-07-22T01:10:00+00:00,10.115012133333332,20.115012133333334
2026-07-22T01:20:00+00:00,10.110801133333332,20.110801133333332
2026-07-22T01:30:00+00:00,10.116528216666667,20.116528216666666
2026-07-22T01:40:00+00:00,10.080055133333333,20.080055133333335
2026-07-22T01:50:00+00:00,10.099958283333333,20.099958283333333
2026-07-22T02:00:00+00:00,10.188929083333333,20.188929083333335
2026-07-22T02:10:00+00:00,10.1153849,20.1153849
2026-07-22T02:20:00+00:00,10.097974950000001,20.097974949999998
2026-07-22T02:30:00+00:00,10.196894433333334,20.196894433333334
2026-07-22T02:40:00+00:00,10.261311366666666,20.261311366666668
2026-07-22T02:50:00+00:00,10.147830599999999,20.147830600000002
2026-07-22T03:00:00+00:00,10.074351983333335,20.074351983333333
2026-07-22T03:10:00+00:00,10.1535064,20.1535064
2026-07-22T03:20:00+00:00,10.083221766666666,20.083221766666668
2026-07-22T03:30:00+00:00,10.129291133333334,20.129291133333332
2026-07-22T03:40:00+00:00,10.194216433333334,20.194216433333334
2026-07-22T03:50:00+00:00,10.110845750000001,20.11084575
2026-07-22T04:00:00+00:00,10.067956916666667,20.067956916666667
2026-07-22T04:10:00+00:00,10.162940033333333,20.16294003333333
2026-07-22T04:20:00+00:00,10.1011797,20.1011797
2026-07-22T04:30:00+00:00,10.1550189,20.1550189
2026-07-22T04:40:00+00:00,10.11447995,20.11447995
2026-07-22T04:50:00+00:00,10.127999483333333,20.127999483333333
2026-07-22T05:00:00+00:00,10.060948233333333,20.06094823333333
2026-07-22T05:10:00+00:00,10.1407374,20.1407374
2026-07-22T05:20:00+00:00,10.12379835,20.12379835
2026-07-22T05:30:00+00:00,10.087259716666667,20.087259716666665
2026-07-22T05:40:00+00:00,10.125454733333333,20.125454733333335
2026-07-22T05:50:00+00:00,10.076623399999999,20.076623400000003
2026-07-22T06:00:00+00:00,10.0901269,20.090126899999998
2026-07-22T06:10:00+00:00,10.105360916666665,20.105360916666665
2026-07-22T06:20:00+00:00,10.148158633333333,20.14815863333333
2026-07-22T06:30:00+00:00,10.094928933333334,20.094928933333332
2026-07-22T06:40:00+00:00,10.114810349999999,20.114810350000003
2026-07-22T06:50:00+00:00,10.182782,20.182782
2026-07-22T07:00:00+00:00,10.130487200000001,20.1304872
2026-07-22T07:10:00+00:00,10.146053416666666,20.146053416666668
2026-07-22T07:20:00+00:00,10.075958016666668,20.075958016666668
2026-07-22T07:30:00+00:00,10.157281866666667,20.157281866666665
2026-07-22T07:40:00+00:00,10.1531512,20.1531512
2026-07-22T07:50:00+00:00,10.1436218,20.143621800000002
2026-07-22T08:00:00+00:00,10.197339916666666,20.197339916666667
2026-07-22T08:10:00+00:00,10.316385599999998,20.3163856
2026-07-22T08:20:00+00:00,10.083771733333332,20.083771733333332
2026-07-22T08:30:00+00:00,10.156093883333334,20.15609388333333
2026-07-22T08:40:00+00:00,10.650894633333333,20.650894633333333
2026-07-22T08:50:00+00:00,10.097730866666666,20.097730866666666
2026-07-22T09:00:00+00:00,10.143056,20.143056
2026-07-22T09:10:00+00:00,10.189287799999999,20.1892878
2026-07-22T09:20:00+00:00,10.198256783333333,20.19825678333333
2026-07-22T09:30:00+00:00,10.098554049999999,20.09855405
2026-07-22T09:40:00+00:00,10.0740768,20.0740768
2026-07-22T09:50:00+00:00,10.117432983333334,20.117432983333334
2026-07-22T10:00:00+00:00,10.091707416666667,20.09170741666667
2026-07-22T10:10:00+00:00,10.186862316666666,20.18686231666667
2026-07-22T10:20:00+00:00,10.116997133333333,20.11699713333333
2026-07-22T10:30:00+00:00,10.145947333333334,20.145947333333332
2026-07-22T10:40:00+00:00,10.096145716666665,20.09614571666667
2026-07-22T10:50:00+00:00,10.119438716666668,20.119438716666664
2026-07-22T11:00:00+00:00,10.129031,20.129031
2026-07-22T11:10:00+00:00,10.152635483333334,20.15263548333333
2026-07-22T11:20:00+00:00,10.193857983333334,20.19385798333333
2026-07-22T11:30:00+00:00,10.0902657,20.0902657
2026-07-22T11:40:00+00:00,10.189393933333333,20.189393933333335
2026-07-22T11:50:00+00:00,10.2099117,20.209911700000003
2026-07-22T12:00:00+00:00,10.176774550000001,20.17677455
2026-07-22T12:10:00+00:00,10.154141866666667,20.154141866666667
2026-07-22T12:20:00+00:00,10.168392266666666,20.168392266666668
2026-07-22T12:30:00+00:00,10.1427582,20.1427582
2026-07-22T12:40:00+00:00,10.084819416666667,20.08481941666667
2026-07-22T12:50:00+00:00,10.143589716666666,20.143589716666668
2026-07-22T13:00:00+00:00,10.08428475,20.08428475
2026-07-22T13:10:00+00:00,10.123357483333333,20.123357483333333
2026-07-22T13:20:00+00:00,10.083854916666667,20.083854916666667
2026-07-22T13:30:00+00:00,10.11697675,20.11697675
2026-07-22T13:40:00+00:00,10.126938866666668,20.126938866666666
2026-07-22T13:50:00+00:00,10.121049,20.121049000000003
2026-07-22T14:00:00+00:00,10.180086266666667,20.180086266666667
2026-07-22T14:10:00+00:00,10.209866266666667,20.209866266666666
2026-07-22T14:20:00+00:00,10.2308057,20.2308057
2026-07-22T14:30:00+00:00,10.179094766666667,20.179094766666665
2026-07-22T14:40:00+00:00,10.249381699999999,20.2493817
2026-07-22T14:50:00+00:00,10.141632783333334,20.141632783333332
2026-07-22T15:00:00+00:00,10.0687941,20.068794099999998
2026-07-22T15:10:00+00:00,10.237390049999998,20.23739005
2026-07-22T15:20:00+00:00,10.113795466666666,20.113795466666666
2026-07-22T15:30:00+00:00,10.114272133333333,20.114272133333333
2026-07-22T15:40:00+00:00,10.3170765,20.3170765
2026-07-22T15:50:00+00:00,10.205239783333333,20.205239783333333
2026-07-22T16:00:00+00:00,10.22935365,20.22935365
2026-07-22T16:10:00+00:00,10.26727825,20.26727825
2026-07-22T16:20:00+00:00,10.082814983333332,20.082814983333332
2026-07-22T16:30:00+00:00,10.134962783333332,20.134962783333332
2026-07-22T16:40:00+00:00,10.125206683333333,20.12520668333333
2026-07-22T16:50:00+00:00,10.104762816666666,20.104762816666668
2026-07-22T17:10:00+00:00,10.141010216666666,20.141010216666665
2026-07-22T17:20:00+00:00,10.070050383333333,20.070050383333335
2026-07-22T17:30:00+00:00,10.14398275,20.143982750000003
2026-07-22T17:40:00+00:00,10.187815283333332,20.187815283333336
2026-07-22T17:50:00+00:00,10.150555933333333,20.150555933333333
2026-07-22T18:00:00+00:00,10.094733066666667,20.094733066666667
2026-07-22T18:10:00+00:00,10.100784883333334,20.100784883333333
2026-07-22T18:20:00+00:00,10.236603283333332,20.236603283333334
2026-07-22T18:30:00+00:00,10.116180583333334,20.116180583333335
2026-07-22T18:40:00+00:00,10.103708583333335,20.103708583333333
2026-07-22T18:50:00+00:00,10.1300192,20.1300192
2026-07-22T19:00:00+00:00,10.157858366666666,20.15785836666667
2026-07-22T19:10:00+00:00,10.149994966666666,20.149994966666668
2026-07-22T19:20:00+00:00,10.194061816666666,20.194061816666665
2026-07-22T19:30:00+00:00,10.12505155,20.125051550000002
2026-07-22T19:40:00+00:00,10.1295537,20.1295537
2026-07-22T19:50:00+00:00,10.167553,20.167553
2026-07-22T20:00:00+00:00,10.106775483333333,20.106775483333333
2026-07-22T20:10:00+00:00,10.174567633333334,20.174567633333332
2026-07-22T20:20:00+00:00,10.08060135,20.08060135
2026-07-22T20:30:00+00:00,10.103356833333333,20.103356833333333
2026-07-22T20:40:00+00:00,10.263952933333334,20.263952933333332
2026-07-22T20:50:00+00:00,10.111324466666668,20.111324466666666
2026-07-22T21:00:00+00:00,10.091313233333333,20.091313233333334
2026-07-22T21:10:00+00:00,10.26698955,20.26698955
2026-07-22T21:20:00+00:00,10.08135625,20.08135625
2026-07-22T21:30:00+00:00,10.081953883333334,20.08195388333333
2026-07-22T21:40:00+00:00,10.235433016666667,20.235433016666665
2026-07-22T21:50:00+00:00,10.136429233333333,20.136429233333335
2026-07-22T22:00:00+00:00,10.086342566666668,20.086342566666666
2026-07-22T22:10:00+00:00,10.133576983333334,20.133576983333334
2026-07-22T22:20:00+00:00,10.080935066666665,20.080935066666665
2026-07-22T22:30:00+00:00,10.139084200000001,20.1390842
2026-07-22T22:40:00+00:00,10.119789266666666,20.119789266666665
2026-07-22T22:50:00+00:00,10.189138583333333,20.18913858333333
2026-07-22T23:00:00+00:00,10.07413865,20.074138650000002
2026-07-22T23:10:00+00:00,10.132535200000001,20.1325352
2026-07-22T23:20:00+00:00,10.073399066666667,20.073399066666664
2026-07-22T23:30:00+00:00,10.107331100000001,20.1073311
2026-07-22T23:40:00+00:00,10.084898883333333,20.084898883333334
2026-07-22T23:50:00+00:00,10.17710975,20.17710975
2026-07-23T00:00:00+00:00,10.08877525,20.08877525
2026-07-23T00:10:00+00:00,10.272608483333332,20.272608483333332
2026-07-23T00:20:00+00:00,10.107320833333334,20.107320833333333
2026-07-23T00:30:00+00:00,10.121544483333334,20.12154448333333
2026-07-23T00:40:00+00:00,10.068966616666668,20.068966616666668
2026-07-23T00:50:00+00:00,10.135804583333334,20.135804583333332
2026-07-23T01:00:00+00:00,10.061915966666668,20.061915966666668
2026-07-23T01:10:00+00:00,10.18601775,20.18601775
2026-07-23T01:20:00+00:00,10.095732349999999,20.09573235
2026-07-23T01:30:00+00:00,10.11162735,20.11162735
2026-07-23T01:40:00+00:00,10.103530433333333,20.103530433333333
2026-07-23T01:50:00+00:00,10.153811583333333,20.153811583333333
2026-07-23T02:00:00+00:00,10.083147499999999,20.0831475
2026-07-23T02:10:00+00:00,10.212744249999998,20.21274425
2026-07-23T02:20:00+00:00,10.11746945,20.117469449999998
2026-07-23T02:30:00+00:00,10.093466033333334,20.093466033333335
2026-07-23T02:40:00+00:00,10.275244350000001,20.275244349999998
2026-07-23T02:50:00+00:00,10.185994033333333,20.185994033333333
2026-07-23T03:00:00+00:00,10.1231073,20.1231073
2026-07-23T03:10:00+00:00,10.163102933333333,20.163102933333334
2026-07-23T03:20:00+00:00,10.1814651,20.1814651
2026-07-23T03:30:00+00:00,10.09407815,20.094078149999998
2026-07-23T03:40:00+00:00,10.25461595,20.25461595
2026-07-23T03:50:00+00:00,10.17381155,20.17381155
2026-07-23T04:00:00+00:00,10.114866283333333,20.114866283333335
2026-07-23T04:10:00+00:00,10.192130383333334,20.192130383333332
2026-07-23T04:20:00+00:00,10.112213983333334,20.112213983333334
2026-07-23T04:30:00+00:00,10.179909933333333,20.17990993333333
2026-07-23T04:40:00+00:00,10.093987733333334,20.093987733333332
2026-07-23T04:50:00+00:00,10.147446949999999,20.147446950000003
2026-07-23T05:00:00+00:00,10.104638183333332,20.104638183333336
2026-07-23T05:10:00+00:00,10.158946416666668,20.158946416666666
2026-07-23T05:20:00+00:00,10.151204633333332,20.151204633333336
2026-07-23T05:30:00+00:00,10.10081525,20.10081525
2026-07-23T05:40:00+00:00,10.291596233333333,20.291596233333333
2026-07-23T05:50:00+00:00,10.145469133333334,20.145469133333332
2026-07-23T06:00:00+00:00,10.245842983333334,20.245842983333333
2026-07-23T06:10:00+00:00,10.146236133333334,20.146236133333332
2026-07-23T06:20:00+00:00,10.119260366666667,20.119260366666666
2026-07-23T06:30:00+00:00,10.11679475,20.11679475
2026-07-23T06:40:00+00:00,10.233622,20.233622
2026-07-23T06:50:00+00:00,10.099325966666667,20.099325966666665
2026-07-23T07:00:00+00:00,10.12195,20.121950000000002
2026-07-23T07:10:00+00:00,10.13360465,20.13360465
2026-07-23T07:20:00+00:00,10.0790324,20.079032400000003
2026-07-23T07:30:00+00:00,10.132770433333333,20.132770433333334
2026-07-23T07:40:00+00:00,10.132932799999999,20.1329328
2026-07-23T07:50:00+00:00,10.1404704,20.1404704
2026-07-23T08:00:00+00:00,10.131022699999999,20.131022700000003
2026-07-23T08:10:00+00:00,10.139978483333334,20.139978483333334
2026-07-23T08:20:00+00:00,10.097723566666668,20.097723566666666
2026-07-23T08:30:00+00:00,10.158377733333333,20.158377733333335
2026-07-23T08:40:00+00:00,10.234873116666668,20.234873116666666
2026-07-23T08:50:00+00:00,10.086923466666667,20.08692346666667
2026-07-23T09:00:00+00:00,10.152358333333332,20.152358333333332
2026-07-23T09:10:00+00:00,10.144200266666667,20.144200266666665
2026-07-23T09:20:00+00:00,10.189406483333332,20.189406483333336
2026-07-23T09:30:00+00:00,10.14860615,20.14860615
2026-07-23T09:40:00+00:00,10.217801933333334,20.21780193333333
2026-07-23T09:50:00+00:00,10.130018900000001,20.1300189
2026-07-23T10:00:00+00:00,10.150264016666666,20.150264016666664
2026-07-23T10:10:00+00:00,10.115776133333332,20.115776133333334
2026-07-23T10:20:00+00:00,10.185709216666668,20.185709216666666
2026-07-23T10:30:00+00:00,10.158673333333333,20.158673333333336
2026-07-23T10:40:00+00:00,10.135710366666666,20.135710366666668
2026-07-23T10:50:00+00:00,10.132806566666666,20.132806566666666
2026-07-23T11:00:00+00:00,10.131313133333332,20.131313133333332
2026-07-23T11:10:00+00:00,10.218969666666668,20.218969666666666
2026-07-23T11:20:00+00:00,10.089934966666668,20.089934966666664
2026-07-23T11:30:00+00:00,10.098080566666665,20.098080566666667
2026-07-23T11:40:00+00:00,10.073889900000001,20.073889899999998
2026-07-23T11:50:00+00:00,10.13680495,20.13680495
2026-07-23T12:00:00+00:00,10.095019633333333,20.095019633333333
2026-07-23T12:20:00+00:00,10.083214349999999,20.08321435
2026-07-23T12:30:00+00:00,10.092767533333333,20.092767533333333
2026-07-23T12:40:00+00:00,10.078584683333334,20.078584683333336
2026-07-23T12:50:00+00:00,10.105146066666666,20.10514606666667
2026-07-23T13:00:00+00:00,10.138143266666667,20.138143266666667
2026-07-23T13:10:00+00:00,10.137103366666667,20.13710336666667
2026-07-23T13:20:00+00:00,10.075581949999998,20.07558195
2026-07-23T13:30:00+00:00,10.166422883333333,20.166422883333333
2026-07-23T13:40:00+00:00,10.08993525,20.08993525
2026-07-23T13:50:00+00:00,10.136228866666666,20.136228866666666
2026-07-23T14:00:00+00:00,10.1028458,20.1028458
2026-07-23T14:10:00+00:00,10.17341725,20.17341725
2026-07-23T14:20:00+00:00,10.08284105,20.082841050000003
2026-07-23T14:30:00+00:00,10.134435166666666,20.134435166666666
2026-07-23T14:40:00+00:00,10.13107345,20.13107345
2026-07-23T14:50:00+00:00,10.159947016666667,20.159947016666667
2026-07-23T15:00:00+00:00,10.125118733333332,20.125118733333334
2026-07-23T15:10:00+00:00,10.167266716666667,20.167266716666667
2026-07-23T15:20:00+00:00,10.168846016666667,20.168846016666667
2026-07-23T15:30:00+00:00,10.128749699999998,20.1287497
2026-07-23T15:40:00+00:00,10.196804883333334,20.196804883333336
2026-07-23T15:50:00+00:00,10.173942066666665,20.173942066666665
2026-07-23T16:00:00+00:00,10.104866466666666,20.104866466666667
2026-07-23T16:10:00+00:00,10.114605566666667,20.11460556666667
2026-07-23T16:20:00+00:00,10.120659366666667,20.120659366666665
2026-07-23T16:30:00+00:00,10.084961366666667,20.08496136666667
2026-07-23T16:40:00+00:00,10.073134633333332,20.073134633333332
2026-07-23T16:50:00+00:00,10.177906983333333,20.177906983333333
2026-07-23T17:00:00+00:00,10.136256150000001,20.13625615
2026-07-23T17:10:00+00:00,10.184117350000001,20.18411735
2026-07-23T17:20:00+00:00,10.0824345,20.082434499999998
2026-07-23T17:30:00+00:00,10.168042366666667,20.16804236666667
2026-07-23T17:40:00+00:00,10.11139085,20.111390850000003
2026-07-23T17:50:00+00:00,10.19733885,20.19733885
2026-07-23T18:00:00+00:00,10.1001523,20.100152299999998
2026-07-23T18:10:00+00:00,10.225604783333333,20.22560478333333
2026-07-23T18:20:00+00:00,10.138658583333333,20.13865858333333
2026-07-23T18:30:00+00:00,10.192375316666666,20.192375316666666
2026-07-23T18:40:00+00:00,10.181921783333333,20.181921783333333
2026-07-23T18:50:00+00:00,10.229731716666667,20.229731716666667
2026-07-23T19:00:00+00:00,10.063664133333333,20.063664133333337
2026-07-23T19:10:00+00:00,10.168672133333333,20.168672133333335
2026-07-23T19:20:00+00:00,10.108400316666666,20.108400316666668
2026-07-23T19:30:00+00:00,10.327612316666666,20.327612316666666
2026-07-23T19:40:00+00:00,10.064921783333334,20.064921783333332
2026-07-23T19:50:00+00:00,10.142417983333333,20.142417983333335
2026-07-23T20:00:00+00:00,10.14349255,20.14349255
2026-07-23T20:10:00+00:00,10.08137655,20.08137655
2026-07-23T20:20:00+00:00,10.113976650000001,20.113976649999998
2026-07-23T20:30:00+00:00,10.1490501,20.1490501
2026-07-23T20:40:00+00:00,10.229203383333333,20.229203383333335
2026-07-23T20:50:00+00:00,10.101164466666667,20.101164466666667
2026-07-23T21:00:00+00:00,10.112894166666667,20.112894166666667
2026-07-23T21:10:00+00:00,10.2125547,20.2125547
2026-07-23T21:20:00+00:00,10.187470433333335,20.18747043333333
2026-07-23T21:30:00+00:00,10.092074566666668,20.092074566666668
2026-07-23T21:40:00+00:00,10.104030016666666,20.104030016666666
2026-07-23T21:50:00+00:00,10.17676365,20.17676365
2026-07-23T22:00:00+00:00,10.219769683333334,20.219769683333332
2026-07-23T22:10:00+00:00,10.2485873,20.2485873
2026-07-23T22:20:00+00:00,10.074465833333333,20.07446583333333
2026-07-23T22:30:00+00:00,10.137470666666667,20.137470666666665
2026-07-23T22:40:00+00:00,10.166131383333333,20.166131383333333
2026-07-23T22:50:00+00:00,10.154373983333333,20.154373983333336
2026-07-23T23:00:00+00:00,10.112678283333334,20.11267828333333
2026-07-23T23:10:00+00:00,10.116318533333333,20.116318533333335
2026-07-23T23:20:00+00:00,10.073910616666666,20.07391061666667
2026-07-23T23:30:00+00:00,10.110073550000001,20.11007355
2026-07-23T23:40:00+00:00,10.067484199999999,20.067484200000003
2026-07-23T23:50:00+00:00,10.184391799999998,20.1843918
2026-07-24T00:00:00+00:00,10.073040333333333,20.07304033333333
2026-07-24T00:10:00+00:00,10.169712633333335,20.169712633333333
2026-07-24T00:20:00+00:00,10.0788113,20.078811299999998
2026-07-24T00:30:00+00:00,10.1410556,20.1410556
2026-07-24T00:40:00+00:00,10.092537233333333,20.092537233333335
2026-07-24T00:50:00+00:00,10.1133063,20.113306299999998
2026-07-24T01:00:00+00:00,10.131461933333332,20.131461933333334
2026-07-24T01:10:00+00:00,10.197063583333334,20.197063583333332
2026-07-24T01:20:00+00:00,10.071239233333333,20.071239233333333
2026-07-24T01:30:00+00:00,10.1422175,20.1422175
2026-07-24T01:40:00+00:00,10.215601766666667,20.21560176666667
2026-07-24T01:50:00+00:00,10.079800983333334,20.07980098333333
2026-07-24T02:00:00+00:00,10.067320950000001,20.06732095
2026-07-24T02:10:00+00:00,10.151505466666666,20.151505466666666
2026-07-24T02:20:00+00:00,10.07635855,20.076358550000002
2026-07-24T02:30:00+00:00,10.1682758,20.1682758
2026-07-24T02:40:00+00:00,10.123696783333333,20.123696783333333
2026-07-24T02:50:00+00:00,10.179101366666666,20.179101366666664
2026-07-24T03:00:00+00:00,10.08043735,20.08043735
2026-07-24T03:10:00+00:00,10.192233233333333,20.192233233333333
2026-07-24T03:20:00+00:00,10.080952866666667,20.080952866666667
2026-07-24T03:30:00+00:00,10.177064283333333,20.177064283333333
2026-07-24T03:40:00+00:00,10.181273916666667,20.181273916666665
2026-07-24T03:50:00+00:00,10.158674633333334,20.15867463333333
2026-07-24T04:00:00+00:00,10.072819266666666,20.072819266666666
2026-07-24T04:10:00+00:00,10.356607700000001,20.356607699999998
2026-07-24T04:20:00+00:00,10.075173150000001,20.07517315
2026-07-24T04:30:00+00:00,10.14046115,20.14046115
2026-07-24T04:40:00+00:00,10.240540833333334,20.240540833333334
2026-07-24T04:50:00+00:00,10.180759700000001,20.1807597
2026-07-24T05:00:00+00:00,10.107190433333333,20.107190433333336
2026-07-24T05:10:00+00:00,10.129725883333332,20.129725883333332
2026-07-24T05:20:00+00:00,10.134860166666666,20.134860166666666
2026-07-24T05:30:00+00:00,10.0979154,20.097915399999998
2026-07-24T05:40:00+00:00,10.086839233333334,20.086839233333333
2026-07-24T05:50:00+00:00,10.124808416666667,20.124808416666667
2026-07-24T06:00:00+00:00,10.144984483333333,20.144984483333335
2026-07-24T06:10:00+00:00,10.142675133333334,20.142675133333334
2026-07-24T06:20:00+00:00,10.102238183333332,20.102238183333334
2026-07-24T06:30:00+00:00,10.147066583333332,20.147066583333334
2026-07-24T06:40:00+00:00,10.130307966666667,20.130307966666667
2026-07-24T06:50:00+00:00,10.095874083333333,20.095874083333335
2026-07-24T07:00:00+00:00,10.0769797,20.0769797
2026-07-24T07:10:00+00:00,10.097172916666667,20.09717291666667
2026-07-24T07:20:00+00:00,10.1814138,20.181413799999998
2026-07-24T07:30:00+00:00,10.141489016666666,20.141489016666664
2026-07-24T07:40:00+00:00,10.82160965,20.821609650000003
2026-07-24T07:50:00+00:00,10.139751666666665,20.139751666666665
2026-07-24T08:00:00+00:00,10.088929966666665,20.08892996666667
2026-07-24T08:10:00+00:00,10.098373400000002,20.0983734
2026-07-24T08:20:00+00:00,10.095526583333333,20.09552658333333
2026-07-24T08:30:00+00:00,10.119697816666667,20.119697816666665
2026-07-24T08:40:00+00:00,10.091774616666667,20.091774616666665
2026-07-24T08:50:00+00:00,10.11037415,20.11037415
2026-07-24T09:00:00+00:00,10.12297275,20.12297275
2026-07-24T09:10:00+00:00,10.16552645,20.16552645
2026-07-24T09:20:00+00:00,10.090657383333333,20.090657383333333
2026-07-24T09:30:00+00:00,10.124151549999999,20.12415155
2026-07-24T09:40:00+00:00,10.0765271,20.0765271
2026-07-24T09:50:00+00:00,10.2110102,20.211010199999997
2026-07-24T10:00:00+00:00,10.189598216666667,20.189598216666663
2026-07-24T10:10:00+00:00,10.209355183333335,20.209355183333333
2026-07-24T10:20:00+00:00,11.181766866666667,21.181766866666667
2026-07-24T10:30:00+00:00,10.108004099999999,20.108004100000002
2026-07-24T10:40:00+00:00,10.080251800000001,20.0802518
2026-07-24T10:50:00+00:00,10.2289859,20.2289859
2026-07-24T11:10:00+00:00,10.095456433333334,20.095456433333332
2026-07-24T11:20:00+00:00,10.083790833333333,20.083790833333335
2026-07-24T11:30:00+00:00,10.177834350000001,20.17783435
2026-07-24T11:40:00+00:00,10.098696133333334,20.09869613333333
2026-07-24T11:50:00+00:00,10.166681483333333,20.16668148333333
2026-07-24T12:00:00+00:00,10.153071916666667,20.153071916666665
2026-07-24T12:10:00+00:00,10.168205666666667,20.168205666666665
2026-07-24T12:20:00+00:00,10.106960083333332,20.106960083333334
2026-07-24T12:30:00+00:00,10.169976366666667,20.169976366666667
2026-07-24T12:40:00+00:00,10.095069966666667,20.095069966666664
2026-07-24T12:50:00+00:00,10.142772516666668,20.142772516666664
2026-07-24T13:00:00+00:00,10.1171533,20.1171533
2026-07-24T13:10:00+00:00,10.309386499999999,20.309386500000002
2026-07-24T13:20:00+00:00,10.13913225,20.13913225
2026-07-24T13:30:00+00:00,10.1637188,20.1637188
2026-07-24T13:40:00+00:00,10.068416299999999,20.068416300000003
2026-07-24T13:50:00+00:00,10.193463033333334,20.193463033333334
2026-07-24T14:00:00+00:00,10.090360066666667,20.090360066666666
2026-07-24T14:10:00+00:00,10.163245183333334,20.163245183333334
2026-07-24T14:20:00+00:00,10.119879183333333,20.119879183333335
2026-07-24T14:30:00+00:00,10.35771395,20.35771395
2026-07-24T14:40:00+00:00,10.086299816666667,20.086299816666667
2026-07-24T14:50:00+00:00,10.21771815,20.21771815
2026-07-24T15:00:00+00:00,10.118988433333334,20.118988433333335
2026-07-24T15:10:00+00:00,10.126482083333334,20.126482083333332
2026-07-24T15:20:00+00:00,10.142259166666665,20.14225916666667
2026-07-24T15:30:00+00:00,10.134321683333333,20.134321683333333
2026-07-24T15:40:00+00:00,10.142102983333332,20.142102983333334
2026-07-24T15:50:00+00:00,10.22608725,20.22608725
2026-07-24T16:00:00+00:00,10.116576016666667,20.116576016666667
2026-07-24T16:10:00+00:00,10.15533615,20.15533615
2026-07-24T16:20:00+00:00,10.147349649999999,20.147349650000002
2026-07-24T16:30:00+00:00,10.150649466666666,20.150649466666668
2026-07-24T16:40:00+00:00,10.135941766666667,20.13594176666667
2026-07-24T16:50:00+00:00,10.198251133333335,20.198251133333333
2026-07-24T17:00:00+00:00,10.087215716666666,20.087215716666666
2026-07-24T17:10:00+00:00,10.201683783333333,20.201683783333333
2026-07-24T17:20:00+00:00,10.095902066666667,20.095902066666667
2026-07-24T17:30:00+00:00,10.116635416666666,20.116635416666668
2026-07-24T17:40:00+00:00,10.123390816666667,20.123390816666664
2026-07-24T17:50:00+00:00,10.116010366666666,20.116010366666668
2026-07-24T18:00:00+00:00,10.11777085,20.11777085
2026-07-24T18:10:00+00:00,10.239358366666666,20.239358366666668
2026-07-24T18:20:00+00:00,10.1758094,20.1758094
2026-07-24T18:30:00+00:00,10.1753333,20.1753333
2026-07-24T18:40:00+00:00,10.120327766666666,20.120327766666666
2026-07-24T18:50:00+00:00,10.169771566666666,20.169771566666668
2026-07-24T19:00:00+00:00,10.065467266666667,20.065467266666666
2026-07-24T19:10:00+00:00,10.237574516666665,20.237574516666665
2026-07-24T19:20:00+00:00,10.081953933333333,20.081953933333335
2026-07-24T19:30:00+00:00,10.158133350000002,20.15813335
2026-07-24T19:40:00+00:00,10.070153916666667,20.070153916666666
2026-07-24T19:50:00+00:00,10.203551233333334,20.203551233333332
2026-07-24T20:00:00+00:00,10.065373616666667,20.065373616666665
2026-07-24T20:10:00+00:00,10.25912385,20.259123849999998
2026-07-24T20:20:00+00:00,10.086218666666667,20.086218666666664
2026-07-24T20:30:00+00:00,10.097904316666668,20.097904316666664
2026-07-24T20:50:00+00:00,10.227053933333334,20.22705393333333
2026-07-24T21:00:00+00:00,10.1871576,20.1871576
2026-07-24T21:10:00+00:00,10.231599583333333,20.23159958333333
2026-07-24T21:20:00+00:00,10.10686085,20.106860849999997
2026-07-24T21:30:00+00:00,10.114051266666667,20.114051266666667
2026-07-24T21:40:00+00:00,10.085688633333332,20.085688633333334
2026-07-24T21:50:00+00:00,10.118019299999998,20.1180193
2026-07-24T22:00:00+00:00,10.118586966666667,20.118586966666665
2026-07-24T22:20:00+00:00,10.092327333333333,20.092327333333333
2026-07-24T22:30:00+00:00,10.187558450000001,20.187558449999997
2026-07-24T22:40:00+00:00,10.075459483333333,20.075459483333336
2026-07-24T22:50:00+00:00,10.199609083333334,20.199609083333332
2026-07-24T23:00:00+00:00,10.064562166666667,20.06456216666667
2026-07-24T23:10:00+00:00,10.300439566666666,20.300439566666668
2026-07-24T23:20:00+00:00,10.118479966666666,20.118479966666666
2026-07-24T23:30:00+00:00,10.167033666666667,20.16703366666667
2026-07-24T23:40:00+00:00,10.076421716666665,20.07642171666667
2026-07-24T23:50:00+00:00,10.1725912,20.1725912
2026-07-25T00:00:00+00:00,10.0948702,20.0948702
2026-07-25T00:10:00+00:00,10.2231207,20.2231207
2026-07-25T00:20:00+00:00,10.179353333333333,20.17935333333333
2026-07-25T00:30:00+00:00,10.088536583333333,20.088536583333333
2026-07-25T00:40:00+00:00,10.159943066666667,20.159943066666663
2026-07-25T00:50:00+00:00,10.162191483333334,20.162191483333334
2026-07-25T01:00:00+00:00,10.299058466666667,20.29905846666667
2026-07-25T01:10:00+00:00,10.08273015,20.08273015
2026-07-25T01:20:00+00:00,10.066367816666666,20.066367816666666
2026-07-25T01:30:00+00:00,10.136508216666666,20.136508216666666
2026-07-25T01:40:00+00:00,10.172379033333334,20.172379033333335
2026-07-25T01:50:00+00:00,10.152763133333334,20.152763133333334
2026-07-25T02:00:00+00:00,10.20572905,20.20572905
2026-07-25T02:10:00+00:00,10.13613135,20.136131350000003
2026-07-25T02:20:00+00:00,10.133339716666667,20.13333971666667
2026-07-25T02:30:00+00:00,10.119656816666666,20.11965681666667
2026-07-25T02:40:00+00:00,10.2375073,20.2375073
2026-07-25T02:50:00+00:00,10.120502916666668,20.120502916666666
2026-07-25T03:00:00+00:00,10.147164166666666,20.147164166666666
2026-07-25T03:10:00+00:00,10.198893883333334,20.198893883333334
2026-07-25T03:20:00+00:00,10.116303799999999,20.1163038
2026-07-25T03:30:00+00:00,10.092886683333335,20.092886683333333
2026-07-25T03:40:00+00:00,10.065290916666667,20.065290916666665
2026-07-25T03:50:00+00:00,10.1191853,20.1191853
2026-07-25T04:00:00+00:00,10.112136233333333,20.112136233333334
2026-07-25T04:10:00+00:00,10.099358683333332,20.09935868333333
2026-07-25T04:20:00+00:00,10.170152,20.170151999999998
2026-07-25T04:30:00+00:00,10.117447383333333,20.117447383333335
2026-07-25T04:40:00+00:00,10.247791433333333,20.247791433333337
2026-07-25T04:50:00+00:00,10.208104100000002,20.2081041
2026-07-25T05:00:00+00:00,10.0709178,20.0709178
2026-07-25T05:10:00+00:00,10.081660283333333,20.081660283333335
2026-07-25T05:20:00+00:00,10.116351033333332,20.116351033333334
2026-07-25T05:30:00+00:00,10.26601,20.26601
2026-07-25T05:40:00+00:00,10.090762549999999,20.09076255
2026-07-25T05:50:00+00:00,10.157314000000001,20.157314
2026-07-25T06:00:00+00:00,10.150174666666667,20.150174666666665
2026-07-25T06:10:00+00:00,10.140791766666666,20.140791766666666
2026-07-25T06:20:00+00:00,10.184474366666667,20.184474366666667
2026-07-25T06:30:00+00:00,10.162760350000001,20.16276035
2026-07-25T06:40:00+00:00,10.081043133333333,20.08104313333333
2026-07-25T06:50:00+00:00,10.146262683333333,20.146262683333337
2026-07-25T07:00:00+00:00,10.0979817,20.0979817
2026-07-25T07:10:00+00:00,10.2133566,20.2133566
2026-07-25T07:20:00+00:00,10.071464016666665,20.071464016666667
2026-07-25T07:30:00+00:00,10.134286566666667,20.134286566666667
2026-07-25T07:40:00+00:00,10.077115899999999,20.077115900000003
2026-07-25T07:50:00+00:00,10.200119,20.200118999999997
2026-07-25T08:00:00+00:00,10.09198955,20.09198955
2026-07-25T08:10:00+00:00,10.1984133,20.198413300000002
2026-07-25T08:20:00+00:00,10.075068566666666,20.07506856666667
2026-07-25T08:30:00+00:00,10.154948866666667,20.154948866666665
2026-07-25T08:40:00+00:00,10.063480066666667,20.063480066666667
2026-07-25T08:50:00+00:00,10.161255183333333,20.16125518333333
2026-07-25T09:00:00+00:00,10.08479915,20.08479915
2026-07-25T09:10:00+00:00,10.0822607,20.0822607
2026-07-25T09:20:00+00:00,10.091301083333333,20.091301083333335
2026-07-25T09:30:00+00:00,10.091684899999999,20.0916849
2026-07-25T09:40:00+00:00,10.1544221,20.154422099999998
2026-07-25T09:50:00+00:00,10.184357816666667,20.184357816666665
2026-07-25T10:00:00+00:00,10.162243,20.162243
2026-07-25T10:10:00+00:00,10.21285225,20.21285225
2026-07-25T10:20:00+00:00,10.143822783333333,20.143822783333334
2026-07-25T10:30:00+00:00,10.176308866666666,20.176308866666666
2026-07-25T10:40:00+00:00,10.064820733333333,20.06482073333333
2026-07-25T10:50:00+00:00,10.206416883333333,20.206416883333336
2026-07-25T11:00:00+00:00,10.070033,20.070033000000002
2026-07-25T11:10:00+00:00,10.154530683333332,20.154530683333334
2026-07-25T11:20:00+00:00,10.08629925,20.086299250000003
2026-07-25T11:30:00+00:00,10.107399766666667,20.107399766666667
2026-07-25T11:40:00+00:00,10.075467883333333,20.07546788333333
2026-07-25T11:50:00+00:00,10.117466266666666,20.117466266666668
2026-07-25T12:00:00+00:00,10.094644149999999,20.09464415
2026-07-25T12:10:00+00:00,10.15531305,20.15531305
2026-07-25T12:20:00+00:00,10.100204133333333,20.10020413333333
2026-07-25T12:30:00+00:00,10.083343866666667,20.083343866666667
2026-07-25T12:40:00+00:00,10.080206333333333,20.080206333333333
2026-07-25T12:50:00+00:00,11.100017766666667,21.100017766666667
2026-07-25T13:00:00+00:00,10.16271605,20.162716049999997
2026-07-25T13:10:00+00:00,10.170726166666666,20.170726166666668
2026-07-25T13:20:00+00:00,10.111371216666667,20.111371216666665
2026-07-25T13:30:00+00:00,10.1762032,20.1762032
2026-07-25T13:40:00+00:00,10.135817266666667,20.135817266666667
2026-07-25T13:50:00+00:00,10.090767666666666,20.090767666666668
2026-07-25T14:00:00+00:00,10.247044016666667,20.247044016666667
2026-07-25T14:10:00+00:00,10.247775516666668,20.247775516666664
2026-07-25T14:20:00+00:00,10.130602483333332,20.130602483333334
2026-07-25T14:30:00+00:00,10.212238333333334,20.212238333333335
2026-07-25T14:40:00+00:00,10.074752,20.074752
2026-07-25T14:50:00+00:00,10.136080983333333,20.136080983333333
2026-07-25T15:00:00+00:00,10.111501,20.111500999999997
2026-07-25T15:10:00+00:00,10.150608566666667,20.150608566666666
2026-07-25T15:20:00+00:00,10.085953166666666,20.085953166666666
2026-07-25T15:30:00+00:00,10.12242725,20.122427249999998
2026-07-25T15:40:00+00:00,10.139820583333334,20.139820583333336
2026-07-25T15:50:00+00:00,10.119415366666667,20.119415366666665
2026-07-25T16:00:00+00:00,10.090238783333332,20.090238783333334
2026-07-25T16:10:00+00:00,10.187220866666667,20.187220866666667
2026-07-25T16:20:00+00:00,10.104321599999999,20.1043216
2026-07-25T16:30:00+00:00,10.09741255,20.09741255
2026-07-25T16:40:00+00:00,10.0586568,20.0586568
2026-07-25T16:50:00+00:00,10.181654316666668,20.181654316666666
2026-07-25T17:00:00+00:00,10.079746983333333,20.079746983333333
2026-07-25T17:10:00+00:00,10.248672033333333,20.24867203333333
2026-07-25T17:20:00+00:00,10.074122999999998,20.074123
2026-07-25T17:30:00+00:00,10.090309666666666,20.090309666666666
2026-07-25T17:40:00+00:00,10.149506733333334,20.149506733333332
2026-07-25T17:50:00+00:00,10.179980800000001,20.1799808
2026-07-25T18:00:00+00:00,10.1227573,20.1227573
2026-07-25T18:10:00+00:00,10.180160416666666,20.18016041666667
2026-07-25T18:20:00+00:00,10.09701055,20.09701055
2026-07-25T18:30:00+00:00,10.135758583333335,20.13575858333333
2026-07-25T18:40:00+00:00,10.252413833333332,20.252413833333332
2026-07-25T18:50:00+00:00,10.220810033333333,20.220810033333333
2026-07-25T19:00:00+00:00,10.121981116666666,20.121981116666667
2026-07-25T19:10:00+00:00,10.1096703,20.1096703
2026-07-25T19:20:00+00:00,10.068343866666668,20.068343866666666
2026-07-25T19:30:00+00:00,10.189776700000001,20.1897767
2026-07-25T19:40:00+00:00,10.183318250000001,20.18331825
2026-07-25T19:50:00+00:00,10.122334416666666,20.122334416666668
2026-07-25T20:00:00+00:00,10.076404383333333,20.076404383333333
