ts,date,sun_elev_deg,daylight,camera_invalid,sun_in_frame,camera,satellite_clm,weather_brightsky,weather_openmeteo,complete_case
2026-07-02T13:50:00+00:00,2026-07-02,52.04,1,1,1,0.0386,26.39,63.0,23.0,0
2026-07-02T14:00:00+00:00,2026-07-02,50.59,1,1,1,10.542,18.06,63.0,0.0,0
2026-07-02T14:10:00+00:00,2026-07-02,49.1,1,0,1,2.6838,13.89,38.0,0.0,1
2026-07-02T14:20:00+00:00,2026-07-02,47.58,1,0,1,6.2115,9.72,38.0,0.0,1
2026-07-02T14:30:00+00:00,2026-07-02,46.03,1,0,1,3.0327,4.17,38.0,0.0,1
2026-07-02T14:40:00+00:00,2026-07-02,44.46,1,0,1,2.1933,2.78,63.0,0.0,1
2026-07-02T14:50:00+00:00,2026-07-02,42.87,1,0,1,3.5547,0.0,63.0,0.0,1
2026-07-02T15:00:00+00:00,2026-07-02,41.26,1,0,1,5.5818,0.0,63.0,0.0,1
2026-07-02T15:10:00+00:00,2026-07-02,39.64,1,0,1,8.2272,2.78,50.0,0.0,1
2026-07-02T15:20:00+00:00,2026-07-02,38.01,1,0,1,9.4945,4.17,50.0,0.0,1
2026-07-02T15:30:00+00:00,2026-07-02,36.38,1,0,1,11.6051,0.0,50.0,0.0,1
2026-07-02T15:40:00+00:00,2026-07-02,34.73,1,0,1,3.4195,,25.0,0.0,0
2026-07-02T15:50:00+00:00,2026-07-02,33.08,1,0,1,7.5441,2.78,25.0,0.0,1
2026-07-02T16:00:00+00:00,2026-07-02,31.44,1,0,1,18.0182,0.0,25.0,0.0,1
2026-07-02T16:10:00+00:00,2026-07-02,29.79,1,0,1,4.4715,1.39,25.0,0.0,1
2026-07-02T16:20:00+00:00,2026-07-02,28.14,1,0,1,5.6791,0.0,25.0,3.0,1
2026-07-02T16:30:00+00:00,2026-07-02,26.5,1,0,1,4.8049,6.94,25.0,5.0,1
2026-07-02T16:40:00+00:00,2026-07-02,24.86,1,0,1,3.4824,4.17,13.0,3.0,1
2026-07-02T16:50:00+00:00,2026-07-02,23.23,1,0,1,4.9697,4.17,13.0,5.0,1
2026-07-02T17:00:00+00:00,2026-07-02,21.6,1,0,1,4.2078,0.0,13.0,6.0,1
2026-07-02T17:10:00+00:00,2026-07-02,19.99,1,0,1,4.7735,0.0,0.0,6.0,1
2026-07-02T17:20:00+00:00,2026-07-02,18.39,1,0,1,6.5354,0.0,0.0,9.0,1
2026-07-02T17:30:00+00:00,2026-07-02,16.8,1,0,1,4.0148,0.0,0.0,11.0,1
2026-07-02T17:40:00+00:00,2026-07-02,15.22,1,0,1,5.1719,8.33,0.0,11.0,1
2026-07-02T17:50:00+00:00,2026-07-02,13.67,1,0,1,43.6815,18.06,0.0,14.0,1
2026-07-02T18:00:00+00:00,2026-07-02,12.13,1,0,1,55.1063,12.5,0.0,16.0,1
2026-07-02T18:10:00+00:00,2026-07-02,10.61,1,0,1,24.1012,8.33,0.0,16.0,1
2026-07-02T18:20:00+00:00,2026-07-02,9.11,1,0,0,20.5878,5.56,0.0,18.0,1
2026-07-02T18:30:00+00:00,2026-07-02,7.64,1,0,0,21.6225,1.39,0.0,20.0,1
2026-07-02T18:40:00+00:00,2026-07-02,6.19,1,0,0,29.097,0.0,38.0,20.0,1
2026-07-02T18:50:00+00:00,2026-07-02,4.78,0,0,,,0.0,38.0,22.0,0
2026-07-02T19:00:00+00:00,2026-07-02,3.42,0,0,,,2.78,38.0,24.0,0
2026-07-02T19:10:00+00:00,2026-07-02,2.1,0,0,,,18.06,0.0,24.0,0
2026-07-02T19:20:00+00:00,2026-07-02,0.87,0,0,,,29.17,0.0,35.0,0
2026-07-02T19:30:00+00:00,2026-07-02,-0.87,0,0,,,31.94,0.0,63.0,0
2026-07-02T19:40:00+00:00,2026-07-02,-2.16,0,0,,,,0.0,63.0,0
2026-07-02T19:50:00+00:00,2026-07-02,-3.42,0,0,,,19.44,0.0,73.0,0
2026-07-02T20:00:00+00:00,2026-07-02,-4.64,0,0,,,33.33,,,0
2026-07-02T20:10:00+00:00,2026-07-02,-5.83,0,0,,,63.89,13.0,83.0,0
2026-07-02T20:20:00+00:00,2026-07-02,-6.97,0,0,,,,13.0,87.0,0
2026-07-02T20:30:00+00:00,2026-07-02,-8.07,0,0,,,55.56,13.0,92.0,0
2026-07-02T20:40:00+00:00,2026-07-02,-9.12,0,0,,,75.0,25.0,92.0,0
2026-07-02T20:50:00+00:00,2026-07-02,-10.13,0,0,,,93.06,25.0,96.0,0
2026-07-02T21:00:00+00:00,2026-07-02,-11.08,0,0,,,97.22,25.0,100.0,0
2026-07-02T21:10:00+00:00,2026-07-02,-11.99,0,0,,,100.0,88.0,100.0,0
2026-07-02T21:20:00+00:00,2026-07-02,-12.85,0,0,,,100.0,88.0,96.0,0
2026-07-02T21:30:00+00:00,2026-07-02,-13.64,0,0,,,100.0,88.0,93.0,0
2026-07-02T21:40:00+00:00,2026-07-02,-14.39,0,0,,,100.0,88.0,93.0,0
2026-07-02T21:50:00+00:00,2026-07-02,-15.07,0,0,,,100.0,88.0,89.0,0
2026-07-02T22:00:00+00:00,2026-07-02,-15.69,0,0,,,100.0,88.0,85.0,0
2026-07-02T22:10:00+00:00,2026-07-02,-16.25,0,0,,,100.0,100.0,85.0,0
2026-07-02T22:20:00+00:00,2026-07-02,-16.75,0,0,,,100.0,100.0,85.0,0
2026-07-02T22:30:00+00:00,2026-07-02,-17.18,0,0,,,100.0,100.0,86.0,0
2026-07-02T22:40:00+00:00,2026-07-02,-17.55,0,0,,,98.61,88.0,86.0,0
2026-07-02T22:50:00+00:00,2026-07-02,-17.85,0,0,,,98.61,88.0,66.0,0
2026-07-02T23:00:00+00:00,2026-07-02,-18.08,0,0,,,93.06,88.0,,0
2026-07-02T23:10:00+00:00,2026-07-02,-18.24,0,0,,,87.5,100.0,59.0,0
2026-07-02T23:20:00+00:00,2026-07-02,-18.33,0,0,,,81.94,100.0,67.0,0
2026-07-02T23:30:00+00:00,2026-07-02,-18.35,0,0,,,76.39,100.0,75.0,0
2026-07-02T23:40:00+00:00,2026-07-02,-18.31,0,0,,,68.06,100.0,75.0,0
2026-07-02T23:50:00+00:00,2026-07-02,-18.19,0,0,,,61.11,100.0,82.0,0
2026-07-03T00:00:00+00:00,2026-07-03,-18.0,0,0,,,76.39,100.0,90.0,0
2026-07-03T00:10:00+00:00,2026-07-03,-17.75,0,0,,,75.0,88.0,90.0,0
2026-07-03T00:20:00+00:00,2026-07-03,-17.42,0,0,,,83.33,88.0,91.0,0
2026-07-03T00:30:00+00:00,2026-07-03,-17.03,0,0,,,91.67,88.0,93.0,0
2026-07-03T00:40:00+00:00,2026-07-03,-16.58,0,0,,,84.72,63.0,93.0,0
2026-07-03T00:50:00+00:00,2026-07-03,-16.05,0,0,,,83.33,63.0,94.0,0
2026-07-03T01:00:00+00:00,2026-07-03,-15.47,0,0,,,83.33,63.0,95.0,0
2026-07-03T01:10:00+00:00,2026-07-03,-14.82,0,0,,,93.06,88.0,95.0,0
2026-07-03T01:20:00+00:00,2026-07-03,-14.12,0,0,,,100.0,88.0,96.0,0
2026-07-03T01:30:00+00:00,2026-07-03,-13.36,0,0,,,95.83,88.0,95.0,0
2026-07-03T01:40:00+00:00,2026-07-03,-12.54,0,0,,,86.11,100.0,95.0,0
2026-07-03T01:50:00+00:00,2026-07-03,-11.66,0,0,,,68.06,100.0,95.0,0
2026-07-03T02:00:00+00:00,2026-07-03,-10.74,0,0,,,54.17,100.0,95.0,0
2026-07-03T02:10:00+00:00,2026-07-03,-9.76,0,0,,,72.22,100.0,95.0,0
2026-07-03T02:20:00+00:00,2026-07-03,-8.74,0,0,,,77.78,100.0,91.0,0
2026-07-03T02:30:00+00:00,2026-07-03,-7.67,0,0,,,91.67,100.0,88.0,0
2026-07-03T02:40:00+00:00,2026-07-03,-6.55,0,0,,,80.56,100.0,88.0,0
2026-07-03T02:50:00+00:00,2026-07-03,-5.39,0,0,,,58.33,100.0,84.0,0
2026-07-03T03:00:00+00:00,2026-07-03,-4.2,0,0,,,38.89,100.0,80.0,0
2026-07-03T03:10:00+00:00,2026-07-03,-2.96,0,0,,,26.39,100.0,80.0,0
2026-07-03T03:20:00+00:00,2026-07-03,-1.69,0,0,,,0.0,100.0,76.0,0
2026-07-03T03:30:00+00:00,2026-07-03,0.15,0,0,,,1.39,100.0,72.0,0
2026-07-03T03:40:00+00:00,2026-07-03,1.31,0,0,,,0.0,100.0,72.0,0
2026-07-03T03:50:00+00:00,2026-07-03,2.58,0,0,,,0.0,100.0,67.0,0
2026-07-03T04:00:00+00:00,2026-07-03,3.91,0,0,,,2.78,100.0,63.0,0
2026-07-03T04:10:00+00:00,2026-07-03,5.3,1,0,0,0.013,0.0,50.0,63.0,1
2026-07-03T04:20:00+00:00,2026-07-03,6.72,1,0,0,0.0004,0.0,50.0,55.0,1
2026-07-03T04:30:00+00:00,2026-07-03,8.17,1,0,0,0.0,0.0,50.0,28.0,1
2026-07-03T04:40:00+00:00,2026-07-03,9.66,1,0,0,0.0041,0.0,0.0,28.0,1
2026-07-03T04:50:00+00:00,2026-07-03,11.16,1,0,0,0.07,0.0,0.0,17.0,1
2026-07-03T05:00:00+00:00,2026-07-03,12.69,1,0,0,7.7768,0.0,0.0,6.0,1
2026-07-03T05:10:00+00:00,2026-07-03,14.24,1,0,0,0.0012,0.0,25.0,6.0,1
2026-07-03T05:20:00+00:00,2026-07-03,15.8,1,0,0,0.001,2.78,25.0,9.0,1
2026-07-03T05:30:00+00:00,2026-07-03,17.38,1,0,0,0.0011,0.0,25.0,12.0,1
2026-07-03T05:40:00+00:00,2026-07-03,18.97,1,0,0,0.0011,2.78,38.0,12.0,1
2026-07-03T05:50:00+00:00,2026-07-03,20.58,1,0,0,0.0024,1.39,38.0,15.0,1
2026-07-03T06:00:00+00:00,2026-07-03,22.2,1,0,0,0.001,5.56,38.0,18.0,1
2026-07-03T06:10:00+00:00,2026-07-03,23.82,1,0,0,0.0006,33.33,0.0,18.0,1
2026-07-03T06:20:00+00:00,2026-07-03,25.46,1,0,0,0.0002,45.83,0.0,24.0,1
2026-07-03T06:30:00+00:00,2026-07-03,27.1,1,0,0,0.0019,68.06,0.0,29.0,1
2026-07-03T06:40:00+00:00,2026-07-03,28.74,1,0,0,0.0003,1.39,13.0,29.0,1
2026-07-03T06:50:00+00:00,2026-07-03,30.39,1,0,0,0.0786,1.39,13.0,35.0,1
2026-07-03T07:00:00+00:00,2026-07-03,32.04,1,0,0,0.0001,1.39,13.0,40.0,1
2026-07-03T07:10:00+00:00,2026-07-03,33.68,1,0,0,0.0003,2.78,38.0,40.0,1
2026-07-03T07:20:00+00:00,2026-07-03,35.33,1,0,0,0.0007,13.89,38.0,43.0,1
2026-07-03T07:30:00+00:00,2026-07-03,36.97,1,0,0,0.1057,45.83,38.0,35.0,1
2026-07-03T07:40:00+00:00,2026-07-03,38.6,1,0,0,0.0505,84.72,25.0,35.0,1
2026-07-03T07:50:00+00:00,2026-07-03,40.23,1,0,0,0.7512,97.22,25.0,51.0,1
2026-07-03T08:00:00+00:00,2026-07-03,41.84,1,0,0,23.8338,34.72,25.0,67.0,1
2026-07-03T08:10:00+00:00,2026-07-03,43.44,1,0,0,13.7014,86.11,38.0,67.0,1
2026-07-03T08:20:00+00:00,2026-07-03,45.02,1,0,0,2.778,69.44,38.0,75.0,1
2026-07-03T08:30:00+00:00,2026-07-03,46.58,1,0,0,10.9829,68.06,38.0,84.0,1
2026-07-03T08:40:00+00:00,2026-07-03,48.12,1,0,0,1.5656,27.78,38.0,84.0,1
2026-07-03T08:50:00+00:00,2026-07-03,49.63,1,0,0,2.3745,73.61,38.0,92.0,1
2026-07-03T09:00:00+00:00,2026-07-03,51.1,1,0,0,22.2957,30.56,38.0,100.0,1
2026-07-03T09:10:00+00:00,2026-07-03,52.54,1,0,0,58.0484,75.0,63.0,100.0,1
2026-07-03T09:20:00+00:00,2026-07-03,53.93,1,0,0,73.3948,100.0,63.0,97.0,1
2026-07-03T09:30:00+00:00,2026-07-03,55.28,1,0,0,93.1919,100.0,63.0,94.0,1
2026-07-03T09:40:00+00:00,2026-07-03,56.56,1,0,0,98.0721,100.0,50.0,94.0,1
2026-07-03T09:50:00+00:00,2026-07-03,57.78,1,0,0,94.5191,100.0,50.0,90.0,1
2026-07-03T10:00:00+00:00,2026-07-03,58.92,1,0,0,90.9201,100.0,50.0,87.0,1
2026-07-03T10:10:00+00:00,2026-07-03,59.98,1,0,0,87.4314,100.0,88.0,87.0,1
2026-07-03T10:20:00+00:00,2026-07-03,60.95,1,0,0,96.0263,100.0,88.0,85.0,1
2026-07-03T10:30:00+00:00,2026-07-03,61.81,1,0,0,72.7686,97.22,88.0,100.0,1
2026-07-03T10:40:00+00:00,2026-07-03,62.56,1,0,0,53.6414,97.22,13.0,100.0,1
2026-07-03T10:50:00+00:00,2026-07-03,63.18,1,0,0,34.9753,,13.0,100.0,0
2026-07-03T11:00:00+00:00,2026-07-03,63.67,1,0,0,48.0698,93.06,13.0,100.0,1
2026-07-03T11:10:00+00:00,2026-07-03,64.02,1,0,0,52.4554,97.22,0.0,100.0,1
2026-07-03T11:20:00+00:00,2026-07-03,64.22,1,0,0,31.4829,91.67,0.0,100.0,1
2026-07-03T11:30:00+00:00,2026-07-03,64.27,1,0,0,48.9934,84.72,0.0,100.0,1
2026-07-03T11:40:00+00:00,2026-07-03,64.16,1,0,0,53.0286,91.67,0.0,100.0,1
2026-07-03T11:50:00+00:00,2026-07-03,63.91,1,0,0,67.3773,100.0,0.0,100.0,1
2026-07-03T12:00:00+00:00,2026-07-03,63.51,1,0,1,67.4115,81.94,0.0,100.0,1
2026-07-03T12:10:00+00:00,2026-07-03,62.96,1,0,1,86.7839,100.0,0.0,100.0,1
2026-07-03T12:20:00+00:00,2026-07-03,62.29,1,0,1,80.2068,86.11,0.0,82.0,1
2026-07-03T12:30:00+00:00,2026-07-03,61.5,1,0,1,82.826,76.39,0.0,63.0,1
2026-07-03T12:40:00+00:00,2026-07-03,60.6,1,0,1,97.0437,100.0,0.0,63.0,1
2026-07-03T12:50:00+00:00,2026-07-03,59.6,1,0,1,85.5119,100.0,0.0,45.0,1
2026-07-03T13:00:00+00:00,2026-07-03,58.5,1,0,1,52.1919,93.06,0.0,26.0,1
2026-07-03T13:10:00+00:00,2026-07-03,57.33,1,0,1,55.2444,63.89,0.0,26.0,1
2026-07-03T13:20:00+00:00,2026-07-03,56.09,1,0,1,55.1866,36.11,0.0,20.0,1
2026-07-03T13:30:00+00:00,2026-07-03,54.78,1,0,1,48.4691,44.44,0.0,50.0,1
2026-07-03T13:40:00+00:00,2026-07-03,53.42,1,0,1,47.5443,43.06,0.0,50.0,1
2026-07-03T13:50:00+00:00,2026-07-03,52.01,1,0,1,49.0165,40.28,0.0,25.0,1
2026-07-03T14:00:00+00:00,2026-07-03,50.55,1,0,1,43.4117,45.83,0.0,0.0,1
2026-07-03T14:10:00+00:00,2026-07-03,49.07,1,0,1,38.7769,12.5,13.0,0.0,1
2026-07-03T14:20:00+00:00,2026-07-03,47.55,1,0,1,29.7485,11.11,13.0,0.0,1
2026-07-03T14:30:00+00:00,2026-07-03,46.0,1,0,1,29.9048,33.33,13.0,0.0,1
2026-07-03T14:40:00+00:00,2026-07-03,44.43,1,0,1,30.8239,9.72,13.0,0.0,1
2026-07-03T14:50:00+00:00,2026-07-03,42.84,1,0,1,21.3825,11.11,13.0,0.0,1
2026-07-03T15:00:00+00:00,2026-07-03,41.24,1,0,1,26.4547,18.06,13.0,0.0,1
2026-07-03T15:10:00+00:00,2026-07-03,39.62,1,0,1,16.2541,37.5,0.0,0.0,1
2026-07-03T15:20:00+00:00,2026-07-03,37.99,1,0,1,10.5729,1.39,0.0,1.0,1
2026-07-03T15:30:00+00:00,2026-07-03,36.35,1,0,1,15.8035,62.5,0.0,1.0,1
2026-07-03T15:40:00+00:00,2026-07-03,34.71,1,0,1,31.1159,30.56,0.0,1.0,1
2026-07-03T15:50:00+00:00,2026-07-03,33.06,1,0,1,29.881,50.0,0.0,2.0,1
2026-07-03T16:00:00+00:00,2026-07-03,31.41,1,0,1,31.9264,69.44,0.0,2.0,1
2026-07-03T16:10:00+00:00,2026-07-03,29.76,1,0,1,20.7636,22.22,0.0,2.0,1
2026-07-03T16:20:00+00:00,2026-07-03,28.11,1,0,1,19.7034,52.78,0.0,2.0,1
2026-07-03T16:30:00+00:00,2026-07-03,26.47,1,0,1,11.2007,27.78,0.0,1.0,1
2026-07-03T16:40:00+00:00,2026-07-03,24.83,1,0,1,14.0257,4.17,0.0,1.0,1
2026-07-03T16:50:00+00:00,2026-07-03,23.2,1,0,1,31.5966,15.28,0.0,3.0,1
2026-07-03T17:00:00+00:00,2026-07-03,21.58,1,0,1,34.8528,34.72,0.0,0.0,1
2026-07-03T17:10:00+00:00,2026-07-03,19.96,1,0,1,27.3518,43.06,63.0,0.0,1
2026-07-03T17:20:00+00:00,2026-07-03,18.36,1,0,1,14.7282,27.78,63.0,0.0,1
2026-07-03T17:30:00+00:00,2026-07-03,16.77,1,0,1,11.3399,23.61,63.0,0.0,1
2026-07-03T17:40:00+00:00,2026-07-03,15.19,1,0,1,5.3373,0.0,38.0,0.0,1
2026-07-03T17:50:00+00:00,2026-07-03,13.63,1,0,1,5.2016,2.78,38.0,0.0,1
2026-07-03T18:00:00+00:00,2026-07-03,12.09,1,0,1,6.7669,0.0,38.0,0.0,1
2026-07-03T18:10:00+00:00,2026-07-03,10.57,1,0,1,10.3746,0.0,0.0,0.0,1
2026-07-03T18:20:00+00:00,2026-07-03,9.08,1,0,0,18.7615,1.39,0.0,0.0,1
2026-07-03T18:30:00+00:00,2026-07-03,7.6,1,0,0,26.3594,,0.0,0.0,0
2026-07-03T18:40:00+00:00,2026-07-03,6.16,1,0,0,32.1013,0.0,0.0,0.0,1
2026-07-03T18:50:00+00:00,2026-07-03,4.75,0,0,,,5.56,0.0,0.0,0
2026-07-03T19:00:00+00:00,2026-07-03,3.38,0,0,,,1.39,0.0,0.0,0
2026-07-03T19:10:00+00:00,2026-07-03,2.07,0,0,,,19.44,13.0,0.0,0
2026-07-03T19:20:00+00:00,2026-07-03,0.83,0,0,,,56.94,13.0,2.0,0
2026-07-03T19:30:00+00:00,2026-07-03,-0.91,0,0,,,31.94,13.0,3.0,0
2026-07-03T19:40:00+00:00,2026-07-03,-2.21,0,0,,,4.17,0.0,3.0,0
2026-07-03T19:50:00+00:00,2026-07-03,-3.47,0,0,,,36.11,0.0,1.0,0
2026-07-03T20:00:00+00:00,2026-07-03,-4.69,0,0,,,22.22,0.0,0.0,0
2026-07-03T20:10:00+00:00,2026-07-03,-5.87,0,0,,,12.5,75.0,0.0,0
2026-07-03T20:20:00+00:00,2026-07-03,-7.02,0,0,,,1.39,75.0,25.0,0
2026-07-03T20:30:00+00:00,2026-07-03,-8.12,0,0,,,6.94,75.0,49.0,0
2026-07-03T20:40:00+00:00,2026-07-03,-9.17,0,0,,,2.78,63.0,49.0,0
2026-07-03T20:50:00+00:00,2026-07-03,-10.18,0,0,,,5.56,63.0,74.0,0
2026-07-03T21:00:00+00:00,2026-07-03,-11.14,0,0,,,1.39,63.0,98.0,0
2026-07-03T21:10:00+00:00,2026-07-03,-12.05,0,0,,,2.78,63.0,98.0,0
2026-07-03T21:20:00+00:00,2026-07-03,-12.91,0,0,,,0.0,63.0,78.0,0
2026-07-03T21:30:00+00:00,2026-07-03,-13.71,0,0,,,1.39,63.0,58.0,0
2026-07-03T21:40:00+00:00,2026-07-03,-14.45,0,0,,,0.0,75.0,58.0,0
2026-07-03T21:50:00+00:00,2026-07-03,-15.14,0,0,,,0.0,75.0,37.0,0
2026-07-03T22:00:00+00:00,2026-07-03,-15.76,0,0,,,0.0,75.0,17.0,0
2026-07-03T22:10:00+00:00,2026-07-03,-16.32,0,0,,,0.0,0.0,17.0,0
2026-07-03T22:20:00+00:00,2026-07-03,-16.82,0,0,,,0.0,0.0,18.0,0
2026-07-03T22:30:00+00:00,2026-07-03,-17.26,0,0,,,0.0,0.0,19.0,0
2026-07-03T22:40:00+00:00,2026-07-03,-17.62,0,0,,,0.0,0.0,7.0,0
2026-07-03T22:50:00+00:00,2026-07-03,-17.92,0,0,,,0.0,0.0,3.0,0
2026-07-03T23:00:00+00:00,2026-07-03,-18.16,0,0,,,0.0,0.0,0.0,0
2026-07-03T23:10:00+00:00,2026-07-03,-18.32,0,0,,,0.0,0.0,0.0,0
2026-07-03T23:20:00+00:00,2026-07-03,-18.41,0,0,,,0.0,0.0,1.0,0
2026-07-03T23:30:00+00:00,2026-07-03,-18.44,0,0,,,0.0,0.0,2.0,0
2026-07-03T23:40:00+00:00,2026-07-03,-18.39,0,0,,,0.0,0.0,2.0,0
2026-07-03T23:50:00+00:00,2026-07-03,-18.27,0,0,,,0.0,0.0,3.0,0
2026-07-04T00:00:00+00:00,2026-07-04,-18.09,0,0,,,0.0,0.0,,0
2026-07-04T00:10:00+00:00,2026-07-04,-17.83,0,0,,,0.0,0.0,4.0,0
2026-07-04T00:20:00+00:00,2026-07-04,-17.51,0,0,,,0.0,0.0,3.0,0
2026-07-04T00:30:00+00:00,2026-07-04,-17.12,0,0,,,0.0,0.0,2.0,0
2026-07-04T00:40:00+00:00,2026-07-04,-16.66,0,0,,,0.0,0.0,2.0,0
2026-07-04T00:50:00+00:00,2026-07-04,-16.14,0,0,,,0.0,0.0,1.0,0
2026-07-04T01:00:00+00:00,2026-07-04,-15.56,0,0,,,0.0,0.0,0.0,0
2026-07-04T01:10:00+00:00,2026-07-04,-14.92,0,0,,,0.0,0.0,0.0,0
2026-07-04T01:20:00+00:00,2026-07-04,-14.21,0,0,,,0.0,0.0,3.0,0
2026-07-04T01:30:00+00:00,2026-07-04,-13.45,0,0,,,0.0,0.0,5.0,0
2026-07-04T01:40:00+00:00,2026-07-04,-12.63,0,0,,,0.0,0.0,5.0,0
2026-07-04T01:50:00+00:00,2026-07-04,-11.76,0,0,,,0.0,0.0,8.0,0
2026-07-04T02:00:00+00:00,2026-07-04,-10.83,0,0,,,0.0,0.0,10.0,0
2026-07-04T02:10:00+00:00,2026-07-04,-9.85,0,0,,,0.0,0.0,10.0,0
2026-07-04T02:20:00+00:00,2026-07-04,-8.83,0,0,,,0.0,0.0,15.0,0
2026-07-04T02:30:00+00:00,2026-07-04,-7.76,0,0,,,0.0,0.0,21.0,0
2026-07-04T02:40:00+00:00,2026-07-04,-6.64,0,0,,,0.0,0.0,21.0,0
2026-07-04T02:50:00+00:00,2026-07-04,-5.49,0,0,,,0.0,0.0,26.0,0
2026-07-04T03:00:00+00:00,2026-07-04,-4.29,0,0,,,0.0,0.0,31.0,0
2026-07-04T03:10:00+00:00,2026-07-04,-3.06,0,0,,,0.0,0.0,31.0,0
2026-07-04T03:20:00+00:00,2026-07-04,-1.78,0,0,,,0.0,0.0,28.0,0
2026-07-04T03:30:00+00:00,2026-07-04,0.07,0,0,,,0.0,0.0,25.0,0
2026-07-04T03:40:00+00:00,2026-07-04,1.23,0,0,,,0.0,0.0,25.0,0
2026-07-04T03:50:00+00:00,2026-07-04,2.49,0,0,,,0.0,0.0,22.0,0
2026-07-04T04:00:00+00:00,2026-07-04,3.83,0,0,,,0.0,0.0,19.0,0
2026-07-04T04:10:00+00:00,2026-07-04,5.21,1,0,0,0.0076,0.0,0.0,19.0,1
2026-07-04T04:20:00+00:00,2026-07-04,6.63,1,0,0,0.0,0.0,0.0,25.0,1
2026-07-04T04:30:00+00:00,2026-07-04,8.08,1,0,0,0.0,0.0,0.0,30.0,1
2026-07-04T04:40:00+00:00,2026-07-04,9.57,1,0,0,0.0,0.0,0.0,30.0,1
2026-07-04T04:50:00+00:00,2026-07-04,11.07,1,0,0,0.0,0.0,0.0,36.0,1
2026-07-04T05:00:00+00:00,2026-07-04,12.6,1,0,0,0.0,0.0,0.0,41.0,1
2026-07-04T05:10:00+00:00,2026-07-04,14.15,1,0,0,0.0,0.0,0.0,60.0,1
2026-07-04T05:20:00+00:00,2026-07-04,15.71,1,0,0,0.0,0.0,0.0,52.0,1
2026-07-04T05:30:00+00:00,2026-07-04,17.29,1,0,0,0.0,0.0,0.0,43.0,1
2026-07-04T05:40:00+00:00,2026-07-04,18.88,1,0,0,0.0,0.0,0.0,43.0,1
2026-07-04T05:50:00+00:00,2026-07-04,20.49,1,0,0,0.0,0.0,0.0,35.0,1
2026-07-04T06:00:00+00:00,2026-07-04,22.11,1,0,0,0.0,0.0,0.0,26.0,1
2026-07-04T06:10:00+00:00,2026-07-04,23.73,1,0,0,0.0,0.0,0.0,26.0,1
2026-07-04T06:20:00+00:00,2026-07-04,25.37,1,0,0,0.0,0.0,0.0,20.0,1
2026-07-04T06:30:00+00:00,2026-07-04,27.01,1,0,0,0.0,0.0,0.0,13.0,1
2026-07-04T06:40:00+00:00,2026-07-04,28.65,1,0,0,0.0,0.0,0.0,13.0,1
2026-07-04T06:50:00+00:00,2026-07-04,30.3,1,0,0,0.0,0.0,0.0,7.0,1
2026-07-04T07:00:00+00:00,2026-07-04,31.95,1,0,0,0.0,0.0,0.0,0.0,1
2026-07-04T07:10:00+00:00,2026-07-04,33.59,1,0,0,0.0,0.0,0.0,0.0,1
2026-07-04T07:20:00+00:00,2026-07-04,35.24,1,0,0,0.0,0.0,0.0,0.0,1
2026-07-04T07:30:00+00:00,2026-07-04,36.88,1,0,0,0.0034,0.0,0.0,0.0,1
2026-07-04T07:40:00+00:00,2026-07-04,38.51,1,0,0,0.0134,0.0,0.0,0.0,1
2026-07-04T07:50:00+00:00,2026-07-04,40.14,1,0,0,0.0181,0.0,0.0,0.0,1
2026-07-04T08:00:00+00:00,2026-07-04,41.75,1,0,0,0.0208,0.0,0.0,0.0,1
2026-07-04T08:10:00+00:00,2026-07-04,43.35,1,0,0,0.0235,0.0,0.0,0.0,1
2026-07-04T08:20:00+00:00,2026-07-04,44.93,1,0,0,0.0435,0.0,0.0,4.0,1
2026-07-04T08:30:00+00:00,2026-07-04,46.49,1,0,0,0.0266,0.0,0.0,7.0,1
2026-07-04T08:40:00+00:00,2026-07-04,48.03,1,0,0,0.0887,0.0,0.0,7.0,1
2026-07-04T08:50:00+00:00,2026-07-04,49.54,1,0,0,0.0295,0.0,0.0,11.0,1
2026-07-04T09:00:00+00:00,2026-07-04,51.01,1,0,0,0.0298,0.0,0.0,14.0,1
2026-07-04T09:10:00+00:00,2026-07-04,52.45,1,0,0,0.0306,0.0,0.0,14.0,1
2026-07-04T09:20:00+00:00,2026-07-04,53.84,1,0,0,0.0301,0.0,0.0,11.0,1
2026-07-04T09:30:00+00:00,2026-07-04,55.18,1,0,0,0.0319,0.0,0.0,7.0,1
2026-07-04T09:40:00+00:00,2026-07-04,56.47,1,0,0,0.0326,0.0,0.0,7.0,1
2026-07-04T09:50:00+00:00,2026-07-04,57.68,1,0,0,0.0348,0.0,0.0,4.0,1
2026-07-04T10:00:00+00:00,2026-07-04,58.83,1,0,0,0.0437,0.0,0.0,0.0,1
2026-07-04T10:10:00+00:00,2026-07-04,59.89,1,0,0,0.0485,1.39,0.0,0.0,1
2026-07-04T10:20:00+00:00,2026-07-04,60.85,1,0,0,0.056,0.0,0.0,3.0,1
2026-07-04T10:30:00+00:00,2026-07-04,61.72,1,0,0,0.0666,0.0,0.0,6.0,1
2026-07-04T10:40:00+00:00,2026-07-04,62.47,1,0,0,0.1599,0.0,0.0,3.0,1
2026-07-04T10:50:00+00:00,2026-07-04,63.09,1,0,0,0.5107,1.39,0.0,2.0,1
2026-07-04T11:00:00+00:00,2026-07-04,63.58,1,0,0,1.5234,0.0,0.0,1.0,1
2026-07-04T11:10:00+00:00,2026-07-04,63.93,1,0,0,1.3077,0.0,0.0,1.0,1
2026-07-04T11:20:00+00:00,2026-07-04,64.13,1,0,0,2.5519,0.0,0.0,1.0,1
2026-07-04T11:30:00+00:00,2026-07-04,64.18,1,0,0,4.0738,0.0,0.0,1.0,1
2026-07-04T11:40:00+00:00,2026-07-04,64.08,1,0,0,4.2897,0.0,0.0,1.0,1
2026-07-04T11:50:00+00:00,2026-07-04,63.83,1,0,0,4.6414,0.0,0.0,0.0,1
2026-07-04T12:00:00+00:00,2026-07-04,63.43,1,0,1,4.7338,0.0,0.0,0.0,1
2026-07-04T12:10:00+00:00,2026-07-04,62.89,1,0,1,6.4189,0.0,0.0,0.0,1
2026-07-04T12:20:00+00:00,2026-07-04,62.23,1,0,1,6.9204,0.0,0.0,0.0,1
2026-07-04T12:30:00+00:00,2026-07-04,61.44,1,0,1,10.9811,0.0,0.0,0.0,1
2026-07-04T12:40:00+00:00,2026-07-04,60.54,1,0,1,8.0443,0.0,0.0,0.0,1
2026-07-04T12:50:00+00:00,2026-07-04,59.54,1,0,1,6.6111,0.0,0.0,0.0,1
2026-07-04T13:00:00+00:00,2026-07-04,58.45,1,0,1,7.2637,0.0,0.0,0.0,1
2026-07-04T13:10:00+00:00,2026-07-04,57.28,1,0,1,5.9483,0.0,0.0,0.0,1
2026-07-04T13:20:00+00:00,2026-07-04,56.04,1,0,1,3.1839,0.0,0.0,0.0,1
2026-07-04T13:30:00+00:00,2026-07-04,54.73,1,0,1,2.0392,0.0,0.0,0.0,1
2026-07-04T13:40:00+00:00,2026-07-04,53.37,1,0,1,3.0044,0.0,0.0,0.0,1
2026-07-04T13:50:00+00:00,2026-07-04,51.96,1,0,,,0.0,0.0,0.0,0
2026-07-04T14:00:00+00:00,2026-07-04,50.51,1,0,,,0.0,0.0,0.0,0
2026-07-04T14:10:00+00:00,2026-07-04,49.03,1,0,,,0.0,0.0,0.0,0
2026-07-04T14:20:00+00:00,2026-07-04,47.51,1,0,1,2.1024,1.39,0.0,0.0,1
2026-07-04T14:30:00+00:00,2026-07-04,45.96,1,0,1,1.8422,0.0,0.0,0.0,1
2026-07-04T14:40:00+00:00,2026-07-04,44.4,1,0,1,2.4886,0.0,0.0,0.0,1
2026-07-04T14:50:00+00:00,2026-07-04,42.81,1,1,1,,0.0,0.0,0.0,0
2026-07-04T15:00:00+00:00,2026-07-04,41.2,1,0,,,0.0,0.0,0.0,0
2026-07-04T15:10:00+00:00,2026-07-04,39.58,1,0,,,0.0,0.0,0.0,0
2026-07-04T15:20:00+00:00,2026-07-04,37.96,1,0,,,0.0,0.0,0.0,0
2026-07-04T15:30:00+00:00,2026-07-04,36.32,1,0,,,0.0,0.0,0.0,0
2026-07-04T15:40:00+00:00,2026-07-04,34.68,1,0,,,0.0,0.0,0.0,0
2026-07-04T15:50:00+00:00,2026-07-04,33.03,1,0,,,0.0,0.0,0.0,0
2026-07-04T16:00:00+00:00,2026-07-04,31.38,1,0,,,0.0,0.0,0.0,0
2026-07-04T16:10:00+00:00,2026-07-04,29.73,1,0,,,0.0,0.0,0.0,0
2026-07-04T16:20:00+00:00,2026-07-04,28.08,1,0,,,0.0,0.0,0.0,0
2026-07-04T16:30:00+00:00,2026-07-04,26.44,1,0,,,0.0,0.0,0.0,0
2026-07-04T16:40:00+00:00,2026-07-04,24.8,1,0,,,0.0,0.0,0.0,0
2026-07-04T16:50:00+00:00,2026-07-04,23.17,1,0,,,0.0,0.0,0.0,0
2026-07-04T17:00:00+00:00,2026-07-04,21.54,1,0,,,0.0,0.0,0.0,0
2026-07-04T17:10:00+00:00,2026-07-04,19.93,1,0,,,0.0,0.0,0.0,0
2026-07-04T17:20:00+00:00,2026-07-04,18.32,1,0,,,0.0,0.0,0.0,0
2026-07-04T17:30:00+00:00,2026-07-04,16.73,1,0,,,0.0,0.0,0.0,0
2026-07-04T17:40:00+00:00,2026-07-04,15.16,1,0,,,0.0,0.0,0.0,0
2026-07-04T17:50:00+00:00,2026-07-04,13.6,1,0,,,0.0,0.0,0.0,0
2026-07-04T18:00:00+00:00,2026-07-04,12.06,1,0,,,0.0,0.0,0.0,0
2026-07-04T18:10:00+00:00,2026-07-04,10.53,1,0,,,0.0,0.0,0.0,0
2026-07-04T18:20:00+00:00,2026-07-04,9.04,1,0,,,0.0,0.0,0.0,0
2026-07-04T18:30:00+00:00,2026-07-04,7.56,1,0,,,0.0,0.0,0.0,0
2026-07-04T18:40:00+00:00,2026-07-04,6.12,1,0,,,0.0,0.0,0.0,0
2026-07-04T18:50:00+00:00,2026-07-04,4.71,0,0,,,0.0,0.0,0.0,0
2026-07-04T19:00:00+00:00,2026-07-04,3.34,0,0,0,47.8282,0.0,0.0,0.0,0
2026-07-04T19:10:00+00:00,2026-07-04,2.02,0,0,,,0.0,0.0,,0
2026-07-04T19:20:00+00:00,2026-07-04,0.79,0,0,,,0.0,0.0,0.0,0
2026-07-04T19:30:00+00:00,2026-07-04,-0.96,0,0,,,0.0,0.0,0.0,0
2026-07-04T19:40:00+00:00,2026-07-04,-2.26,0,0,,,0.0,0.0,0.0,0
2026-07-04T19:50:00+00:00,2026-07-04,-3.52,0,0,,,2.78,0.0,0.0,0
2026-07-04T20:00:00+00:00,2026-07-04,-4.74,0,0,,,0.0,0.0,0.0,0
2026-07-04T20:10:00+00:00,2026-07-04,-5.93,0,0,,,0.0,38.0,0.0,0
2026-07-04T20:20:00+00:00,2026-07-04,-7.08,0,0,,,0.0,38.0,0.0,0
2026-07-04T20:30:00+00:00,2026-07-04,-8.18,0,0,,,0.0,38.0,0.0,0
2026-07-04T20:40:00+00:00,2026-07-04,-9.23,0,0,,,0.0,13.0,0.0,0
2026-07-04T20:50:00+00:00,2026-07-04,-10.24,0,0,,,0.0,13.0,0.0,0
2026-07-04T21:00:00+00:00,2026-07-04,-11.21,0,0,,,0.0,13.0,,0
2026-07-04T21:10:00+00:00,2026-07-04,-12.12,0,0,,,0.0,0.0,17.0,0
2026-07-04T21:20:00+00:00,2026-07-04,-12.97,0,0,,,0.0,0.0,,0
2026-07-04T21:30:00+00:00,2026-07-04,-13.78,0,0,,,0.0,0.0,9.0,0
2026-07-04T21:40:00+00:00,2026-07-04,-14.52,0,0,,,0.0,0.0,9.0,0
2026-07-04T21:50:00+00:00,2026-07-04,-15.21,0,0,,,0.0,0.0,4.0,0
2026-07-04T22:00:00+00:00,2026-07-04,-15.84,0,0,,,0.0,0.0,0.0,0
2026-07-04T22:10:00+00:00,2026-07-04,-16.4,0,0,,,0.0,0.0,0.0,0
2026-07-04T22:20:00+00:00,2026-07-04,-16.9,0,0,,,0.0,0.0,,0
2026-07-04T22:30:00+00:00,2026-07-04,-17.34,0,0,,,0.0,0.0,0.0,0
2026-07-04T22:40:00+00:00,2026-07-04,-17.71,0,0,,,0.0,0.0,0.0,0
2026-07-04T22:50:00+00:00,2026-07-04,-18.01,0,0,,,0.0,0.0,0.0,0
2026-07-04T23:00:00+00:00,2026-07-04,-18.24,0,0,,,0.0,0.0,29.0,0
2026-07-04T23:10:00+00:00,2026-07-04,-18.41,0,0,,,13.89,0.0,29.0,0
2026-07-04T23:20:00+00:00,2026-07-04,-18.5,0,0,,,31.94,0.0,24.0,0
2026-07-04T23:30:00+00:00,2026-07-04,-18.53,0,0,,,43.06,0.0,18.0,0
2026-07-04T23:40:00+00:00,2026-07-04,-18.48,0,0,,,72.22,0.0,18.0,0
2026-07-04T23:50:00+00:00,2026-07-04,-18.36,0,0,,,87.5,0.0,13.0,0
2026-07-05T00:00:00+00:00,2026-07-05,-18.18,0,0,,,81.94,0.0,7.0,0
2026-07-05T00:10:00+00:00,2026-07-05,-17.93,0,0,,,95.83,38.0,7.0,0
2026-07-05T00:20:00+00:00,2026-07-05,-17.6,0,0,,,93.06,38.0,18.0,0
2026-07-05T00:30:00+00:00,2026-07-05,-17.22,0,0,,,94.44,38.0,30.0,0
2026-07-05T00:40:00+00:00,2026-07-05,-16.76,0,0,,,95.83,100.0,30.0,0
2026-07-05T00:50:00+00:00,2026-07-05,-16.24,0,0,,,91.67,100.0,41.0,0
2026-07-05T01:00:00+00:00,2026-07-05,-15.66,0,0,,,62.5,100.0,52.0,0
2026-07-05T01:10:00+00:00,2026-07-05,-15.01,0,0,,,15.28,100.0,52.0,0
2026-07-05T01:20:00+00:00,2026-07-05,-14.31,0,0,,,1.39,100.0,48.0,0
2026-07-05T01:30:00+00:00,2026-07-05,-13.55,0,0,,,0.0,100.0,,0
2026-07-05T01:40:00+00:00,2026-07-05,-12.73,0,0,,,0.0,88.0,43.0,0
2026-07-05T01:50:00+00:00,2026-07-05,-11.85,0,0,,,2.78,88.0,39.0,0
2026-07-05T02:00:00+00:00,2026-07-05,-10.93,0,0,,,0.0,88.0,34.0,0
2026-07-05T02:10:00+00:00,2026-07-05,-9.95,0,0,,,5.56,25.0,34.0,0
2026-07-05T02:20:00+00:00,2026-07-05,-8.93,0,0,,,25.0,25.0,41.0,0
2026-07-05T02:30:00+00:00,2026-07-05,-7.86,0,0,,,0.0,25.0,38.0,0
2026-07-05T02:40:00+00:00,2026-07-05,-6.74,0,0,,,0.0,0.0,38.0,0
2026-07-05T02:50:00+00:00,2026-07-05,-5.59,0,0,,,5.56,0.0,34.0,0
2026-07-05T03:00:00+00:00,2026-07-05,-4.39,0,0,,,44.44,0.0,31.0,0
2026-07-05T03:10:00+00:00,2026-07-05,-3.15,0,0,,,34.72,0.0,31.0,0
2026-07-05T03:20:00+00:00,2026-07-05,-1.88,0,0,,,47.22,0.0,40.0,0
2026-07-05T03:30:00+00:00,2026-07-05,-0.01,0,0,,,69.44,0.0,48.0,0
2026-07-05T03:40:00+00:00,2026-07-05,1.14,0,0,,,69.44,38.0,48.0,0
2026-07-05T03:50:00+00:00,2026-07-05,2.4,0,0,,,58.33,38.0,57.0,0
2026-07-05T04:00:00+00:00,2026-07-05,3.73,0,0,,,77.78,38.0,65.0,0
2026-07-05T04:10:00+00:00,2026-07-05,5.12,1,0,0,81.642,80.56,100.0,65.0,1
2026-07-05T04:20:00+00:00,2026-07-05,6.54,1,0,0,94.8796,86.11,100.0,67.0,1
2026-07-05T04:30:00+00:00,2026-07-05,7.99,1,0,0,91.7668,100.0,100.0,,0
2026-07-05T04:40:00+00:00,2026-07-05,9.47,1,0,0,97.1309,100.0,100.0,45.0,1
2026-07-05T04:50:00+00:00,2026-07-05,10.98,1,0,0,98.8961,100.0,100.0,65.0,1
2026-07-05T05:00:00+00:00,2026-07-05,12.51,1,0,0,91.2245,98.61,100.0,84.0,1
2026-07-05T05:10:00+00:00,2026-07-05,14.05,1,0,0,59.6665,86.11,100.0,84.0,1
2026-07-05T05:20:00+00:00,2026-07-05,15.62,1,0,0,21.2872,97.22,100.0,,0
2026-07-05T05:30:00+00:00,2026-07-05,17.2,1,0,0,48.9133,97.22,100.0,61.0,1
2026-07-05T05:40:00+00:00,2026-07-05,18.79,1,0,0,66.5041,98.61,100.0,61.0,1
2026-07-05T05:50:00+00:00,2026-07-05,20.4,1,0,0,46.267,100.0,100.0,50.0,1
2026-07-05T06:00:00+00:00,2026-07-05,22.01,1,0,0,94.3551,75.0,100.0,38.0,1
2026-07-05T06:10:00+00:00,2026-07-05,23.64,1,0,0,79.6152,83.33,88.0,38.0,1
2026-07-05T06:20:00+00:00,2026-07-05,25.27,1,0,0,66.1508,84.72,88.0,49.0,1
2026-07-05T06:30:00+00:00,2026-07-05,26.91,1,0,0,89.6989,87.5,88.0,59.0,1
2026-07-05T06:40:00+00:00,2026-07-05,28.56,1,0,0,78.5889,65.28,88.0,59.0,1
2026-07-05T06:50:00+00:00,2026-07-05,30.21,1,0,0,39.5553,,88.0,70.0,0
2026-07-05T07:00:00+00:00,2026-07-05,31.85,1,0,0,1.4283,13.89,88.0,80.0,1
2026-07-05T07:10:00+00:00,2026-07-05,33.5,1,0,0,0.0034,5.56,63.0,80.0,1
2026-07-05T07:20:00+00:00,2026-07-05,35.15,1,0,0,0.0,19.44,63.0,81.0,1
2026-07-05T07:30:00+00:00,2026-07-05,36.79,1,0,0,1.234,37.5,63.0,83.0,1
2026-07-05T07:40:00+00:00,2026-07-05,38.42,1,0,0,21.4642,19.44,25.0,50.0,1
2026-07-05T07:50:00+00:00,2026-07-05,40.05,1,0,0,6.7927,54.17,25.0,42.0,1
2026-07-05T08:00:00+00:00,2026-07-05,41.66,1,0,0,35.2925,63.89,25.0,33.0,1
2026-07-05T08:10:00+00:00,2026-07-05,43.26,1,0,0,50.5113,69.44,13.0,33.0,1
2026-07-05T08:20:00+00:00,2026-07-05,44.84,1,0,0,44.1831,79.17,13.0,42.0,1
2026-07-05T08:30:00+00:00,2026-07-05,46.4,1,0,0,49.0316,90.28,13.0,52.0,1
2026-07-05T08:40:00+00:00,2026-07-05,47.93,1,0,0,43.9593,100.0,63.0,52.0,1
2026-07-05T08:50:00+00:00,2026-07-05,49.44,1,0,0,48.8089,100.0,63.0,,0
2026-07-05T09:00:00+00:00,2026-07-05,50.92,1,0,0,92.5696,98.61,63.0,70.0,1
2026-07-05T09:10:00+00:00,2026-07-05,52.35,1,0,0,84.0246,95.83,88.0,70.0,1
2026-07-05T09:20:00+00:00,2026-07-05,53.74,1,0,0,88.7145,93.06,88.0,75.0,1
2026-07-05T09:30:00+00:00,2026-07-05,55.08,1,0,0,65.953,94.44,88.0,80.0,1
2026-07-05T09:40:00+00:00,2026-07-05,56.37,1,0,0,25.684,95.83,88.0,80.0,1
2026-07-05T09:50:00+00:00,2026-07-05,57.58,1,0,0,11.4454,100.0,88.0,,0
2026-07-05T10:00:00+00:00,2026-07-05,58.73,1,0,0,45.6566,100.0,88.0,89.0,1
2026-07-05T10:10:00+00:00,2026-07-05,59.79,1,0,0,85.7934,100.0,88.0,89.0,1
2026-07-05T10:20:00+00:00,2026-07-05,60.75,1,0,0,76.0514,100.0,88.0,84.0,1
2026-07-05T10:30:00+00:00,2026-07-05,61.62,1,0,0,51.4356,100.0,88.0,93.0,1
2026-07-05T10:40:00+00:00,2026-07-05,62.37,1,0,0,88.9493,100.0,88.0,93.0,1
2026-07-05T10:50:00+00:00,2026-07-05,62.99,1,0,0,88.4316,100.0,88.0,97.0,1
2026-07-05T11:00:00+00:00,2026-07-05,63.48,1,0,0,79.2729,100.0,88.0,100.0,1
2026-07-05T11:10:00+00:00,2026-07-05,63.83,1,0,0,68.5918,100.0,100.0,100.0,1
2026-07-05T11:20:00+00:00,2026-07-05,64.04,1,0,0,59.8542,97.22,100.0,100.0,1
2026-07-05T11:30:00+00:00,2026-07-05,64.09,1,0,0,66.0421,98.61,100.0,99.0,1
2026-07-05T11:40:00+00:00,2026-07-05,63.99,1,0,0,92.7224,100.0,100.0,99.0,1
2026-07-05T11:50:00+00:00,2026-07-05,63.74,1,0,0,86.6123,95.83,100.0,,0
2026-07-05T12:00:00+00:00,2026-07-05,63.35,1,0,1,70.9947,91.67,100.0,98.0,1
2026-07-05T12:10:00+00:00,2026-07-05,62.81,1,0,1,79.8272,94.44,63.0,98.0,1
2026-07-05T12:20:00+00:00,2026-07-05,62.15,1,0,1,55.8489,100.0,63.0,94.0,1
2026-07-05T12:30:00+00:00,2026-07-05,61.37,1,0,1,99.8897,100.0,63.0,90.0,1
2026-07-05T12:40:00+00:00,2026-07-05,60.47,1,0,1,99.8617,100.0,75.0,90.0,1
2026-07-05T12:50:00+00:00,2026-07-05,59.47,1,0,1,98.171,100.0,75.0,86.0,1
2026-07-05T13:00:00+00:00,2026-07-05,58.39,1,0,1,88.2054,100.0,75.0,82.0,1
2026-07-05T13:10:00+00:00,2026-07-05,57.22,1,0,1,99.9931,100.0,25.0,82.0,0
2026-07-05T13:20:00+00:00,2026-07-05,55.98,1,0,1,99.3965,100.0,25.0,87.0,1
2026-07-05T13:30:00+00:00,2026-07-05,54.68,1,0,1,99.9998,100.0,25.0,91.0,1
2026-07-05T13:40:00+00:00,2026-07-05,53.32,1,0,1,100.0,100.0,88.0,98.0,0
2026-07-05T13:50:00+00:00,2026-07-05,51.92,1,0,1,99.9996,100.0,88.0,99.0,1
2026-07-05T14:00:00+00:00,2026-07-05,50.47,1,0,1,99.9986,100.0,88.0,100.0,1
2026-07-05T14:10:00+00:00,2026-07-05,48.98,1,0,1,99.9997,100.0,100.0,100.0,1
2026-07-05T14:20:00+00:00,2026-07-05,47.47,1,0,1,100.0,100.0,100.0,100.0,1
2026-07-05T14:30:00+00:00,2026-07-05,45.92,1,0,1,100.0,100.0,100.0,100.0,1
2026-07-05T14:40:00+00:00,2026-07-05,44.35,1,0,1,100.0,100.0,100.0,100.0,1
2026-07-05T14:50:00+00:00,2026-07-05,42.77,1,0,1,100.0,100.0,100.0,100.0,1
2026-07-05T15:00:00+00:00,2026-07-05,41.16,1,0,1,100.0,100.0,100.0,100.0,1
2026-07-05T15:10:00+00:00,2026-07-05,39.55,1,0,1,99.9999,100.0,88.0,100.0,1
2026-07-05T15:20:00+00:00,2026-07-05,37.92,1,0,1,100.0,100.0,88.0,100.0,1
2026-07-05T15:30:00+00:00,2026-07-05,36.28,1,0,1,100.0,100.0,88.0,100.0,1
2026-07-05T15:40:00+00:00,2026-07-05,34.64,1,0,1,100.0,100.0,88.0,,0
2026-07-05T15:50:00+00:00,2026-07-05,32.99,1,0,1,98.9154,100.0,88.0,100.0,1
2026-07-05T16:00:00+00:00,2026-07-05,31.34,1,0,1,97.869,91.67,88.0,100.0,1
2026-07-05T16:10:00+00:00,2026-07-05,29.69,1,0,1,99.7171,90.28,100.0,100.0,1
2026-07-05T16:20:00+00:00,2026-07-05,28.05,1,0,1,83.3481,91.67,100.0,100.0,1
2026-07-05T16:30:00+00:00,2026-07-05,26.4,1,0,1,50.5,77.78,100.0,100.0,1
2026-07-05T16:40:00+00:00,2026-07-05,24.76,1,0,1,67.7349,93.06,100.0,100.0,1
2026-07-05T16:50:00+00:00,2026-07-05,23.13,1,0,1,99.0684,100.0,100.0,100.0,1
2026-07-05T17:00:00+00:00,2026-07-05,21.5,1,0,1,99.9976,100.0,100.0,65.0,1
2026-07-05T17:10:00+00:00,2026-07-05,19.89,1,0,1,99.9841,83.33,88.0,65.0,1
2026-07-05T17:20:00+00:00,2026-07-05,18.28,1,0,1,65.3895,76.39,88.0,74.0,1
2026-07-05T17:30:00+00:00,2026-07-05,16.69,1,0,1,62.7201,68.06,88.0,83.0,1
2026-07-05T17:40:00+00:00,2026-07-05,15.12,1,0,1,50.8184,66.67,88.0,83.0,1
2026-07-05T17:50:00+00:00,2026-07-05,13.56,1,0,1,56.6997,77.78,88.0,91.0,1
2026-07-05T18:00:00+00:00,2026-07-05,12.01,1,0,1,81.3104,77.78,88.0,100.0,1
2026-07-05T18:10:00+00:00,2026-07-05,10.49,1,0,1,98.0706,58.33,13.0,100.0,1
2026-07-05T18:20:00+00:00,2026-07-05,8.99,1,0,0,56.342,38.89,13.0,99.0,1
2026-07-05T18:30:00+00:00,2026-07-05,7.52,1,0,0,52.9854,26.39,13.0,98.0,1
2026-07-05T18:40:00+00:00,2026-07-05,6.07,1,0,0,42.215,12.5,75.0,98.0,1
2026-07-05T18:50:00+00:00,2026-07-05,4.66,0,0,,,16.67,75.0,96.0,0
2026-07-05T19:00:00+00:00,2026-07-05,3.29,0,0,,,27.78,75.0,95.0,0
2026-07-05T19:10:00+00:00,2026-07-05,1.98,0,0,,,19.44,88.0,95.0,0
2026-07-05T19:20:00+00:00,2026-07-05,0.75,0,0,,,9.72,88.0,96.0,0
2026-07-05T19:30:00+00:00,2026-07-05,-1.02,0,0,,,,88.0,96.0,0
2026-07-05T19:40:00+00:00,2026-07-05,-2.32,0,0,,,,75.0,91.0,0
2026-07-05T19:50:00+00:00,2026-07-05,-3.58,0,0,,,91.67,75.0,91.0,0
2026-07-05T20:00:00+00:00,2026-07-05,-4.8,0,0,,,91.67,75.0,91.0,0
2026-07-05T20:10:00+00:00,2026-07-05,-5.99,0,0,,,100.0,88.0,91.0,0
2026-07-05T20:20:00+00:00,2026-07-05,-7.14,0,0,,,100.0,88.0,93.0,0
2026-07-05T20:30:00+00:00,2026-07-05,-8.24,0,0,,,95.83,88.0,96.0,0
2026-07-05T20:40:00+00:00,2026-07-05,-9.3,0,0,,,88.89,100.0,96.0,0
2026-07-05T20:50:00+00:00,2026-07-05,-10.31,0,0,,,68.06,100.0,98.0,0
2026-07-05T21:00:00+00:00,2026-07-05,-11.28,0,0,,,88.89,100.0,100.0,0
2026-07-05T21:10:00+00:00,2026-07-05,-12.19,0,0,,,100.0,88.0,100.0,0
2026-07-05T21:20:00+00:00,2026-07-05,-13.05,0,0,,,100.0,88.0,100.0,0
2026-07-05T21:30:00+00:00,2026-07-05,-13.85,0,0,,,100.0,88.0,100.0,0
2026-07-05T21:40:00+00:00,2026-07-05,-14.6,0,0,,,97.22,100.0,100.0,0
2026-07-05T21:50:00+00:00,2026-07-05,-15.29,0,0,,,91.67,100.0,100.0,0
2026-07-05T22:00:00+00:00,2026-07-05,-15.92,0,0,,,95.83,100.0,100.0,0
2026-07-05T22:10:00+00:00,2026-07-05,-16.48,0,0,,,91.67,100.0,100.0,0
2026-07-05T22:20:00+00:00,2026-07-05,-16.99,0,0,,,55.56,100.0,,0
2026-07-05T22:30:00+00:00,2026-07-05,-17.42,0,0,,,34.72,100.0,90.0,0
2026-07-05T22:40:00+00:00,2026-07-05,-17.8,0,0,,,29.17,100.0,90.0,0
2026-07-05T22:50:00+00:00,2026-07-05,-18.1,0,0,,,61.11,100.0,84.0,0
2026-07-05T23:00:00+00:00,2026-07-05,-18.33,0,0,,,76.39,100.0,79.0,0
2026-07-05T23:10:00+00:00,2026-07-05,-18.5,0,0,,,88.89,88.0,79.0,0
2026-07-05T23:20:00+00:00,2026-07-05,-18.6,0,0,0,,70.83,88.0,84.0,0
2026-07-05T23:30:00+00:00,2026-07-05,-18.62,0,0,,,47.22,88.0,94.0,0
2026-07-05T23:40:00+00:00,2026-07-05,-18.58,0,0,,,47.22,88.0,94.0,0
2026-07-05T23:50:00+00:00,2026-07-05,-18.46,0,0,,,80.56,88.0,97.0,0
2026-07-06T00:00:00+00:00,2026-07-06,-18.28,0,0,,,100.0,88.0,100.0,0
2026-07-06T00:10:00+00:00,2026-07-06,-18.03,0,0,,,100.0,88.0,100.0,0
2026-07-06T00:20:00+00:00,2026-07-06,-17.71,0,0,,,100.0,88.0,100.0,0
2026-07-06T00:30:00+00:00,2026-07-06,-17.32,0,0,,,100.0,88.0,100.0,0
2026-07-06T00:40:00+00:00,2026-07-06,-16.86,0,0,,,100.0,25.0,100.0,0
2026-07-06T00:50:00+00:00,2026-07-06,-16.34,0,0,,,100.0,25.0,100.0,0
2026-07-06T01:00:00+00:00,2026-07-06,-15.76,0,0,,,100.0,25.0,100.0,0
2026-07-06T01:10:00+00:00,2026-07-06,-15.12,0,0,,,100.0,100.0,100.0,0
2026-07-06T01:20:00+00:00,2026-07-06,-14.41,0,0,,,100.0,100.0,100.0,0
2026-07-06T01:30:00+00:00,2026-07-06,-13.65,0,0,,,100.0,100.0,100.0,0
2026-07-06T01:40:00+00:00,2026-07-06,-12.83,0,0,,,100.0,100.0,100.0,0
2026-07-06T01:50:00+00:00,2026-07-06,-11.96,0,0,,,100.0,100.0,99.0,0
2026-07-06T02:00:00+00:00,2026-07-06,-11.03,0,0,,,100.0,100.0,99.0,0
2026-07-06T02:10:00+00:00,2026-07-06,-10.06,0,0,,,100.0,100.0,100.0,0
2026-07-06T02:20:00+00:00,2026-07-06,-9.03,0,0,,,100.0,100.0,97.0,0
2026-07-06T02:30:00+00:00,2026-07-06,-7.96,0,0,,,100.0,100.0,94.0,0
2026-07-06T02:40:00+00:00,2026-07-06,-6.85,0,0,,,100.0,100.0,94.0,0
2026-07-06T02:50:00+00:00,2026-07-06,-5.69,0,0,,,100.0,100.0,91.0,0
2026-07-06T03:00:00+00:00,2026-07-06,-4.49,0,0,,,91.67,100.0,,0
2026-07-06T03:10:00+00:00,2026-07-06,-3.26,0,0,,,54.17,100.0,88.0,0
2026-07-06T03:20:00+00:00,2026-07-06,-1.98,0,0,,,41.67,100.0,82.0,0
2026-07-06T03:30:00+00:00,2026-07-06,-0.1,0,0,,,16.67,100.0,75.0,0
2026-07-06T03:40:00+00:00,2026-07-06,1.05,0,0,,,23.61,100.0,75.0,0
2026-07-06T03:50:00+00:00,2026-07-06,2.31,0,0,,,18.06,100.0,69.0,0
2026-07-06T04:00:00+00:00,2026-07-06,3.64,0,0,,,4.17,100.0,62.0,0
2026-07-06T04:10:00+00:00,2026-07-06,5.02,1,0,0,0.4097,12.5,38.0,62.0,1
2026-07-06T04:20:00+00:00,2026-07-06,6.44,1,0,0,0.0423,8.33,38.0,59.0,1
2026-07-06T04:30:00+00:00,2026-07-06,7.89,1,0,0,0.0068,19.44,38.0,56.0,1
2026-07-06T04:40:00+00:00,2026-07-06,9.37,1,0,0,0.0012,8.33,88.0,56.0,1
2026-07-06T04:50:00+00:00,2026-07-06,10.88,1,0,0,0.0,12.5,88.0,53.0,1
2026-07-06T05:00:00+00:00,2026-07-06,12.41,1,0,0,0.0163,50.0,88.0,41.0,1
2026-07-06T05:10:00+00:00,2026-07-06,13.95,1,0,0,9.5661,,88.0,41.0,0
2026-07-06T05:20:00+00:00,2026-07-06,15.52,1,0,0,80.9546,100.0,88.0,,0
2026-07-06T05:30:00+00:00,2026-07-06,17.1,1,0,0,99.9099,100.0,88.0,56.0,1
2026-07-06T05:40:00+00:00,2026-07-06,18.69,1,0,0,100.0,100.0,88.0,56.0,1
2026-07-06T05:50:00+00:00,2026-07-06,20.3,1,0,0,100.0,100.0,88.0,63.0,1
2026-07-06T06:00:00+00:00,2026-07-06,21.92,1,0,0,100.0,100.0,88.0,70.0,1
2026-07-06T06:10:00+00:00,2026-07-06,23.54,1,0,0,100.0,100.0,88.0,70.0,1
2026-07-06T06:20:00+00:00,2026-07-06,25.18,1,0,0,100.0,100.0,88.0,69.0,1
2026-07-06T06:30:00+00:00,2026-07-06,26.82,1,0,0,100.0,100.0,88.0,68.0,1
2026-07-06T06:40:00+00:00,2026-07-06,28.46,1,0,0,100.0,100.0,100.0,68.0,1
2026-07-06T06:50:00+00:00,2026-07-06,30.11,1,0,0,100.0,100.0,100.0,67.0,1
2026-07-06T07:00:00+00:00,2026-07-06,31.76,1,0,0,100.0,100.0,100.0,66.0,1
2026-07-06T07:10:00+00:00,2026-07-06,33.41,1,0,0,100.0,100.0,100.0,66.0,1
2026-07-06T07:20:00+00:00,2026-07-06,35.05,1,0,0,100.0,100.0,100.0,71.0,1
2026-07-06T07:30:00+00:00,2026-07-06,36.69,1,0,0,100.0,100.0,100.0,76.0,1
2026-07-06T07:40:00+00:00,2026-07-06,38.32,1,0,0,100.0,100.0,100.0,76.0,1
2026-07-06T07:50:00+00:00,2026-07-06,39.95,1,0,0,100.0,,100.0,80.0,0
2026-07-06T08:00:00+00:00,2026-07-06,41.56,1,0,0,100.0,100.0,100.0,84.0,1
2026-07-06T08:10:00+00:00,2026-07-06,43.16,1,0,0,98.8838,100.0,100.0,84.0,1
2026-07-06T08:20:00+00:00,2026-07-06,44.74,1,0,0,81.8563,91.67,100.0,88.0,1
2026-07-06T08:30:00+00:00,2026-07-06,46.3,1,0,0,80.2091,97.22,100.0,92.0,1
2026-07-06T08:40:00+00:00,2026-07-06,47.83,1,0,0,94.6397,94.44,100.0,92.0,1
2026-07-06T08:50:00+00:00,2026-07-06,49.34,1,0,0,99.0903,100.0,100.0,,0
2026-07-06T09:00:00+00:00,2026-07-06,50.81,1,0,0,99.9912,100.0,100.0,,0
2026-07-06T09:10:00+00:00,2026-07-06,52.25,1,0,0,99.6971,100.0,100.0,100.0,1
2026-07-06T09:20:00+00:00,2026-07-06,53.64,1,0,0,98.5031,100.0,100.0,100.0,1
2026-07-06T09:30:00+00:00,2026-07-06,54.98,1,0,0,95.7723,98.61,100.0,99.0,1
2026-07-06T09:40:00+00:00,2026-07-06,56.26,1,0,0,98.6868,97.22,100.0,99.0,1
2026-07-06T09:50:00+00:00,2026-07-06,57.48,1,0,0,99.9725,100.0,100.0,99.0,1
2026-07-06T10:00:00+00:00,2026-07-06,58.62,1,0,0,90.7927,100.0,100.0,98.0,1
2026-07-06T10:10:00+00:00,2026-07-06,59.68,1,0,0,81.2003,98.61,100.0,98.0,1
2026-07-06T10:20:00+00:00,2026-07-06,60.65,1,0,0,75.5974,100.0,100.0,97.0,1
2026-07-06T10:30:00+00:00,2026-07-06,61.51,1,0,0,89.7509,100.0,100.0,99.0,1
2026-07-06T10:40:00+00:00,2026-07-06,62.26,1,0,0,93.198,,100.0,99.0,0
2026-07-06T10:50:00+00:00,2026-07-06,62.88,1,0,0,94.1476,,100.0,,0
2026-07-06T11:00:00+00:00,2026-07-06,63.38,1,0,0,96.9602,,100.0,98.0,0
2026-07-06T11:10:00+00:00,2026-07-06,63.73,1,0,0,95.1081,,88.0,98.0,0
2026-07-06T11:20:00+00:00,2026-07-06,63.93,1,0,0,99.7525,100.0,88.0,98.0,1
2026-07-06T11:30:00+00:00,2026-07-06,63.99,1,0,0,99.0862,95.83,88.0,98.0,1
2026-07-06T11:40:00+00:00,2026-07-06,63.89,1,0,0,65.828,90.28,100.0,98.0,1
2026-07-06T11:50:00+00:00,2026-07-06,63.65,1,0,0,42.9555,94.44,100.0,97.0,1
2026-07-06T12:00:00+00:00,2026-07-06,63.26,1,0,1,42.351,79.17,100.0,97.0,1
2026-07-06T12:10:00+00:00,2026-07-06,62.73,1,0,1,38.418,83.33,100.0,97.0,1
2026-07-06T12:20:00+00:00,2026-07-06,62.07,1,0,1,48.8726,77.78,100.0,76.0,1
2026-07-06T12:30:00+00:00,2026-07-06,61.29,1,0,1,42.6876,86.11,100.0,54.0,1
2026-07-06T12:40:00+00:00,2026-07-06,60.39,1,0,1,28.8994,56.94,75.0,54.0,1
2026-07-06T12:50:00+00:00,2026-07-06,59.4,1,0,1,41.3125,34.72,75.0,33.0,1
2026-07-06T13:00:00+00:00,2026-07-06,58.32,1,0,1,24.3101,25.0,75.0,,0
2026-07-06T13:10:00+00:00,2026-07-06,57.16,1,0,1,18.7201,11.11,50.0,11.0,1
2026-07-06T13:20:00+00:00,2026-07-06,55.92,1,0,1,3.569,5.56,50.0,24.0,1
2026-07-06T13:30:00+00:00,2026-07-06,54.62,1,0,1,2.572,5.56,50.0,36.0,1
2026-07-06T13:40:00+00:00,2026-07-06,53.27,1,0,1,11.5425,2.78,25.0,15.0,1
2026-07-06T13:50:00+00:00,2026-07-06,51.86,1,0,1,3.3958,1.39,25.0,20.0,1
2026-07-06T14:00:00+00:00,2026-07-06,50.42,1,0,1,3.9084,5.56,25.0,24.0,1
2026-07-06T14:10:00+00:00,2026-07-06,48.93,1,0,1,8.6193,16.67,25.0,24.0,1
2026-07-06T14:20:00+00:00,2026-07-06,47.42,1,0,1,18.2627,19.44,25.0,43.0,1
2026-07-06T14:30:00+00:00,2026-07-06,45.87,1,0,1,10.5025,45.83,25.0,62.0,1
2026-07-06T14:40:00+00:00,2026-07-06,44.31,1,0,1,43.8245,62.5,88.0,62.0,1
2026-07-06T14:50:00+00:00,2026-07-06,42.72,1,0,1,71.5493,87.5,88.0,81.0,1
2026-07-06T15:00:00+00:00,2026-07-06,41.12,1,0,1,99.3488,100.0,88.0,100.0,1
2026-07-06T15:10:00+00:00,2026-07-06,39.5,1,0,1,98.3901,100.0,50.0,100.0,1
2026-07-06T15:20:00+00:00,2026-07-06,37.87,1,0,1,99.2413,100.0,50.0,,0
2026-07-06T15:30:00+00:00,2026-07-06,36.24,1,0,1,99.671,100.0,50.0,97.0,1
2026-07-06T15:40:00+00:00,2026-07-06,34.6,1,0,1,98.8889,100.0,100.0,97.0,1
2026-07-06T15:50:00+00:00,2026-07-06,32.95,1,0,1,96.088,93.06,100.0,96.0,1
2026-07-06T16:00:00+00:00,2026-07-06,31.3,1,0,1,64.4874,58.33,100.0,94.0,1
2026-07-06T16:10:00+00:00,2026-07-06,29.65,1,0,1,32.3532,34.72,100.0,94.0,1
2026-07-06T16:20:00+00:00,2026-07-06,28.0,1,0,1,45.0835,30.56,100.0,95.0,1
2026-07-06T16:30:00+00:00,2026-07-06,26.36,1,0,1,38.8369,45.83,100.0,97.0,1
2026-07-06T16:40:00+00:00,2026-07-06,24.72,1,0,1,77.1058,62.5,100.0,97.0,1
2026-07-06T16:50:00+00:00,2026-07-06,23.08,1,0,1,70.1321,47.22,100.0,78.0,1
2026-07-06T17:00:00+00:00,2026-07-06,21.46,1,0,1,59.6301,40.28,100.0,94.0,1
2026-07-06T17:10:00+00:00,2026-07-06,19.84,1,0,1,49.1569,43.06,75.0,94.0,1
2026-07-06T17:20:00+00:00,2026-07-06,18.24,1,0,1,77.5301,79.17,75.0,96.0,1
2026-07-06T17:30:00+00:00,2026-07-06,16.65,1,0,1,80.8612,94.44,75.0,97.0,1
2026-07-06T17:40:00+00:00,2026-07-06,15.07,1,0,1,87.0981,100.0,100.0,97.0,1
2026-07-06T17:50:00+00:00,2026-07-06,13.51,1,0,1,93.1127,91.67,100.0,99.0,1
2026-07-06T18:00:00+00:00,2026-07-06,11.96,1,0,1,94.5798,100.0,100.0,100.0,1
2026-07-06T18:10:00+00:00,2026-07-06,10.44,1,0,1,99.4905,100.0,100.0,100.0,1
2026-07-06T18:20:00+00:00,2026-07-06,8.94,1,0,0,99.6688,100.0,100.0,100.0,1
2026-07-06T18:30:00+00:00,2026-07-06,7.46,1,0,0,98.3163,100.0,100.0,,0
2026-07-06T18:40:00+00:00,2026-07-06,6.02,1,0,0,99.4816,97.22,100.0,100.0,1
2026-07-06T18:50:00+00:00,2026-07-06,4.6,0,0,,,76.39,100.0,100.0,0
2026-07-06T19:00:00+00:00,2026-07-06,3.23,0,0,,,30.56,100.0,100.0,0
2026-07-06T19:10:00+00:00,2026-07-06,1.92,0,0,,,33.33,75.0,100.0,0
2026-07-06T19:20:00+00:00,2026-07-06,0.69,0,0,,,81.94,75.0,100.0,0
2026-07-06T19:30:00+00:00,2026-07-06,-1.08,0,0,,,65.28,75.0,,0
2026-07-06T19:40:00+00:00,2026-07-06,-2.38,0,0,,,41.67,63.0,61.0,0
2026-07-06T19:50:00+00:00,2026-07-06,-3.64,0,0,,,36.11,63.0,47.0,0
2026-07-06T20:00:00+00:00,2026-07-06,-4.87,0,0,,,50.0,63.0,33.0,0
2026-07-06T20:10:00+00:00,2026-07-06,-6.06,0,0,,,70.83,50.0,33.0,0
2026-07-06T20:20:00+00:00,2026-07-06,-7.21,0,0,,,66.67,50.0,35.0,0
2026-07-06T20:30:00+00:00,2026-07-06,-8.31,0,0,,,80.56,50.0,37.0,0
2026-07-06T20:40:00+00:00,2026-07-06,-9.37,0,0,,,90.28,88.0,37.0,0
2026-07-06T20:50:00+00:00,2026-07-06,-10.39,0,0,,,100.0,88.0,38.0,0
2026-07-06T21:00:00+00:00,2026-07-06,-11.35,0,0,,,100.0,88.0,40.0,0
2026-07-06T21:10:00+00:00,2026-07-06,-12.27,0,0,,,100.0,88.0,40.0,0
2026-07-06T21:20:00+00:00,2026-07-06,-13.13,0,0,,,100.0,88.0,55.0,0
2026-07-06T21:30:00+00:00,2026-07-06,-13.94,0,0,,,100.0,88.0,70.0,0
2026-07-06T21:40:00+00:00,2026-07-06,-14.69,0,0,,,100.0,100.0,70.0,0
2026-07-06T21:50:00+00:00,2026-07-06,-15.38,0,0,,,100.0,100.0,85.0,0
2026-07-06T22:00:00+00:00,2026-07-06,-16.01,0,0,,,100.0,100.0,100.0,0
2026-07-06T22:10:00+00:00,2026-07-06,-16.57,0,0,,,100.0,100.0,100.0,0
2026-07-06T22:20:00+00:00,2026-07-06,-17.08,0,0,,,75.0,100.0,83.0,0
2026-07-06T22:30:00+00:00,2026-07-06,-17.52,0,0,,,41.67,100.0,55.0,0
2026-07-06T22:40:00+00:00,2026-07-06,-17.89,0,0,,,19.44,100.0,55.0,0
2026-07-06T22:50:00+00:00,2026-07-06,-18.2,0,0,,,12.5,100.0,33.0,0
2026-07-06T23:00:00+00:00,2026-07-06,-18.43,0,0,,,15.28,100.0,10.0,0
2026-07-06T23:10:00+00:00,2026-07-06,-18.6,0,0,,,6.94,63.0,10.0,0
2026-07-06T23:20:00+00:00,2026-07-06,-18.7,0,0,,,0.0,63.0,8.0,0
2026-07-06T23:30:00+00:00,2026-07-06,-18.72,0,0,,,0.0,63.0,5.0,0
2026-07-06T23:40:00+00:00,2026-07-06,-18.68,0,0,,,0.0,0.0,5.0,0
2026-07-06T23:50:00+00:00,2026-07-06,-18.57,0,0,,,0.0,0.0,3.0,0
2026-07-07T00:00:00+00:00,2026-07-07,-18.38,0,0,,,0.0,0.0,0.0,0
2026-07-07T00:10:00+00:00,2026-07-07,-18.13,0,0,,,,0.0,0.0,0
2026-07-07T00:20:00+00:00,2026-07-07,-17.81,0,0,,,20.83,0.0,19.0,0
2026-07-07T00:30:00+00:00,2026-07-07,-17.43,0,0,,,30.56,0.0,38.0,0
2026-07-07T00:40:00+00:00,2026-07-07,-16.97,0,0,,,51.39,0.0,38.0,0
2026-07-07T00:50:00+00:00,2026-07-07,-16.45,0,0,,,29.17,0.0,57.0,0
2026-07-07T01:00:00+00:00,2026-07-07,-15.87,0,0,,,4.17,0.0,76.0,0
2026-07-07T01:10:00+00:00,2026-07-07,-15.23,0,0,,,0.0,63.0,76.0,0
2026-07-07T01:20:00+00:00,2026-07-07,-14.52,0,0,,,0.0,63.0,57.0,0
2026-07-07T01:30:00+00:00,2026-07-07,-13.76,0,0,,,0.0,63.0,38.0,0
2026-07-07T01:40:00+00:00,2026-07-07,-12.94,0,0,,,8.33,75.0,38.0,0
2026-07-07T01:50:00+00:00,2026-07-07,-12.07,0,0,,,,75.0,19.0,0
2026-07-07T02:00:00+00:00,2026-07-07,-11.14,0,0,,,6.94,75.0,0.0,0
2026-07-07T02:10:00+00:00,2026-07-07,-10.17,0,0,,,0.0,25.0,0.0,0
2026-07-07T02:20:00+00:00,2026-07-07,-9.14,0,0,,,2.78,25.0,25.0,0
2026-07-07T02:30:00+00:00,2026-07-07,-8.07,0,0,,,11.11,25.0,50.0,0
2026-07-07T02:40:00+00:00,2026-07-07,-6.96,0,0,,,11.11,0.0,50.0,0
2026-07-07T02:50:00+00:00,2026-07-07,-5.8,0,0,,,11.11,0.0,75.0,0
2026-07-07T03:00:00+00:00,2026-07-07,-4.6,0,0,,,23.61,0.0,100.0,0
2026-07-07T03:10:00+00:00,2026-07-07,-3.36,0,0,,,,63.0,100.0,0
2026-07-07T03:20:00+00:00,2026-07-07,-2.09,0,0,,,100.0,63.0,96.0,0
2026-07-07T03:30:00+00:00,2026-07-07,-0.18,0,0,,,81.94,63.0,93.0,0
2026-07-07T03:40:00+00:00,2026-07-07,0.96,0,0,,,69.44,88.0,,0
2026-07-07T03:50:00+00:00,2026-07-07,2.21,0,0,,,65.28,88.0,89.0,0
2026-07-07T04:00:00+00:00,2026-07-07,3.53,0,0,,,26.39,88.0,85.0,0
2026-07-07T04:10:00+00:00,2026-07-07,4.92,0,0,,,11.11,100.0,85.0,0
2026-07-07T04:20:00+00:00,2026-07-07,6.34,1,0,0,36.6182,34.72,100.0,79.0,1
2026-07-07T04:30:00+00:00,2026-07-07,7.79,1,0,0,43.698,91.67,100.0,80.0,1
2026-07-07T04:40:00+00:00,2026-07-07,9.27,1,0,0,80.426,84.72,100.0,80.0,1
2026-07-07T04:50:00+00:00,2026-07-07,10.78,1,0,0,83.6659,62.5,100.0,71.0,1
2026-07-07T05:00:00+00:00,2026-07-07,12.31,1,0,0,57.8205,69.44,100.0,62.0,1
2026-07-07T05:10:00+00:00,2026-07-07,13.85,1,0,0,56.3161,100.0,100.0,62.0,1
2026-07-07T05:20:00+00:00,2026-07-07,15.42,1,0,0,24.8607,93.06,100.0,67.0,1
2026-07-07T05:30:00+00:00,2026-07-07,17.0,1,0,0,15.6575,61.11,100.0,71.0,1
2026-07-07T05:40:00+00:00,2026-07-07,18.59,1,0,0,66.8173,93.06,100.0,71.0,1
2026-07-07T05:50:00+00:00,2026-07-07,20.2,1,0,0,99.7072,100.0,100.0,,0
2026-07-07T06:00:00+00:00,2026-07-07,21.82,1,0,0,98.9157,100.0,100.0,80.0,1
2026-07-07T06:10:00+00:00,2026-07-07,23.44,1,0,0,99.9471,100.0,100.0,80.0,1
2026-07-07T06:20:00+00:00,2026-07-07,25.08,1,0,0,98.1211,100.0,100.0,85.0,1
2026-07-07T06:30:00+00:00,2026-07-07,26.72,1,0,0,79.6455,95.83,100.0,90.0,1
2026-07-07T06:40:00+00:00,2026-07-07,28.36,1,0,0,50.7186,95.83,100.0,90.0,1
2026-07-07T06:50:00+00:00,2026-07-07,30.01,1,0,0,80.7878,100.0,100.0,,0
2026-07-07T07:00:00+00:00,2026-07-07,31.66,1,0,0,86.1346,100.0,100.0,100.0,1
2026-07-07T07:10:00+00:00,2026-07-07,33.31,1,0,0,99.8527,100.0,100.0,100.0,1
2026-07-07T07:20:00+00:00,2026-07-07,34.95,1,0,0,99.6534,97.22,100.0,100.0,1
2026-07-07T07:30:00+00:00,2026-07-07,36.59,1,0,0,97.209,95.83,100.0,,0
2026-07-07T07:40:00+00:00,2026-07-07,38.22,1,0,0,100.0,100.0,100.0,100.0,1
2026-07-07T07:50:00+00:00,2026-07-07,39.85,1,0,0,99.9924,100.0,100.0,97.0,1
2026-07-07T08:00:00+00:00,2026-07-07,41.46,1,0,0,99.9998,100.0,100.0,97.0,1
2026-07-07T08:10:00+00:00,2026-07-07,43.06,1,0,0,99.9961,100.0,100.0,97.0,1
2026-07-07T08:20:00+00:00,2026-07-07,44.64,1,0,0,99.1353,100.0,100.0,97.0,1
2026-07-07T08:30:00+00:00,2026-07-07,46.2,1,0,0,99.9023,100.0,100.0,96.0,1
2026-07-07T08:40:00+00:00,2026-07-07,47.73,1,1,0,,100.0,100.0,96.0,0
2026-07-07T08:50:00+00:00,2026-07-07,49.24,1,0,0,100.0,100.0,100.0,96.0,1
2026-07-07T09:00:00+00:00,2026-07-07,50.71,1,0,0,99.9782,100.0,100.0,95.0,1
2026-07-07T09:10:00+00:00,2026-07-07,52.14,1,0,0,94.3157,100.0,100.0,95.0,1
2026-07-07T09:20:00+00:00,2026-07-07,53.53,1,0,0,84.8221,98.61,100.0,96.0,1
2026-07-07T09:30:00+00:00,2026-07-07,54.87,1,0,0,79.2952,88.89,100.0,98.0,1
2026-07-07T09:40:00+00:00,2026-07-07,56.15,1,0,0,31.95,100.0,100.0,98.0,1
2026-07-07T09:50:00+00:00,2026-07-07,57.37,1,0,0,38.8893,100.0,100.0,99.0,1
2026-07-07T10:00:00+00:00,2026-07-07,58.51,1,0,0,98.0235,100.0,100.0,100.0,1
2026-07-07T10:10:00+00:00,2026-07-07,59.57,1,0,0,99.9981,100.0,100.0,100.0,1
2026-07-07T10:20:00+00:00,2026-07-07,60.54,1,0,0,99.9736,100.0,100.0,100.0,1
2026-07-07T10:30:00+00:00,2026-07-07,61.4,1,0,0,99.12,100.0,100.0,100.0,1
2026-07-07T10:40:00+00:00,2026-07-07,62.15,1,0,0,99.9905,100.0,75.0,100.0,1
2026-07-07T10:50:00+00:00,2026-07-07,62.77,1,0,0,99.9436,100.0,75.0,100.0,1
2026-07-07T11:00:00+00:00,2026-07-07,63.27,1,0,0,99.9715,100.0,75.0,100.0,1
2026-07-07T11:10:00+00:00,2026-07-07,63.62,1,0,0,99.504,100.0,88.0,100.0,1
2026-07-07T11:20:00+00:00,2026-07-07,63.83,1,0,0,99.9932,100.0,88.0,100.0,1
2026-07-07T11:30:00+00:00,2026-07-07,63.88,1,0,0,99.9611,100.0,88.0,100.0,1
2026-07-07T11:40:00+00:00,2026-07-07,63.79,1,0,0,99.9993,100.0,100.0,100.0,0
2026-07-07T11:50:00+00:00,2026-07-07,63.55,1,0,0,99.9779,100.0,100.0,100.0,1
2026-07-07T12:00:00+00:00,2026-07-07,63.16,1,0,1,99.8869,100.0,100.0,100.0,1
2026-07-07T12:10:00+00:00,2026-07-07,62.64,1,0,1,99.9999,100.0,100.0,100.0,1
2026-07-07T12:20:00+00:00,2026-07-07,61.98,1,0,1,100.0,100.0,100.0,100.0,1
2026-07-07T12:30:00+00:00,2026-07-07,61.2,1,0,1,100.0,100.0,100.0,100.0,1
2026-07-07T12:40:00+00:00,2026-07-07,60.31,1,0,1,99.9999,100.0,100.0,100.0,1
2026-07-07T12:50:00+00:00,2026-07-07,59.32,1,0,1,100.0,100.0,100.0,100.0,1
2026-07-07T13:00:00+00:00,2026-07-07,58.24,1,0,1,100.0,100.0,100.0,100.0,1
2026-07-07T13:10:00+00:00,2026-07-07,57.08,1,0,1,100.0,100.0,100.0,100.0,1
2026-07-07T13:20:00+00:00,2026-07-07,55.85,1,0,1,100.0,100.0,100.0,100.0,1
2026-07-07T13:30:00+00:00,2026-07-07,54.56,1,0,1,100.0,100.0,100.0,,0
2026-07-07T13:40:00+00:00,2026-07-07,53.2,1,0,1,99.9994,100.0,100.0,99.0,1
2026-07-07T13:50:00+00:00,2026-07-07,51.8,1,0,1,99.9999,100.0,100.0,99.0,1
2026-07-07T14:00:00+00:00,2026-07-07,50.36,1,0,1,100.0,100.0,100.0,98.0,1
2026-07-07T14:10:00+00:00,2026-07-07,48.88,1,0,1,100.0,100.0,100.0,98.0,1
2026-07-07T14:20:00+00:00,2026-07-07,47.36,1,0,1,100.0,100.0,100.0,96.0,1
2026-07-07T14:30:00+00:00,2026-07-07,45.82,1,0,1,100.0,100.0,100.0,93.0,1
2026-07-07T14:40:00+00:00,2026-07-07,44.26,1,0,1,99.9999,100.0,100.0,93.0,1
2026-07-07T14:50:00+00:00,2026-07-07,42.67,1,0,1,100.0,100.0,100.0,91.0,1
2026-07-07T15:00:00+00:00,2026-07-07,41.07,1,0,1,99.9995,100.0,100.0,88.0,1
2026-07-07T15:10:00+00:00,2026-07-07,39.45,1,1,1,,100.0,100.0,88.0,0
2026-07-07T15:20:00+00:00,2026-07-07,37.83,1,0,1,99.9996,100.0,100.0,91.0,1
2026-07-07T15:30:00+00:00,2026-07-07,36.19,1,0,1,100.0,100.0,100.0,94.0,1
2026-07-07T15:40:00+00:00,2026-07-07,34.55,1,0,1,100.0,100.0,100.0,94.0,1
2026-07-07T15:50:00+00:00,2026-07-07,32.9,1,0,1,100.0,100.0,100.0,97.0,1
2026-07-07T16:00:00+00:00,2026-07-07,31.25,1,0,1,100.0,100.0,100.0,100.0,1
2026-07-07T16:10:00+00:00,2026-07-07,29.6,1,0,1,100.0,100.0,100.0,100.0,1
2026-07-07T16:20:00+00:00,2026-07-07,27.95,1,0,1,100.0,100.0,100.0,100.0,1
2026-07-07T16:30:00+00:00,2026-07-07,26.31,1,0,1,99.9999,100.0,100.0,100.0,1
2026-07-07T16:40:00+00:00,2026-07-07,24.67,1,0,1,100.0,100.0,100.0,100.0,1
2026-07-07T16:50:00+00:00,2026-07-07,23.04,1,0,1,99.9999,100.0,100.0,100.0,1
2026-07-07T17:00:00+00:00,2026-07-07,21.41,1,0,1,100.0,100.0,100.0,100.0,1
2026-07-07T17:10:00+00:00,2026-07-07,19.79,1,0,1,99.9998,100.0,100.0,100.0,1
2026-07-07T17:20:00+00:00,2026-07-07,18.19,1,0,1,99.9995,100.0,100.0,96.0,1
2026-07-07T17:30:00+00:00,2026-07-07,16.59,1,0,1,99.9988,100.0,100.0,91.0,1
2026-07-07T17:40:00+00:00,2026-07-07,15.02,1,0,1,99.9939,100.0,100.0,91.0,1
2026-07-07T17:50:00+00:00,2026-07-07,13.45,1,0,1,99.27,100.0,100.0,87.0,1
2026-07-07T18:00:00+00:00,2026-07-07,11.91,1,0,1,99.56,100.0,100.0,82.0,1
2026-07-07T18:10:00+00:00,2026-07-07,10.39,1,0,1,99.2651,100.0,100.0,82.0,1
2026-07-07T18:20:00+00:00,2026-07-07,8.88,1,0,0,99.9801,100.0,100.0,85.0,1
2026-07-07T18:30:00+00:00,2026-07-07,7.41,1,0,0,100.0,100.0,100.0,89.0,1
2026-07-07T18:40:00+00:00,2026-07-07,5.96,1,0,0,99.9605,100.0,100.0,89.0,1
2026-07-07T18:50:00+00:00,2026-07-07,4.54,0,0,,,100.0,100.0,92.0,0
2026-07-07T19:00:00+00:00,2026-07-07,3.17,0,0,,,100.0,100.0,95.0,0
2026-07-07T19:10:00+00:00,2026-07-07,1.86,0,0,,,100.0,100.0,95.0,0
2026-07-07T19:20:00+00:00,2026-07-07,0.64,0,0,,,100.0,100.0,96.0,0
2026-07-07T19:30:00+00:00,2026-07-07,-1.15,0,0,,,95.83,100.0,98.0,0
2026-07-07T19:40:00+00:00,2026-07-07,-2.45,0,0,,,48.61,100.0,91.0,0
2026-07-07T19:50:00+00:00,2026-07-07,-3.71,0,0,,,5.56,100.0,93.0,0
2026-07-07T20:00:00+00:00,2026-07-07,-4.94,0,0,,,0.0,100.0,95.0,0
2026-07-07T20:10:00+00:00,2026-07-07,-6.13,0,0,,,5.56,100.0,95.0,0
2026-07-07T20:20:00+00:00,2026-07-07,-7.28,0,0,,,22.22,100.0,90.0,0
2026-07-07T20:30:00+00:00,2026-07-07,-8.39,0,0,,,33.33,100.0,86.0,0
2026-07-07T20:40:00+00:00,2026-07-07,-9.45,0,0,,,54.17,100.0,86.0,0
2026-07-07T20:50:00+00:00,2026-07-07,-10.47,0,0,,,54.17,100.0,81.0,0
2026-07-07T21:00:00+00:00,2026-07-07,-11.44,0,0,,,40.28,100.0,76.0,0
2026-07-07T21:10:00+00:00,2026-07-07,-12.35,0,0,,,26.39,100.0,76.0,0
2026-07-07T21:20:00+00:00,2026-07-07,-13.22,0,0,,,76.39,100.0,78.0,0
2026-07-07T21:30:00+00:00,2026-07-07,-14.03,0,0,,,70.83,100.0,80.0,0
2026-07-07T21:40:00+00:00,2026-07-07,-14.78,0,0,,,33.33,100.0,80.0,0
2026-07-07T21:50:00+00:00,2026-07-07,-15.47,0,0,,,88.89,100.0,82.0,0
2026-07-07T22:00:00+00:00,2026-07-07,-16.1,0,0,,,86.11,100.0,84.0,0
2026-07-07T22:10:00+00:00,2026-07-07,-16.67,0,0,,,73.61,100.0,84.0,0
2026-07-07T22:20:00+00:00,2026-07-07,-17.18,0,0,,,58.33,100.0,88.0,0
2026-07-07T22:30:00+00:00,2026-07-07,-17.62,0,0,,,77.78,100.0,57.0,0
2026-07-07T22:40:00+00:00,2026-07-07,-17.99,0,0,,,84.72,100.0,57.0,0
2026-07-07T22:50:00+00:00,2026-07-07,-18.3,0,0,,,100.0,100.0,49.0,0
2026-07-07T23:00:00+00:00,2026-07-07,-18.54,0,0,,,100.0,100.0,40.0,0
2026-07-07T23:10:00+00:00,2026-07-07,-18.71,0,0,,,100.0,100.0,40.0,0
2026-07-07T23:20:00+00:00,2026-07-07,-18.8,0,0,,,100.0,100.0,55.0,0
2026-07-07T23:30:00+00:00,2026-07-07,-18.83,0,0,,,100.0,100.0,70.0,0
2026-07-07T23:40:00+00:00,2026-07-07,-18.79,0,0,,,100.0,100.0,70.0,0
2026-07-07T23:50:00+00:00,2026-07-07,-18.68,0,0,,,100.0,100.0,85.0,0
2026-07-08T00:00:00+00:00,2026-07-08,-18.5,0,0,,,100.0,100.0,100.0,0
2026-07-08T00:10:00+00:00,2026-07-08,-18.25,0,0,,,100.0,100.0,100.0,0
2026-07-08T00:20:00+00:00,2026-07-08,-17.93,0,0,,,100.0,100.0,86.0,0
2026-07-08T00:30:00+00:00,2026-07-08,-17.54,0,0,,,100.0,100.0,71.0,0
2026-07-08T00:40:00+00:00,2026-07-08,-17.09,0,0,,,100.0,100.0,71.0,0
2026-07-08T00:50:00+00:00,2026-07-08,-16.57,0,0,,,100.0,100.0,57.0,0
2026-07-08T01:00:00+00:00,2026-07-08,-15.99,0,0,,,100.0,100.0,42.0,0
2026-07-08T01:10:00+00:00,2026-07-08,-15.34,0,0,,,100.0,100.0,42.0,0
2026-07-08T01:20:00+00:00,2026-07-08,-14.64,0,0,,,100.0,100.0,43.0,0
2026-07-08T01:30:00+00:00,2026-07-08,-13.88,0,0,,,100.0,100.0,43.0,0
2026-07-08T01:40:00+00:00,2026-07-08,-13.06,0,0,,,100.0,100.0,69.0,0
2026-07-08T01:50:00+00:00,2026-07-08,-12.18,0,0,,,100.0,100.0,59.0,0
2026-07-08T02:00:00+00:00,2026-07-08,-11.26,0,0,,,100.0,100.0,48.0,0
2026-07-08T02:10:00+00:00,2026-07-08,-10.28,0,0,,,100.0,100.0,48.0,0
2026-07-08T02:20:00+00:00,2026-07-08,-9.26,0,0,,,100.0,100.0,43.0,0
2026-07-08T02:30:00+00:00,2026-07-08,-8.18,0,0,,,100.0,100.0,39.0,0
2026-07-08T02:40:00+00:00,2026-07-08,-7.07,0,0,,,100.0,100.0,39.0,0
2026-07-08T02:50:00+00:00,2026-07-08,-5.91,0,0,,,100.0,100.0,34.0,0
2026-07-08T03:00:00+00:00,2026-07-08,-4.71,0,0,,,100.0,100.0,29.0,0
2026-07-08T03:10:00+00:00,2026-07-08,-3.48,0,0,,,100.0,100.0,29.0,0
2026-07-08T03:20:00+00:00,2026-07-08,-2.2,0,0,,,100.0,100.0,45.0,0
2026-07-08T03:30:00+00:00,2026-07-08,-0.9,0,0,,,100.0,100.0,61.0,0
2026-07-08T03:40:00+00:00,2026-07-08,0.86,0,0,,,100.0,100.0,61.0,0
2026-07-08T03:50:00+00:00,2026-07-08,2.11,0,0,,,100.0,100.0,76.0,0
2026-07-08T04:00:00+00:00,2026-07-08,3.43,0,0,,,100.0,100.0,92.0,0
2026-07-08T04:10:00+00:00,2026-07-08,4.81,0,0,,,100.0,100.0,92.0,0
2026-07-08T04:20:00+00:00,2026-07-08,6.23,1,0,0,97.9416,94.44,100.0,94.0,1
2026-07-08T04:30:00+00:00,2026-07-08,7.68,1,0,0,93.9723,81.94,100.0,96.0,1
2026-07-08T04:40:00+00:00,2026-07-08,9.17,1,0,0,79.4486,75.0,100.0,,0
2026-07-08T04:50:00+00:00,2026-07-08,10.67,1,0,0,80.2395,81.94,100.0,98.0,1
2026-07-08T05:00:00+00:00,2026-07-08,12.2,1,0,0,83.4521,100.0,100.0,99.0,1
2026-07-08T05:10:00+00:00,2026-07-08,13.75,1,0,0,96.6454,100.0,100.0,99.0,1
2026-07-08T05:20:00+00:00,2026-07-08,15.31,1,0,0,98.7294,100.0,100.0,96.0,1
2026-07-08T05:30:00+00:00,2026-07-08,16.89,1,0,0,96.6408,100.0,100.0,92.0,1
2026-07-08T05:40:00+00:00,2026-07-08,18.49,1,0,0,96.6108,88.89,100.0,92.0,1
2026-07-08T05:50:00+00:00,2026-07-08,20.09,1,0,0,93.3433,87.5,100.0,89.0,1
2026-07-08T06:00:00+00:00,2026-07-08,21.71,1,0,0,98.7416,100.0,100.0,85.0,1
2026-07-08T06:10:00+00:00,2026-07-08,23.34,1,0,0,99.6642,100.0,100.0,85.0,1
2026-07-08T06:20:00+00:00,2026-07-08,24.97,1,0,0,85.2206,97.22,100.0,84.0,1
2026-07-08T06:30:00+00:00,2026-07-08,26.61,1,0,0,76.308,88.89,100.0,82.0,1
2026-07-08T06:40:00+00:00,2026-07-08,28.26,1,0,0,88.0431,100.0,100.0,82.0,1
2026-07-08T06:50:00+00:00,2026-07-08,29.91,1,0,0,96.5697,100.0,100.0,81.0,1
2026-07-08T07:00:00+00:00,2026-07-08,31.55,1,0,0,99.5979,100.0,100.0,79.0,1
2026-07-08T07:10:00+00:00,2026-07-08,33.2,1,0,0,99.4269,100.0,100.0,79.0,1
2026-07-08T07:20:00+00:00,2026-07-08,34.85,1,0,0,99.9392,100.0,100.0,82.0,1
2026-07-08T07:30:00+00:00,2026-07-08,36.49,1,0,0,93.1805,100.0,100.0,86.0,1
2026-07-08T07:40:00+00:00,2026-07-08,38.12,1,0,0,92.7852,100.0,100.0,86.0,1
2026-07-08T07:50:00+00:00,2026-07-08,39.74,1,0,0,99.4754,100.0,100.0,86.0,1
2026-07-08T08:00:00+00:00,2026-07-08,41.35,1,0,0,99.9169,100.0,100.0,83.0,1
2026-07-08T08:10:00+00:00,2026-07-08,42.95,1,0,0,100.0,100.0,100.0,83.0,1
2026-07-08T08:20:00+00:00,2026-07-08,44.53,1,1,0,,100.0,100.0,85.0,0
2026-07-08T08:30:00+00:00,2026-07-08,46.09,1,0,0,100.0,100.0,100.0,87.0,1
2026-07-08T08:40:00+00:00,2026-07-08,47.62,1,0,0,100.0,100.0,100.0,,0
2026-07-08T08:50:00+00:00,2026-07-08,49.13,1,0,0,99.9885,100.0,100.0,88.0,1
2026-07-08T09:00:00+00:00,2026-07-08,50.6,1,0,0,100.0,100.0,100.0,90.0,1
2026-07-08T09:10:00+00:00,2026-07-08,52.03,1,0,0,100.0,100.0,100.0,90.0,1
2026-07-08T09:20:00+00:00,2026-07-08,53.42,1,0,0,100.0,100.0,100.0,,0
2026-07-08T09:30:00+00:00,2026-07-08,54.76,1,0,0,100.0,100.0,100.0,93.0,1
2026-07-08T09:40:00+00:00,2026-07-08,56.04,1,0,0,100.0,100.0,88.0,93.0,1
2026-07-08T09:50:00+00:00,2026-07-08,57.25,1,0,0,100.0,100.0,88.0,94.0,1
2026-07-08T10:00:00+00:00,2026-07-08,58.4,1,0,0,100.0,100.0,88.0,,0
2026-07-08T10:10:00+00:00,2026-07-08,59.45,1,0,0,100.0,100.0,88.0,95.0,1
2026-07-08T10:20:00+00:00,2026-07-08,60.42,1,0,0,100.0,100.0,88.0,96.0,1
2026-07-08T10:30:00+00:00,2026-07-08,61.28,1,0,0,100.0,100.0,88.0,,0
2026-07-08T10:40:00+00:00,2026-07-08,62.03,1,0,0,100.0,100.0,88.0,98.0,1
2026-07-08T10:50:00+00:00,2026-07-08,62.66,1,0,0,83.5638,100.0,88.0,96.0,1
2026-07-08T11:00:00+00:00,2026-07-08,63.15,1,0,0,99.6155,100.0,88.0,95.0,1
2026-07-08T11:10:00+00:00,2026-07-08,63.5,1,0,0,97.4045,100.0,100.0,95.0,1
2026-07-08T11:20:00+00:00,2026-07-08,63.71,1,0,0,100.0,100.0,100.0,96.0,1
2026-07-08T11:30:00+00:00,2026-07-08,63.77,1,0,0,100.0,100.0,100.0,97.0,1
2026-07-08T11:40:00+00:00,2026-07-08,63.68,1,0,0,99.8852,100.0,100.0,97.0,1
2026-07-08T11:50:00+00:00,2026-07-08,63.44,1,0,0,99.9954,100.0,100.0,98.0,0
2026-07-08T12:00:00+00:00,2026-07-08,63.06,1,0,1,100.0,100.0,100.0,99.0,1
2026-07-08T12:10:00+00:00,2026-07-08,62.54,1,0,1,99.9468,100.0,100.0,99.0,1
2026-07-08T12:20:00+00:00,2026-07-08,61.88,1,0,1,99.9974,100.0,100.0,96.0,1
2026-07-08T12:30:00+00:00,2026-07-08,61.11,1,0,1,100.0,100.0,100.0,94.0,1
2026-07-08T12:40:00+00:00,2026-07-08,60.23,1,0,1,100.0,100.0,100.0,94.0,1
2026-07-08T12:50:00+00:00,2026-07-08,59.24,1,0,1,100.0,100.0,100.0,91.0,1
2026-07-08T13:00:00+00:00,2026-07-08,58.16,1,0,1,99.9613,100.0,100.0,88.0,1
2026-07-08T13:10:00+00:00,2026-07-08,57.01,1,0,1,91.0051,100.0,100.0,88.0,1
2026-07-08T13:20:00+00:00,2026-07-08,55.78,1,0,1,69.1029,97.22,100.0,89.0,1
2026-07-08T13:30:00+00:00,2026-07-08,54.48,1,0,1,72.6039,98.61,100.0,,0
2026-07-08T13:40:00+00:00,2026-07-08,53.13,1,0,1,54.7761,100.0,88.0,75.0,1
2026-07-08T13:50:00+00:00,2026-07-08,51.74,1,0,1,50.2293,100.0,88.0,77.0,1
2026-07-08T14:00:00+00:00,2026-07-08,50.29,1,0,1,53.2824,97.22,88.0,79.0,1
2026-07-08T14:10:00+00:00,2026-07-08,48.81,1,0,1,46.7476,94.44,38.0,79.0,1
2026-07-08T14:20:00+00:00,2026-07-08,47.3,1,0,1,41.9674,95.83,38.0,82.0,1
2026-07-08T14:30:00+00:00,2026-07-08,45.76,1,0,1,11.5347,97.22,38.0,85.0,1
2026-07-08T14:40:00+00:00,2026-07-08,44.2,1,0,1,42.0242,100.0,50.0,85.0,1
2026-07-08T14:50:00+00:00,2026-07-08,42.61,1,0,1,67.0654,97.22,50.0,88.0,1
2026-07-08T15:00:00+00:00,2026-07-08,41.01,1,0,1,43.6616,95.83,50.0,91.0,1
2026-07-08T15:10:00+00:00,2026-07-08,39.4,1,0,1,21.1862,86.11,75.0,91.0,1
2026-07-08T15:20:00+00:00,2026-07-08,37.77,1,0,1,26.001,81.94,75.0,93.0,1
2026-07-08T15:30:00+00:00,2026-07-08,36.14,1,0,1,29.1757,80.56,75.0,94.0,1
2026-07-08T15:40:00+00:00,2026-07-08,34.49,1,0,1,31.3235,86.11,50.0,94.0,1
2026-07-08T15:50:00+00:00,2026-07-08,32.85,1,0,1,39.9604,73.61,50.0,96.0,1
2026-07-08T16:00:00+00:00,2026-07-08,31.2,1,0,1,31.6421,61.11,50.0,97.0,1
2026-07-08T16:10:00+00:00,2026-07-08,29.55,1,0,1,22.8618,56.94,38.0,97.0,1
2026-07-08T16:20:00+00:00,2026-07-08,27.9,1,0,1,22.3992,48.61,38.0,96.0,1
2026-07-08T16:30:00+00:00,2026-07-08,26.26,1,0,1,28.044,59.72,38.0,33.0,1
2026-07-08T16:40:00+00:00,2026-07-08,24.62,1,0,1,24.4744,55.56,88.0,33.0,1
2026-07-08T16:50:00+00:00,2026-07-08,22.98,1,0,1,50.5838,62.5,88.0,25.0,1
2026-07-08T17:00:00+00:00,2026-07-08,21.35,1,0,1,53.2402,55.56,88.0,16.0,1
2026-07-08T17:10:00+00:00,2026-07-08,19.74,1,0,1,74.9282,52.78,75.0,16.0,1
2026-07-08T17:20:00+00:00,2026-07-08,18.13,1,0,1,48.9965,45.83,75.0,27.0,1
2026-07-08T17:30:00+00:00,2026-07-08,16.54,1,0,1,66.4633,,75.0,38.0,0
2026-07-08T17:40:00+00:00,2026-07-08,14.96,1,0,1,34.3594,37.5,63.0,38.0,1
2026-07-08T17:50:00+00:00,2026-07-08,13.39,1,0,1,44.6129,22.22,63.0,49.0,1
2026-07-08T18:00:00+00:00,2026-07-08,11.85,1,0,1,84.0425,16.67,63.0,60.0,1
2026-07-08T18:10:00+00:00,2026-07-08,10.32,1,0,1,85.5884,5.56,38.0,60.0,1
2026-07-08T18:20:00+00:00,2026-07-08,8.82,1,0,0,67.6684,11.11,38.0,68.0,1
2026-07-08T18:30:00+00:00,2026-07-08,7.34,1,0,0,60.0418,4.17,38.0,75.0,1
2026-07-08T18:40:00+00:00,2026-07-08,5.89,1,0,0,65.8105,0.0,38.0,75.0,1
2026-07-08T18:50:00+00:00,2026-07-08,4.48,0,0,,,0.0,38.0,83.0,0
2026-07-08T19:00:00+00:00,2026-07-08,3.11,0,0,,,0.0,38.0,90.0,0
2026-07-08T19:10:00+00:00,2026-07-08,1.8,0,0,,,0.0,63.0,90.0,0
2026-07-08T19:20:00+00:00,2026-07-08,0.58,0,0,,,0.0,63.0,69.0,0
2026-07-08T19:30:00+00:00,2026-07-08,-1.22,0,0,,,0.0,63.0,34.0,0
2026-07-08T19:40:00+00:00,2026-07-08,-2.52,0,0,,,0.0,0.0,34.0,0
2026-07-08T19:50:00+00:00,2026-07-08,-3.79,0,0,,,0.0,0.0,35.0,0
2026-07-08T20:00:00+00:00,2026-07-08,-5.02,0,0,,,0.0,0.0,36.0,0
2026-07-08T20:10:00+00:00,2026-07-08,-6.21,0,0,,,0.0,0.0,36.0,0
2026-07-08T20:20:00+00:00,2026-07-08,-7.37,0,0,,,0.0,0.0,27.0,0
2026-07-08T20:30:00+00:00,2026-07-08,-8.48,0,0,,,0.0,0.0,18.0,0
2026-07-08T20:40:00+00:00,2026-07-08,-9.54,0,0,,,0.0,0.0,18.0,0
2026-07-08T20:50:00+00:00,2026-07-08,-10.56,0,0,,,0.0,0.0,9.0,0
2026-07-08T21:00:00+00:00,2026-07-08,-11.53,0,0,,,0.0,0.0,0.0,0
2026-07-08T21:10:00+00:00,2026-07-08,-12.45,0,0,,,0.0,0.0,0.0,0
2026-07-08T21:20:00+00:00,2026-07-08,-13.31,0,0,,,0.0,0.0,0.0,0
2026-07-08T21:30:00+00:00,2026-07-08,-14.12,0,0,,,0.0,0.0,0.0,0
2026-07-08T21:40:00+00:00,2026-07-08,-14.88,0,0,,,0.0,0.0,0.0,0
2026-07-08T21:50:00+00:00,2026-07-08,-15.57,0,0,,,0.0,0.0,0.0,0
2026-07-08T22:00:00+00:00,2026-07-08,-16.2,0,0,,,0.0,0.0,0.0,0
2026-07-08T22:10:00+00:00,2026-07-08,-16.78,0,0,,,0.0,0.0,0.0,0
2026-07-08T22:20:00+00:00,2026-07-08,-17.28,0,0,,,0.0,0.0,0.0,0
2026-07-08T22:30:00+00:00,2026-07-08,-17.73,0,0,,,0.0,0.0,8.0,0
2026-07-08T22:40:00+00:00,2026-07-08,-18.1,0,0,,,0.0,0.0,8.0,0
2026-07-08T22:50:00+00:00,2026-07-08,-18.41,0,0,,,0.0,0.0,4.0,0
2026-07-08T23:00:00+00:00,2026-07-08,-18.65,0,0,,,0.0,0.0,0.0,0
2026-07-08T23:10:00+00:00,2026-07-08,-18.82,0,0,,,0.0,0.0,0.0,0
2026-07-08T23:20:00+00:00,2026-07-08,-18.92,0,0,,,0.0,0.0,1.0,0
2026-07-08T23:30:00+00:00,2026-07-08,-18.95,0,0,,,0.0,0.0,3.0,0
2026-07-08T23:40:00+00:00,2026-07-08,-18.91,0,0,,,0.0,0.0,3.0,0
2026-07-08T23:50:00+00:00,2026-07-08,-18.8,0,0,,,0.0,0.0,4.0,0
2026-07-09T00:00:00+00:00,2026-07-09,-18.62,0,0,,,0.0,0.0,5.0,0
2026-07-09T00:10:00+00:00,2026-07-09,-18.37,0,0,,,0.0,0.0,5.0,0
2026-07-09T00:20:00+00:00,2026-07-09,-18.05,0,0,,,6.94,0.0,16.0,0
2026-07-09T00:30:00+00:00,2026-07-09,-17.66,0,0,,,30.56,0.0,26.0,0
2026-07-09T00:40:00+00:00,2026-07-09,-17.21,0,0,,,31.94,50.0,26.0,0
2026-07-09T00:50:00+00:00,2026-07-09,-16.69,0,0,,,33.33,50.0,37.0,0
2026-07-09T01:00:00+00:00,2026-07-09,-16.11,0,0,,,31.94,50.0,47.0,0
2026-07-09T01:10:00+00:00,2026-07-09,-15.46,0,0,,,51.39,88.0,47.0,0
2026-07-09T01:20:00+00:00,2026-07-09,-14.76,0,0,,,19.44,88.0,55.0,0
2026-07-09T01:30:00+00:00,2026-07-09,-14.0,0,0,,,12.5,88.0,49.0,0
2026-07-09T01:40:00+00:00,2026-07-09,-13.18,0,0,,,6.94,88.0,49.0,0
2026-07-09T01:50:00+00:00,2026-07-09,-12.3,0,0,,,8.33,88.0,54.0,0
2026-07-09T02:00:00+00:00,2026-07-09,-11.38,0,0,,,20.83,88.0,59.0,0
2026-07-09T02:10:00+00:00,2026-07-09,-10.4,0,0,,,26.39,25.0,59.0,0
2026-07-09T02:20:00+00:00,2026-07-09,-9.38,0,0,,,,25.0,57.0,0
2026-07-09T02:30:00+00:00,2026-07-09,-8.3,0,0,,,51.39,25.0,55.0,0
2026-07-09T02:40:00+00:00,2026-07-09,-7.19,0,0,,,41.67,50.0,,0
2026-07-09T02:50:00+00:00,2026-07-09,-6.03,0,0,,,16.67,50.0,53.0,0
2026-07-09T03:00:00+00:00,2026-07-09,-4.83,0,0,,,9.72,50.0,51.0,0
2026-07-09T03:10:00+00:00,2026-07-09,-3.59,0,0,,,12.5,25.0,51.0,0
2026-07-09T03:20:00+00:00,2026-07-09,-2.32,0,0,,,27.78,25.0,49.0,0
2026-07-09T03:30:00+00:00,2026-07-09,-1.01,0,0,,,23.61,25.0,47.0,0
2026-07-09T03:40:00+00:00,2026-07-09,0.76,0,0,,,16.67,25.0,47.0,0
2026-07-09T03:50:00+00:00,2026-07-09,2.0,0,0,,,8.33,25.0,44.0,0
2026-07-09T04:00:00+00:00,2026-07-09,3.32,0,0,,,5.56,25.0,42.0,0
2026-07-09T04:10:00+00:00,2026-07-09,4.7,0,0,,,4.17,63.0,42.0,0
2026-07-09T04:20:00+00:00,2026-07-09,6.12,1,0,0,20.8311,4.17,63.0,44.0,1
2026-07-09T04:30:00+00:00,2026-07-09,7.57,1,0,0,12.3829,2.78,63.0,,0
2026-07-09T04:40:00+00:00,2026-07-09,9.05,1,0,0,0.0654,0.0,75.0,55.0,1
2026-07-09T04:50:00+00:00,2026-07-09,10.56,1,0,0,0.0001,0.0,75.0,59.0,1
2026-07-09T05:00:00+00:00,2026-07-09,12.09,1,0,0,0.0,0.0,75.0,62.0,1
2026-07-09T05:10:00+00:00,2026-07-09,13.64,1,0,0,0.0,,25.0,,0
2026-07-09T05:20:00+00:00,2026-07-09,15.2,1,0,0,0.0,0.0,25.0,50.0,1
2026-07-09T05:30:00+00:00,2026-07-09,16.78,1,0,0,0.0,0.0,25.0,,0
2026-07-09T05:40:00+00:00,2026-07-09,18.38,1,0,0,0.0,0.0,13.0,38.0,1
2026-07-09T05:50:00+00:00,2026-07-09,19.99,1,0,0,0.0,0.0,13.0,26.0,1
2026-07-09T06:00:00+00:00,2026-07-09,21.6,1,1,0,,0.0,13.0,14.0,0
2026-07-09T06:10:00+00:00,2026-07-09,23.23,1,0,0,0.0,0.0,0.0,14.0,1
2026-07-09T06:20:00+00:00,2026-07-09,24.87,1,0,0,0.0,0.0,0.0,11.0,1
2026-07-09T06:30:00+00:00,2026-07-09,26.51,1,0,0,2.4792,0.0,0.0,9.0,1
2026-07-09T06:40:00+00:00,2026-07-09,28.15,1,1,0,,0.0,0.0,9.0,0
2026-07-09T06:50:00+00:00,2026-07-09,29.8,1,0,0,4.065,11.11,0.0,6.0,1
2026-07-09T07:00:00+00:00,2026-07-09,31.45,1,0,0,29.0498,36.11,0.0,3.0,1
2026-07-09T07:10:00+00:00,2026-07-09,33.09,1,0,0,46.2859,45.83,0.0,3.0,1
2026-07-09T07:20:00+00:00,2026-07-09,34.74,1,0,0,85.6204,69.44,0.0,14.0,1
2026-07-09T07:30:00+00:00,2026-07-09,36.38,1,0,0,62.3919,81.94,0.0,50.0,1
2026-07-09T07:40:00+00:00,2026-07-09,38.01,1,0,0,77.5248,69.44,25.0,50.0,1
2026-07-09T07:50:00+00:00,2026-07-09,39.63,1,0,0,78.2049,59.72,25.0,50.0,1
2026-07-09T08:00:00+00:00,2026-07-09,41.25,1,0,0,47.1743,63.89,25.0,50.0,1
2026-07-09T08:10:00+00:00,2026-07-09,42.84,1,0,0,49.3648,65.28,50.0,50.0,1
2026-07-09T08:20:00+00:00,2026-07-09,44.42,1,0,0,43.509,63.89,50.0,44.0,1
2026-07-09T08:30:00+00:00,2026-07-09,45.98,1,0,0,50.649,62.5,50.0,38.0,1
2026-07-09T08:40:00+00:00,2026-07-09,47.51,1,0,0,55.8786,63.89,50.0,38.0,1
2026-07-09T08:50:00+00:00,2026-07-09,49.02,1,0,0,43.503,55.56,50.0,32.0,1
2026-07-09T09:00:00+00:00,2026-07-09,50.49,1,0,0,48.0413,51.39,50.0,26.0,1
2026-07-09T09:10:00+00:00,2026-07-09,51.92,1,0,0,47.9366,44.44,13.0,26.0,1
2026-07-09T09:20:00+00:00,2026-07-09,53.31,1,0,0,24.4719,30.56,13.0,27.0,1
2026-07-09T09:30:00+00:00,2026-07-09,54.64,1,0,0,18.9479,22.22,13.0,28.0,1
2026-07-09T09:40:00+00:00,2026-07-09,55.92,1,0,0,11.1066,8.33,25.0,28.0,1
2026-07-09T09:50:00+00:00,2026-07-09,57.14,1,0,0,8.1837,4.17,25.0,,0
2026-07-09T10:00:00+00:00,2026-07-09,58.28,1,0,0,1.6264,0.0,25.0,29.0,1
2026-07-09T10:10:00+00:00,2026-07-09,59.33,1,0,0,0.8231,1.39,0.0,29.0,1
2026-07-09T10:20:00+00:00,2026-07-09,60.3,1,0,0,1.7546,0.0,0.0,26.0,1
2026-07-09T10:30:00+00:00,2026-07-09,61.16,1,0,0,1.9217,1.39,0.0,28.0,1
2026-07-09T10:40:00+00:00,2026-07-09,61.91,1,0,0,0.1693,0.0,0.0,28.0,1
2026-07-09T10:50:00+00:00,2026-07-09,62.53,1,0,0,0.1096,0.0,0.0,24.0,1
2026-07-09T11:00:00+00:00,2026-07-09,63.03,1,0,0,0.0053,0.0,0.0,21.0,1
2026-07-09T11:10:00+00:00,2026-07-09,63.38,1,0,0,0.0446,0.0,13.0,21.0,1
2026-07-09T11:20:00+00:00,2026-07-09,63.59,1,0,0,0.0535,0.0,13.0,18.0,1
2026-07-09T11:30:00+00:00,2026-07-09,63.65,1,0,0,0.842,0.0,13.0,14.0,1
2026-07-09T11:40:00+00:00,2026-07-09,63.57,1,0,0,0.8525,0.0,0.0,14.0,1
2026-07-09T11:50:00+00:00,2026-07-09,63.33,1,0,0,0.946,0.0,0.0,11.0,1
2026-07-09T12:00:00+00:00,2026-07-09,62.95,1,0,1,0.8872,0.0,0.0,7.0,1
2026-07-09T12:10:00+00:00,2026-07-09,62.43,1,0,1,1.1915,0.0,0.0,7.0,1
2026-07-09T12:20:00+00:00,2026-07-09,61.78,1,0,1,1.3199,0.0,0.0,7.0,1
2026-07-09T12:30:00+00:00,2026-07-09,61.01,1,0,1,1.0177,1.39,0.0,6.0,1
2026-07-09T12:40:00+00:00,2026-07-09,60.13,1,0,1,1.6266,0.0,0.0,6.0,1
2026-07-09T12:50:00+00:00,2026-07-09,59.15,1,0,1,1.7253,0.0,0.0,6.0,1
2026-07-09T13:00:00+00:00,2026-07-09,58.08,1,0,1,1.2072,0.0,0.0,5.0,1
2026-07-09T13:10:00+00:00,2026-07-09,56.92,1,0,1,1.0362,0.0,0.0,5.0,1
2026-07-09T13:20:00+00:00,2026-07-09,55.7,1,0,1,1.1059,0.0,0.0,4.0,1
2026-07-09T13:30:00+00:00,2026-07-09,54.41,1,0,1,0.9205,0.0,0.0,15.0,1
2026-07-09T13:40:00+00:00,2026-07-09,53.06,1,0,1,0.8284,0.0,0.0,15.0,1
2026-07-09T13:50:00+00:00,2026-07-09,51.66,1,0,1,0.9589,0.0,0.0,13.0,1
2026-07-09T14:00:00+00:00,2026-07-09,50.22,1,0,1,0.9504,1.39,0.0,,0
2026-07-09T14:10:00+00:00,2026-07-09,48.75,1,0,1,0.9782,0.0,0.0,11.0,1
2026-07-09T14:20:00+00:00,2026-07-09,47.24,1,0,1,0.737,0.0,0.0,9.0,1
2026-07-09T14:30:00+00:00,2026-07-09,45.7,1,0,1,1.275,0.0,0.0,8.0,1
2026-07-09T14:40:00+00:00,2026-07-09,44.13,1,0,1,1.569,0.0,0.0,8.0,1
2026-07-09T14:50:00+00:00,2026-07-09,42.55,1,0,1,1.4879,0.0,0.0,6.0,1
2026-07-09T15:00:00+00:00,2026-07-09,40.95,1,0,1,2.0545,0.0,0.0,4.0,1
2026-07-09T15:10:00+00:00,2026-07-09,39.34,1,0,1,2.4936,0.0,0.0,4.0,1
2026-07-09T15:20:00+00:00,2026-07-09,37.71,1,0,1,2.3978,0.0,0.0,4.0,1
2026-07-09T15:30:00+00:00,2026-07-09,36.08,1,0,1,2.2172,0.0,0.0,3.0,1
2026-07-09T15:40:00+00:00,2026-07-09,34.43,1,0,1,2.0569,0.0,0.0,3.0,1
2026-07-09T15:50:00+00:00,2026-07-09,32.79,1,0,1,2.0924,0.0,0.0,3.0,1
2026-07-09T16:00:00+00:00,2026-07-09,31.14,1,0,1,2.2454,0.0,0.0,2.0,1
2026-07-09T16:10:00+00:00,2026-07-09,29.49,1,0,1,2.1361,0.0,0.0,2.0,1
2026-07-09T16:20:00+00:00,2026-07-09,27.84,1,0,1,2.7768,0.0,0.0,2.0,1
2026-07-09T16:30:00+00:00,2026-07-09,26.2,1,0,1,2.3763,0.0,0.0,0.0,1
2026-07-09T16:40:00+00:00,2026-07-09,24.56,1,0,1,2.6346,0.0,0.0,0.0,1
2026-07-09T16:50:00+00:00,2026-07-09,22.92,1,0,1,3.4821,0.0,0.0,0.0,1
2026-07-09T17:00:00+00:00,2026-07-09,21.29,1,0,1,3.467,0.0,0.0,0.0,1
2026-07-09T17:10:00+00:00,2026-07-09,19.68,1,0,1,3.0536,0.0,0.0,0.0,1
2026-07-09T17:20:00+00:00,2026-07-09,18.07,1,0,1,2.7721,0.0,0.0,0.0,1
2026-07-09T17:30:00+00:00,2026-07-09,16.47,1,0,1,2.313,0.0,0.0,0.0,1
2026-07-09T17:40:00+00:00,2026-07-09,14.89,1,0,1,2.292,0.0,0.0,0.0,1
2026-07-09T17:50:00+00:00,2026-07-09,13.33,1,0,1,2.2399,0.0,0.0,0.0,1
2026-07-09T18:00:00+00:00,2026-07-09,11.78,1,0,1,2.2136,0.0,0.0,0.0,1
2026-07-09T18:10:00+00:00,2026-07-09,10.26,1,0,1,2.5194,0.0,0.0,0.0,1
2026-07-09T18:20:00+00:00,2026-07-09,8.75,1,0,0,4.042,0.0,0.0,0.0,1
2026-07-09T18:30:00+00:00,2026-07-09,7.27,1,0,0,9.8585,0.0,0.0,0.0,1
2026-07-09T18:40:00+00:00,2026-07-09,5.82,1,0,0,26.5434,0.0,0.0,0.0,1
2026-07-09T18:50:00+00:00,2026-07-09,4.41,0,0,,,0.0,0.0,0.0,0
2026-07-09T19:00:00+00:00,2026-07-09,3.04,0,0,,,0.0,0.0,0.0,0
2026-07-09T19:10:00+00:00,2026-07-09,1.73,0,0,,,0.0,0.0,0.0,0
2026-07-09T19:20:00+00:00,2026-07-09,0.51,0,0,,,0.0,0.0,7.0,0
2026-07-09T19:30:00+00:00,2026-07-09,-1.3,0,0,,,0.0,0.0,0.0,0
2026-07-09T19:40:00+00:00,2026-07-09,-2.6,0,0,,,0.0,0.0,0.0,0
2026-07-09T19:50:00+00:00,2026-07-09,-3.87,0,0,,,0.0,0.0,0.0,0
2026-07-09T20:00:00+00:00,2026-07-09,-5.11,0,0,,,,0.0,0.0,0
2026-07-09T20:10:00+00:00,2026-07-09,-6.3,0,0,,,0.0,0.0,0.0,0
2026-07-09T20:20:00+00:00,2026-07-09,-7.46,0,0,,,,0.0,0.0,0
2026-07-09T20:30:00+00:00,2026-07-09,-8.57,0,0,,,0.0,0.0,0.0,0
2026-07-09T20:40:00+00:00,2026-07-09,-9.63,0,0,,,0.0,0.0,0.0,0
2026-07-09T20:50:00+00:00,2026-07-09,-10.65,0,0,,,0.0,0.0,0.0,0
2026-07-09T21:00:00+00:00,2026-07-09,-11.62,0,0,,,0.0,0.0,0.0,0
2026-07-09T21:10:00+00:00,2026-07-09,-12.54,0,0,,,0.0,0.0,0.0,0
2026-07-09T21:20:00+00:00,2026-07-09,-13.41,0,0,,,0.0,0.0,0.0,0
2026-07-09T21:30:00+00:00,2026-07-09,-14.22,0,0,,,0.0,0.0,0.0,0
2026-07-09T21:40:00+00:00,2026-07-09,-14.98,0,0,,,0.0,0.0,0.0,0
2026-07-09T21:50:00+00:00,2026-07-09,-15.68,0,0,,,0.0,0.0,0.0,0
2026-07-09T22:00:00+00:00,2026-07-09,-16.31,0,0,,,0.0,0.0,0.0,0
2026-07-09T22:10:00+00:00,2026-07-09,-16.89,0,0,,,0.0,0.0,0.0,0
2026-07-09T22:20:00+00:00,2026-07-09,-17.4,0,0,,,0.0,0.0,,0
2026-07-09T22:30:00+00:00,2026-07-09,-17.84,0,0,,,0.0,0.0,0.0,0
2026-07-09T22:40:00+00:00,2026-07-09,-18.22,0,0,,,0.0,0.0,0.0,0
2026-07-09T22:50:00+00:00,2026-07-09,-18.53,0,0,,,0.0,0.0,0.0,0
2026-07-09T23:00:00+00:00,2026-07-09,-18.77,0,0,,,0.0,0.0,0.0,0
2026-07-09T23:10:00+00:00,2026-07-09,-18.94,0,0,,,0.0,0.0,0.0,0
2026-07-09T23:20:00+00:00,2026-07-09,-19.04,0,0,,,0.0,0.0,0.0,0
2026-07-09T23:30:00+00:00,2026-07-09,-19.07,0,0,,,0.0,0.0,0.0,0
2026-07-09T23:40:00+00:00,2026-07-09,-19.03,0,0,,,0.0,0.0,0.0,0
2026-07-09T23:50:00+00:00,2026-07-09,-18.92,0,0,,,0.0,0.0,0.0,0
2026-07-10T00:00:00+00:00,2026-07-10,-18.74,0,0,,,0.0,0.0,0.0,0
2026-07-10T00:10:00+00:00,2026-07-10,-18.49,0,0,,,0.0,0.0,0.0,0
2026-07-10T00:20:00+00:00,2026-07-10,-18.17,0,0,,,0.0,0.0,0.0,0
2026-07-10T00:30:00+00:00,2026-07-10,-17.79,0,0,,,0.0,0.0,0.0,0
2026-07-10T00:40:00+00:00,2026-07-10,-17.33,0,0,,,0.0,0.0,0.0,0
2026-07-10T00:50:00+00:00,2026-07-10,-16.82,0,0,,,0.0,0.0,0.0,0
2026-07-10T01:00:00+00:00,2026-07-10,-16.23,0,0,,,0.0,0.0,0.0,0
2026-07-10T01:10:00+00:00,2026-07-10,-15.59,0,0,,,0.0,0.0,0.0,0
2026-07-10T01:20:00+00:00,2026-07-10,-14.89,0,0,,,0.0,0.0,0.0,0
2026-07-10T01:30:00+00:00,2026-07-10,-14.12,0,0,,,0.0,0.0,0.0,0
2026-07-10T01:40:00+00:00,2026-07-10,-13.3,0,0,,,0.0,0.0,0.0,0
2026-07-10T01:50:00+00:00,2026-07-10,-12.43,0,0,,,0.0,0.0,0.0,0
2026-07-10T02:00:00+00:00,2026-07-10,-11.5,0,0,,,0.0,0.0,0.0,0
2026-07-10T02:10:00+00:00,2026-07-10,-10.53,0,0,,,0.0,0.0,0.0,0
2026-07-10T02:20:00+00:00,2026-07-10,-9.5,0,0,,,0.0,0.0,0.0,0
2026-07-10T02:30:00+00:00,2026-07-10,-8.43,0,0,,,0.0,0.0,0.0,0
2026-07-10T02:40:00+00:00,2026-07-10,-7.31,0,0,,,0.0,0.0,,0
2026-07-10T02:50:00+00:00,2026-07-10,-6.15,0,0,,,0.0,0.0,0.0,0
2026-07-10T03:00:00+00:00,2026-07-10,-4.95,0,0,,,0.0,0.0,0.0,0
2026-07-10T03:10:00+00:00,2026-07-10,-3.71,0,0,,,0.0,0.0,0.0,0
2026-07-10T03:20:00+00:00,2026-07-10,-2.44,0,0,,,0.0,0.0,0.0,0
2026-07-10T03:30:00+00:00,2026-07-10,-1.13,0,0,,,0.0,0.0,0.0,0
2026-07-10T03:40:00+00:00,2026-07-10,0.66,0,0,,,0.0,0.0,0.0,0
2026-07-10T03:50:00+00:00,2026-07-10,1.89,0,0,,,0.0,0.0,0.0,0
2026-07-10T04:00:00+00:00,2026-07-10,3.21,0,0,,,0.0,0.0,0.0,0
2026-07-10T04:10:00+00:00,2026-07-10,4.58,0,0,,,0.0,0.0,0.0,0
2026-07-10T04:20:00+00:00,2026-07-10,6.0,1,0,0,0.0007,0.0,0.0,0.0,1
2026-07-10T04:30:00+00:00,2026-07-10,7.46,1,0,0,0.0005,0.0,0.0,0.0,1
2026-07-10T04:40:00+00:00,2026-07-10,8.94,1,0,0,0.0,0.0,0.0,0.0,1
2026-07-10T04:50:00+00:00,2026-07-10,10.45,1,0,0,0.0,0.0,0.0,0.0,1
2026-07-10T05:00:00+00:00,2026-07-10,11.98,1,0,0,0.0,0.0,0.0,0.0,1
2026-07-10T05:10:00+00:00,2026-07-10,13.52,1,0,0,0.0,,0.0,0.0,0
2026-07-10T05:20:00+00:00,2026-07-10,15.09,1,0,0,0.0,0.0,0.0,0.0,1
2026-07-10T05:30:00+00:00,2026-07-10,16.67,1,0,0,0.0,0.0,0.0,0.0,1
2026-07-10T05:40:00+00:00,2026-07-10,18.27,1,0,0,0.0,0.0,0.0,0.0,1
2026-07-10T05:50:00+00:00,2026-07-10,19.88,1,0,0,0.0,0.0,0.0,0.0,1
2026-07-10T06:00:00+00:00,2026-07-10,21.49,1,0,0,0.0,0.0,0.0,0.0,1
2026-07-10T06:10:00+00:00,2026-07-10,23.12,1,0,0,0.0,0.0,0.0,0.0,1
2026-07-10T06:20:00+00:00,2026-07-10,24.76,1,0,0,0.0,0.0,0.0,0.0,1
2026-07-10T06:30:00+00:00,2026-07-10,26.4,1,0,0,0.0,0.0,0.0,0.0,1
2026-07-10T06:40:00+00:00,2026-07-10,28.04,1,0,0,0.0,0.0,0.0,0.0,1
2026-07-10T06:50:00+00:00,2026-07-10,29.69,1,0,0,0.0,0.0,0.0,,0
2026-07-10T07:00:00+00:00,2026-07-10,31.34,1,0,0,0.0,0.0,0.0,0.0,1
2026-07-10T07:10:00+00:00,2026-07-10,32.98,1,0,0,0.0,0.0,0.0,0.0,1
2026-07-10T07:20:00+00:00,2026-07-10,34.63,1,0,0,0.0,0.0,0.0,0.0,1
2026-07-10T07:30:00+00:00,2026-07-10,36.27,1,0,0,0.0,0.0,0.0,0.0,1
2026-07-10T07:40:00+00:00,2026-07-10,37.9,1,0,0,0.0,0.0,0.0,0.0,1
2026-07-10T07:50:00+00:00,2026-07-10,39.52,1,0,0,0.0,0.0,0.0,0.0,1
2026-07-10T08:00:00+00:00,2026-07-10,41.13,1,0,0,0.0,0.0,0.0,,0
2026-07-10T08:10:00+00:00,2026-07-10,42.73,1,0,0,0.0,0.0,0.0,0.0,1
2026-07-10T08:20:00+00:00,2026-07-10,44.31,1,0,0,0.0004,0.0,0.0,0.0,1
2026-07-10T08:30:00+00:00,2026-07-10,45.86,1,0,0,0.0015,0.0,0.0,,0
2026-07-10T08:40:00+00:00,2026-07-10,47.4,1,0,0,0.0022,0.0,0.0,0.0,1
2026-07-10T08:50:00+00:00,2026-07-10,48.9,1,0,0,0.0035,0.0,0.0,0.0,1
2026-07-10T09:00:00+00:00,2026-07-10,50.37,1,0,0,0.0057,0.0,0.0,0.0,1
2026-07-10T09:10:00+00:00,2026-07-10,51.8,1,0,0,0.0064,0.0,0.0,0.0,1
2026-07-10T09:20:00+00:00,2026-07-10,53.19,1,0,0,0.0078,0.0,0.0,,0
2026-07-10T09:30:00+00:00,2026-07-10,54.52,1,0,0,0.0089,0.0,0.0,0.0,1
2026-07-10T09:40:00+00:00,2026-07-10,55.8,1,0,0,0.0093,0.0,0.0,0.0,1
2026-07-10T09:50:00+00:00,2026-07-10,57.01,1,0,0,0.0104,1.39,0.0,0.0,1
2026-07-10T10:00:00+00:00,2026-07-10,58.15,1,0,0,0.0127,0.0,0.0,0.0,1
2026-07-10T10:10:00+00:00,2026-07-10,59.21,1,0,0,0.0266,1.39,0.0,0.0,1
2026-07-10T10:20:00+00:00,2026-07-10,60.17,1,0,0,0.0743,0.0,0.0,0.0,1
2026-07-10T10:30:00+00:00,2026-07-10,61.03,1,0,0,0.0772,0.0,0.0,0.0,1
2026-07-10T10:40:00+00:00,2026-07-10,61.78,1,0,0,0.0837,0.0,0.0,0.0,1
2026-07-10T10:50:00+00:00,2026-07-10,62.4,1,0,0,0.0922,0.0,0.0,0.0,1
2026-07-10T11:00:00+00:00,2026-07-10,62.9,1,0,0,0.0987,0.0,0.0,0.0,1
2026-07-10T11:10:00+00:00,2026-07-10,63.25,1,1,0,,0.0,0.0,0.0,0
2026-07-10T11:20:00+00:00,2026-07-10,63.47,1,0,0,0.1827,0.0,0.0,0.0,1
2026-07-10T11:30:00+00:00,2026-07-10,63.53,1,0,0,0.4653,0.0,0.0,0.0,1
2026-07-10T11:40:00+00:00,2026-07-10,63.44,1,0,0,2.5806,0.0,0.0,0.0,1
2026-07-10T11:50:00+00:00,2026-07-10,63.21,1,0,0,2.9039,1.39,0.0,0.0,1
2026-07-10T12:00:00+00:00,2026-07-10,62.83,1,0,1,2.5206,0.0,0.0,0.0,1
2026-07-10T12:10:00+00:00,2026-07-10,62.32,1,0,1,3.1054,0.0,0.0,0.0,1
2026-07-10T12:20:00+00:00,2026-07-10,61.67,1,0,1,3.7785,0.0,0.0,0.0,1
2026-07-10T12:30:00+00:00,2026-07-10,60.91,1,0,1,3.3001,0.0,0.0,0.0,1
2026-07-10T12:40:00+00:00,2026-07-10,60.03,1,0,1,3.7218,0.0,0.0,0.0,1
2026-07-10T12:50:00+00:00,2026-07-10,59.05,1,0,1,3.8429,0.0,0.0,0.0,1
2026-07-10T13:00:00+00:00,2026-07-10,57.98,1,0,1,3.0558,0.0,0.0,0.0,1
2026-07-10T13:10:00+00:00,2026-07-10,56.83,1,0,1,2.8891,0.0,0.0,,0
2026-07-10T13:20:00+00:00,2026-07-10,55.61,1,0,1,2.807,0.0,0.0,0.0,1
2026-07-10T13:30:00+00:00,2026-07-10,54.32,1,0,1,2.4548,1.39,0.0,0.0,1
2026-07-10T13:40:00+00:00,2026-07-10,52.98,1,0,1,2.0534,0.0,0.0,0.0,1
2026-07-10T13:50:00+00:00,2026-07-10,51.58,1,0,1,2.7235,0.0,0.0,0.0,1
2026-07-10T14:00:00+00:00,2026-07-10,50.15,1,0,1,2.6174,0.0,0.0,0.0,1
2026-07-10T14:10:00+00:00,2026-07-10,48.67,1,0,1,2.4607,0.0,0.0,0.0,1
2026-07-10T14:20:00+00:00,2026-07-10,47.16,1,0,1,2.7747,0.0,0.0,14.0,1
2026-07-10T14:30:00+00:00,2026-07-10,45.63,1,0,1,2.6986,0.0,0.0,28.0,1
2026-07-10T14:40:00+00:00,2026-07-10,44.06,1,0,1,3.2044,0.0,0.0,28.0,1
2026-07-10T14:50:00+00:00,2026-07-10,42.48,1,0,1,2.9438,0.0,0.0,41.0,1
2026-07-10T15:00:00+00:00,2026-07-10,40.88,1,0,1,3.1642,0.0,0.0,55.0,1
2026-07-10T15:10:00+00:00,2026-07-10,39.27,1,0,1,3.0853,0.0,0.0,55.0,1
2026-07-10T15:20:00+00:00,2026-07-10,37.64,1,0,1,3.3172,0.0,0.0,41.0,1
2026-07-10T15:30:00+00:00,2026-07-10,36.01,1,0,1,2.7556,0.0,0.0,28.0,1
2026-07-10T15:40:00+00:00,2026-07-10,34.37,1,0,1,3.2424,0.0,0.0,28.0,1
2026-07-10T15:50:00+00:00,2026-07-10,32.72,1,0,1,2.9332,0.0,0.0,,0
2026-07-10T16:00:00+00:00,2026-07-10,31.07,1,0,1,3.056,0.0,0.0,0.0,1
2026-07-10T16:10:00+00:00,2026-07-10,29.43,1,0,1,3.2833,0.0,0.0,0.0,1
2026-07-10T16:20:00+00:00,2026-07-10,27.78,1,0,1,3.6557,0.0,0.0,0.0,1
2026-07-10T16:30:00+00:00,2026-07-10,26.13,1,0,1,3.6022,0.0,0.0,0.0,1
2026-07-10T16:40:00+00:00,2026-07-10,24.49,1,0,1,3.5558,0.0,0.0,0.0,1
2026-07-10T16:50:00+00:00,2026-07-10,22.85,1,0,1,3.6337,0.0,0.0,0.0,1
2026-07-10T17:00:00+00:00,2026-07-10,21.23,1,0,1,3.5707,0.0,0.0,0.0,1
2026-07-10T17:10:00+00:00,2026-07-10,19.61,1,0,1,3.3963,0.0,0.0,0.0,1
2026-07-10T17:20:00+00:00,2026-07-10,18.0,1,0,1,3.3641,0.0,0.0,15.0,1
2026-07-10T17:30:00+00:00,2026-07-10,16.41,1,0,1,2.9567,0.0,0.0,31.0,1
2026-07-10T17:40:00+00:00,2026-07-10,14.82,1,0,1,2.6663,0.0,0.0,31.0,1
2026-07-10T17:50:00+00:00,2026-07-10,13.26,1,0,1,2.9092,0.0,0.0,46.0,1
2026-07-10T18:00:00+00:00,2026-07-10,11.71,1,0,1,2.9806,0.0,0.0,61.0,1
2026-07-10T18:10:00+00:00,2026-07-10,10.18,1,0,1,4.1127,0.0,0.0,61.0,1
2026-07-10T18:20:00+00:00,2026-07-10,8.68,1,0,0,8.1082,1.39,0.0,46.0,1
2026-07-10T18:30:00+00:00,2026-07-10,7.2,1,0,0,18.9491,0.0,0.0,31.0,1
2026-07-10T18:40:00+00:00,2026-07-10,5.75,1,0,0,35.3291,0.0,0.0,31.0,1
2026-07-10T18:50:00+00:00,2026-07-10,4.33,0,0,,,0.0,0.0,15.0,0
2026-07-10T19:00:00+00:00,2026-07-10,2.96,0,0,,,0.0,0.0,0.0,0
2026-07-10T19:10:00+00:00,2026-07-10,1.65,0,0,,,0.0,63.0,0.0,0
2026-07-10T19:20:00+00:00,2026-07-10,0.44,0,0,,,0.0,63.0,0.0,0
2026-07-10T19:30:00+00:00,2026-07-10,-1.39,0,0,,,0.0,63.0,0.0,0
2026-07-10T19:40:00+00:00,2026-07-10,-2.69,0,0,,,0.0,0.0,0.0,0
2026-07-10T19:50:00+00:00,2026-07-10,-3.96,0,0,,,0.0,0.0,0.0,0
2026-07-10T20:00:00+00:00,2026-07-10,-5.2,0,0,,,0.0,0.0,0.0,0
2026-07-10T20:10:00+00:00,2026-07-10,-6.39,0,0,,,0.0,0.0,0.0,0
2026-07-10T20:20:00+00:00,2026-07-10,-7.55,0,0,,,0.0,0.0,0.0,0
2026-07-10T20:30:00+00:00,2026-07-10,-8.66,0,0,,,0.0,0.0,0.0,0
2026-07-10T20:40:00+00:00,2026-07-10,-9.73,0,0,,,0.0,0.0,0.0,0
2026-07-10T20:50:00+00:00,2026-07-10,-10.75,0,0,,,0.0,0.0,0.0,0
2026-07-10T21:00:00+00:00,2026-07-10,-11.73,0,0,,,0.0,0.0,0.0,0
2026-07-10T21:10:00+00:00,2026-07-10,-12.65,0,0,,,0.0,0.0,0.0,0
2026-07-10T21:20:00+00:00,2026-07-10,-13.52,0,0,,,0.0,0.0,0.0,0
2026-07-10T21:30:00+00:00,2026-07-10,-14.33,0,0,,,0.0,0.0,0.0,0
2026-07-10T21:40:00+00:00,2026-07-10,-15.09,0,0,,,0.0,0.0,0.0,0
2026-07-10T21:50:00+00:00,2026-07-10,-15.79,0,0,,,0.0,0.0,0.0,0
2026-07-10T22:00:00+00:00,2026-07-10,-16.43,0,0,,,0.0,0.0,0.0,0
2026-07-10T22:10:00+00:00,2026-07-10,-17.0,0,0,,,0.0,0.0,0.0,0
2026-07-10T22:20:00+00:00,2026-07-10,-17.51,0,0,,,0.0,0.0,0.0,0
2026-07-10T22:30:00+00:00,2026-07-10,-17.96,0,0,,,0.0,0.0,,0
2026-07-10T22:40:00+00:00,2026-07-10,-18.34,0,0,,,0.0,0.0,0.0,0
2026-07-10T22:50:00+00:00,2026-07-10,-18.65,0,0,,,0.0,0.0,0.0,0
2026-07-10T23:00:00+00:00,2026-07-10,-18.89,0,0,,,0.0,0.0,0.0,0
2026-07-10T23:10:00+00:00,2026-07-10,-19.06,0,0,,,0.0,0.0,0.0,0
2026-07-10T23:20:00+00:00,2026-07-10,-19.17,0,0,,,0.0,0.0,0.0,0
2026-07-10T23:30:00+00:00,2026-07-10,-19.2,0,0,,,0.0,0.0,0.0,0
2026-07-10T23:40:00+00:00,2026-07-10,-19.16,0,0,,,0.0,0.0,0.0,0
2026-07-10T23:50:00+00:00,2026-07-10,-19.05,0,0,,,0.0,0.0,0.0,0
2026-07-11T00:00:00+00:00,2026-07-11,-18.87,0,0,,,0.0,0.0,0.0,0
2026-07-11T00:10:00+00:00,2026-07-11,-18.62,0,0,,,0.0,0.0,0.0,0
2026-07-11T00:20:00+00:00,2026-07-11,-18.3,0,0,,,0.0,0.0,0.0,0
2026-07-11T00:30:00+00:00,2026-07-11,-17.92,0,0,,,0.0,0.0,0.0,0
2026-07-11T00:40:00+00:00,2026-07-11,-17.47,0,0,,,0.0,0.0,0.0,0
2026-07-11T00:50:00+00:00,2026-07-11,-16.95,0,0,,,0.0,0.0,0.0,0
2026-07-11T01:00:00+00:00,2026-07-11,-16.37,0,0,,,0.0,0.0,0.0,0
2026-07-11T01:10:00+00:00,2026-07-11,-15.72,0,0,,,0.0,0.0,0.0,0
2026-07-11T01:20:00+00:00,2026-07-11,-15.02,0,0,,,0.0,0.0,0.0,0
2026-07-11T01:30:00+00:00,2026-07-11,-14.26,0,0,,,0.0,0.0,0.0,0
2026-07-11T01:40:00+00:00,2026-07-11,-13.44,0,0,,,0.0,0.0,0.0,0
2026-07-11T01:50:00+00:00,2026-07-11,-12.56,0,0,,,0.0,0.0,0.0,0
2026-07-11T02:00:00+00:00,2026-07-11,-11.63,0,0,,,0.0,0.0,0.0,0
2026-07-11T02:10:00+00:00,2026-07-11,-10.66,0,0,,,,0.0,0.0,0
2026-07-11T02:20:00+00:00,2026-07-11,-9.63,0,0,,,0.0,0.0,0.0,0
2026-07-11T02:30:00+00:00,2026-07-11,-8.56,0,0,,,0.0,0.0,0.0,0
2026-07-11T02:40:00+00:00,2026-07-11,-7.44,0,0,,,0.0,0.0,0.0,0
2026-07-11T02:50:00+00:00,2026-07-11,-6.28,0,0,,,,0.0,0.0,0
2026-07-11T03:00:00+00:00,2026-07-11,-5.08,0,0,,,0.0,0.0,0.0,0
2026-07-11T03:10:00+00:00,2026-07-11,-3.84,0,0,,,0.0,0.0,0.0,0
2026-07-11T03:20:00+00:00,2026-07-11,-2.57,0,0,,,0.0,0.0,0.0,0
2026-07-11T03:30:00+00:00,2026-07-11,-1.26,0,0,,,0.0,0.0,0.0,0
2026-07-11T03:40:00+00:00,2026-07-11,0.55,0,0,,,0.0,0.0,0.0,0
2026-07-11T03:50:00+00:00,2026-07-11,1.78,0,0,,,0.0,0.0,0.0,0
2026-07-11T04:00:00+00:00,2026-07-11,3.09,0,0,,,0.0,0.0,0.0,0
2026-07-11T04:10:00+00:00,2026-07-11,4.47,0,0,,,0.0,0.0,0.0,0
2026-07-11T04:20:00+00:00,2026-07-11,5.89,1,0,0,0.0012,0.0,0.0,0.0,1
2026-07-11T04:30:00+00:00,2026-07-11,7.34,1,0,0,0.002,0.0,0.0,0.0,1
2026-07-11T04:40:00+00:00,2026-07-11,8.82,1,0,0,0.0,0.0,0.0,0.0,1
2026-07-11T04:50:00+00:00,2026-07-11,10.33,1,0,0,0.0,0.0,0.0,0.0,1
2026-07-11T05:00:00+00:00,2026-07-11,11.86,1,0,0,0.0,0.0,0.0,0.0,1
2026-07-11T05:10:00+00:00,2026-07-11,13.41,1,0,0,0.0,0.0,0.0,0.0,1
2026-07-11T05:20:00+00:00,2026-07-11,14.97,1,0,0,0.0,0.0,0.0,0.0,1
2026-07-11T05:30:00+00:00,2026-07-11,16.56,1,0,0,0.0,0.0,0.0,0.0,1
2026-07-11T05:40:00+00:00,2026-07-11,18.15,1,0,0,0.0,0.0,0.0,0.0,1
2026-07-11T05:50:00+00:00,2026-07-11,19.76,1,0,0,0.0,0.0,0.0,0.0,1
2026-07-11T06:00:00+00:00,2026-07-11,21.38,1,0,0,0.0,0.0,0.0,0.0,1
2026-07-11T06:10:00+00:00,2026-07-11,23.01,1,0,0,0.0,0.0,0.0,0.0,1
2026-07-11T06:20:00+00:00,2026-07-11,24.64,1,0,0,0.0,0.0,0.0,0.0,1
2026-07-11T06:30:00+00:00,2026-07-11,26.28,1,0,0,0.0,0.0,0.0,0.0,1
2026-07-11T06:40:00+00:00,2026-07-11,27.93,1,0,0,0.0,0.0,0.0,0.0,1
2026-07-11T06:50:00+00:00,2026-07-11,29.57,1,0,0,0.0,0.0,0.0,0.0,1
2026-07-11T07:00:00+00:00,2026-07-11,31.22,1,0,0,0.0,0.0,0.0,0.0,1
2026-07-11T07:10:00+00:00,2026-07-11,32.87,1,0,0,0.0,0.0,0.0,0.0,1
2026-07-11T07:20:00+00:00,2026-07-11,34.51,1,0,0,0.0,0.0,0.0,0.0,1
2026-07-11T07:30:00+00:00,2026-07-11,36.15,1,0,0,0.0,0.0,0.0,0.0,1
2026-07-11T07:40:00+00:00,2026-07-11,37.78,1,0,0,0.0,0.0,0.0,0.0,1
2026-07-11T07:50:00+00:00,2026-07-11,39.41,1,0,0,0.0,0.0,0.0,0.0,1
2026-07-11T08:00:00+00:00,2026-07-11,41.02,1,0,0,0.0,0.0,0.0,0.0,1
2026-07-11T08:10:00+00:00,2026-07-11,42.61,1,0,0,0.0,0.0,0.0,0.0,1
2026-07-11T08:20:00+00:00,2026-07-11,44.19,1,0,0,0.0009,0.0,0.0,0.0,1
2026-07-11T08:30:00+00:00,2026-07-11,45.75,1,0,0,0.0024,0.0,0.0,0.0,1
2026-07-11T08:40:00+00:00,2026-07-11,47.28,1,0,0,0.0113,0.0,0.0,0.0,1
2026-07-11T08:50:00+00:00,2026-07-11,48.78,1,0,0,0.0038,0.0,0.0,0.0,1
2026-07-11T09:00:00+00:00,2026-07-11,50.25,1,0,0,0.0058,0.0,0.0,0.0,1
2026-07-11T09:10:00+00:00,2026-07-11,51.68,1,0,0,0.0077,0.0,0.0,0.0,1
2026-07-11T09:20:00+00:00,2026-07-11,53.06,1,0,0,0.0093,0.0,0.0,0.0,1
2026-07-11T09:30:00+00:00,2026-07-11,54.39,1,0,0,0.0088,0.0,0.0,0.0,1
2026-07-11T09:40:00+00:00,2026-07-11,55.67,1,0,0,0.0101,0.0,0.0,0.0,1
2026-07-11T09:50:00+00:00,2026-07-11,56.88,1,0,0,0.0113,0.0,0.0,0.0,1
2026-07-11T10:00:00+00:00,2026-07-11,58.02,1,0,0,0.0131,0.0,0.0,0.0,1
2026-07-11T10:10:00+00:00,2026-07-11,59.07,1,0,0,0.1356,0.0,0.0,0.0,1
2026-07-11T10:20:00+00:00,2026-07-11,60.04,1,0,0,0.1914,,0.0,0.0,0
2026-07-11T10:30:00+00:00,2026-07-11,60.9,1,0,0,0.204,0.0,0.0,0.0,1
2026-07-11T10:40:00+00:00,2026-07-11,61.64,1,0,0,0.2041,0.0,0.0,0.0,1
2026-07-11T10:50:00+00:00,2026-07-11,62.27,1,0,0,0.2116,0.0,0.0,0.0,1
2026-07-11T11:00:00+00:00,2026-07-11,62.76,1,0,0,0.2276,0.0,0.0,0.0,1
2026-07-11T11:10:00+00:00,2026-07-11,63.12,1,0,0,0.2984,0.0,0.0,0.0,1
2026-07-11T11:20:00+00:00,2026-07-11,63.33,1,0,0,0.3386,0.0,0.0,0.0,1
2026-07-11T11:30:00+00:00,2026-07-11,63.4,1,0,0,0.3895,0.0,0.0,0.0,1
2026-07-11T11:40:00+00:00,2026-07-11,63.31,1,0,0,0.6144,0.0,0.0,0.0,1
2026-07-11T11:50:00+00:00,2026-07-11,63.08,1,0,0,2.1475,0.0,0.0,0.0,1
2026-07-11T12:00:00+00:00,2026-07-11,62.71,1,0,1,1.6898,0.0,0.0,0.0,1
2026-07-11T12:10:00+00:00,2026-07-11,62.2,1,0,1,1.9078,0.0,0.0,0.0,1
2026-07-11T12:20:00+00:00,2026-07-11,61.56,1,0,1,3.1879,0.0,0.0,0.0,1
2026-07-11T12:30:00+00:00,2026-07-11,60.79,1,0,1,2.8714,0.0,0.0,0.0,1
2026-07-11T12:40:00+00:00,2026-07-11,59.92,1,0,1,3.2173,0.0,0.0,0.0,1
2026-07-11T12:50:00+00:00,2026-07-11,58.95,1,0,1,2.8842,0.0,0.0,0.0,1
2026-07-11T13:00:00+00:00,2026-07-11,57.88,1,0,1,2.4873,0.0,0.0,0.0,1
2026-07-11T13:10:00+00:00,2026-07-11,56.74,1,0,1,2.3665,0.0,0.0,0.0,1
2026-07-11T13:20:00+00:00,2026-07-11,55.52,1,0,1,1.9157,0.0,0.0,0.0,1
2026-07-11T13:30:00+00:00,2026-07-11,54.23,1,0,1,1.7474,0.0,0.0,0.0,1
2026-07-11T13:40:00+00:00,2026-07-11,52.89,1,0,1,1.4109,0.0,0.0,0.0,1
2026-07-11T13:50:00+00:00,2026-07-11,51.5,1,1,1,,0.0,0.0,0.0,0
2026-07-11T14:00:00+00:00,2026-07-11,50.06,1,0,1,1.5712,0.0,0.0,0.0,1
2026-07-11T14:10:00+00:00,2026-07-11,48.59,1,0,1,1.7858,0.0,0.0,0.0,1
2026-07-11T14:20:00+00:00,2026-07-11,47.08,1,0,1,1.5553,0.0,0.0,0.0,1
2026-07-11T14:30:00+00:00,2026-07-11,45.55,1,0,1,1.6173,0.0,0.0,0.0,1
2026-07-11T14:40:00+00:00,2026-07-11,43.99,1,0,1,2.047,0.0,0.0,0.0,1
2026-07-11T14:50:00+00:00,2026-07-11,42.41,1,0,1,2.2684,0.0,0.0,0.0,1
2026-07-11T15:00:00+00:00,2026-07-11,40.81,1,0,1,3.0634,0.0,0.0,0.0,1
2026-07-11T15:10:00+00:00,2026-07-11,39.2,1,0,1,3.3977,0.0,0.0,0.0,1
2026-07-11T15:20:00+00:00,2026-07-11,37.57,1,0,1,3.2145,0.0,0.0,0.0,1
2026-07-11T15:30:00+00:00,2026-07-11,35.94,1,0,1,2.824,0.0,0.0,0.0,1
2026-07-11T15:40:00+00:00,2026-07-11,34.3,1,0,1,3.1832,0.0,0.0,0.0,1
2026-07-11T15:50:00+00:00,2026-07-11,32.65,1,0,1,2.6855,0.0,0.0,0.0,1
2026-07-11T16:00:00+00:00,2026-07-11,31.0,1,0,1,3.6469,0.0,0.0,0.0,1
2026-07-11T16:10:00+00:00,2026-07-11,29.35,1,0,1,3.4455,0.0,0.0,,0
2026-07-11T16:20:00+00:00,2026-07-11,27.71,1,0,1,3.9384,0.0,0.0,0.0,1
2026-07-11T16:30:00+00:00,2026-07-11,26.06,1,0,1,3.248,0.0,0.0,0.0,1
2026-07-11T16:40:00+00:00,2026-07-11,24.42,1,0,1,3.4692,0.0,0.0,0.0,1
2026-07-11T16:50:00+00:00,2026-07-11,22.78,1,0,1,3.3423,0.0,0.0,0.0,1
2026-07-11T17:00:00+00:00,2026-07-11,21.15,1,0,1,3.8505,0.0,0.0,0.0,1
2026-07-11T17:10:00+00:00,2026-07-11,19.54,1,0,1,3.8163,0.0,0.0,0.0,1
2026-07-11T17:20:00+00:00,2026-07-11,17.93,1,0,1,3.738,0.0,0.0,0.0,1
2026-07-11T17:30:00+00:00,2026-07-11,16.33,1,0,1,3.7756,0.0,0.0,0.0,1
2026-07-11T17:40:00+00:00,2026-07-11,14.75,1,0,1,3.1767,0.0,0.0,0.0,1
2026-07-11T17:50:00+00:00,2026-07-11,13.18,1,0,1,5.0486,0.0,0.0,0.0,1
2026-07-11T18:00:00+00:00,2026-07-11,11.63,1,0,1,6.4017,0.0,0.0,0.0,1
2026-07-11T18:10:00+00:00,2026-07-11,10.11,1,0,1,10.8977,0.0,0.0,0.0,1
2026-07-11T18:20:00+00:00,2026-07-11,8.6,1,0,0,18.9976,0.0,0.0,0.0,1
2026-07-11T18:30:00+00:00,2026-07-11,7.12,1,0,0,30.6628,0.0,0.0,0.0,1
2026-07-11T18:40:00+00:00,2026-07-11,5.67,1,0,0,46.8839,0.0,0.0,0.0,1
2026-07-11T18:50:00+00:00,2026-07-11,4.25,0,0,,,0.0,0.0,0.0,0
2026-07-11T19:00:00+00:00,2026-07-11,2.88,0,0,,,,0.0,0.0,0
2026-07-11T19:10:00+00:00,2026-07-11,1.57,0,0,,,0.0,0.0,0.0,0
2026-07-11T19:20:00+00:00,2026-07-11,0.36,0,0,,,0.0,0.0,0.0,0
2026-07-11T19:30:00+00:00,2026-07-11,-1.48,0,0,,,0.0,0.0,0.0,0
2026-07-11T19:40:00+00:00,2026-07-11,-2.79,0,0,,,0.0,0.0,0.0,0
2026-07-11T19:50:00+00:00,2026-07-11,-4.06,0,0,,,0.0,0.0,0.0,0
2026-07-11T20:00:00+00:00,2026-07-11,-5.3,0,0,,,0.0,0.0,0.0,0
2026-07-11T20:10:00+00:00,2026-07-11,-6.49,0,0,,,0.0,0.0,0.0,0
2026-07-11T20:20:00+00:00,2026-07-11,-7.65,0,0,,,0.0,0.0,0.0,0
2026-07-11T20:30:00+00:00,2026-07-11,-8.77,0,0,,,0.0,0.0,0.0,0
2026-07-11T20:40:00+00:00,2026-07-11,-9.84,0,0,,,0.0,0.0,0.0,0
2026-07-11T20:50:00+00:00,2026-07-11,-10.86,0,0,,,0.0,0.0,0.0,0
2026-07-11T21:00:00+00:00,2026-07-11,-11.84,0,0,,,0.0,0.0,0.0,0
2026-07-11T21:10:00+00:00,2026-07-11,-12.76,0,0,,,0.0,0.0,0.0,0
2026-07-11T21:20:00+00:00,2026-07-11,-13.63,0,0,,,0.0,0.0,0.0,0
2026-07-11T21:30:00+00:00,2026-07-11,-14.45,0,0,,,0.0,0.0,0.0,0
2026-07-11T21:40:00+00:00,2026-07-11,-15.21,0,0,,,0.0,0.0,0.0,0
2026-07-11T21:50:00+00:00,2026-07-11,-15.91,0,0,,,0.0,0.0,0.0,0
2026-07-11T22:00:00+00:00,2026-07-11,-16.55,0,0,,,0.0,0.0,0.0,0
2026-07-11T22:10:00+00:00,2026-07-11,-17.13,0,0,,,0.0,0.0,0.0,0
2026-07-11T22:20:00+00:00,2026-07-11,-17.64,0,0,,,0.0,0.0,0.0,0
2026-07-11T22:30:00+00:00,2026-07-11,-18.09,0,0,,,0.0,0.0,0.0,0
2026-07-11T22:40:00+00:00,2026-07-11,-18.47,0,0,,,0.0,0.0,0.0,0
2026-07-11T22:50:00+00:00,2026-07-11,-18.78,0,0,,,0.0,0.0,0.0,0
2026-07-11T23:00:00+00:00,2026-07-11,-19.02,0,0,,,0.0,0.0,0.0,0
2026-07-11T23:10:00+00:00,2026-07-11,-19.2,0,0,,,0.0,0.0,0.0,0
2026-07-11T23:20:00+00:00,2026-07-11,-19.3,0,0,,,0.0,0.0,0.0,0
2026-07-11T23:30:00+00:00,2026-07-11,-19.33,0,0,,,0.0,0.0,0.0,0
2026-07-11T23:40:00+00:00,2026-07-11,-19.3,0,0,,,0.0,0.0,0.0,0
2026-07-11T23:50:00+00:00,2026-07-11,-19.19,0,0,,,0.0,0.0,0.0,0
2026-07-12T00:00:00+00:00,2026-07-12,-19.01,0,0,,,0.0,0.0,0.0,0
2026-07-12T00:10:00+00:00,2026-07-12,-18.76,0,0,,,0.0,0.0,0.0,0
2026-07-12T00:20:00+00:00,2026-07-12,-18.44,0,0,,,0.0,0.0,0.0,0
2026-07-12T00:30:00+00:00,2026-07-12,-18.06,0,0,,,0.0,0.0,0.0,0
2026-07-12T00:40:00+00:00,2026-07-12,-17.6,0,0,,,0.0,0.0,0.0,0
2026-07-12T00:50:00+00:00,2026-07-12,-17.09,0,0,,,0.0,0.0,0.0,0
2026-07-12T01:00:00+00:00,2026-07-12,-16.51,0,0,,,0.0,0.0,0.0,0
2026-07-12T01:10:00+00:00,2026-07-12,-15.86,0,0,,,0.0,0.0,0.0,0
2026-07-12T01:20:00+00:00,2026-07-12,-15.16,0,0,,,0.0,0.0,0.0,0
2026-07-12T01:30:00+00:00,2026-07-12,-14.39,0,0,,,0.0,0.0,0.0,0
2026-07-12T01:40:00+00:00,2026-07-12,-13.57,0,0,,,0.0,0.0,0.0,0
2026-07-12T01:50:00+00:00,2026-07-12,-12.7,0,0,,,0.0,0.0,0.0,0
2026-07-12T02:00:00+00:00,2026-07-12,-11.77,0,0,,,0.0,0.0,0.0,0
2026-07-12T02:10:00+00:00,2026-07-12,-10.79,0,0,,,0.0,0.0,0.0,0
2026-07-12T02:20:00+00:00,2026-07-12,-9.76,0,0,,,0.0,0.0,0.0,0
2026-07-12T02:30:00+00:00,2026-07-12,-8.69,0,0,,,0.0,0.0,0.0,0
2026-07-12T02:40:00+00:00,2026-07-12,-7.57,0,0,,,,0.0,0.0,0
2026-07-12T02:50:00+00:00,2026-07-12,-6.41,0,0,,,0.0,0.0,0.0,0
2026-07-12T03:00:00+00:00,2026-07-12,-5.21,0,0,,,0.0,0.0,0.0,0
2026-07-12T03:10:00+00:00,2026-07-12,-3.97,0,0,,,0.0,0.0,0.0,0
2026-07-12T03:20:00+00:00,2026-07-12,-2.7,0,0,,,0.0,0.0,0.0,0
2026-07-12T03:30:00+00:00,2026-07-12,-1.38,0,0,,,0.0,0.0,0.0,0
2026-07-12T03:40:00+00:00,2026-07-12,0.44,0,0,,,0.0,0.0,0.0,0
2026-07-12T03:50:00+00:00,2026-07-12,1.66,0,0,,,0.0,0.0,0.0,0
2026-07-12T04:00:00+00:00,2026-07-12,2.97,0,0,,,0.0,0.0,0.0,0
2026-07-12T04:10:00+00:00,2026-07-12,4.35,0,0,,,0.0,0.0,0.0,0
2026-07-12T04:20:00+00:00,2026-07-12,5.76,1,0,0,0.0005,0.0,0.0,0.0,1
2026-07-12T04:30:00+00:00,2026-07-12,7.22,1,0,0,0.0,0.0,0.0,0.0,1
2026-07-12T04:40:00+00:00,2026-07-12,8.7,1,0,0,0.0,0.0,0.0,0.0,1
2026-07-12T04:50:00+00:00,2026-07-12,10.21,1,0,0,0.0,0.0,0.0,0.0,1
2026-07-12T05:00:00+00:00,2026-07-12,11.74,1,0,0,0.0,0.0,0.0,0.0,1
2026-07-12T05:10:00+00:00,2026-07-12,13.29,1,0,0,0.0,0.0,0.0,0.0,1
2026-07-12T05:20:00+00:00,2026-07-12,14.85,1,0,0,0.0,0.0,0.0,0.0,1
2026-07-12T05:30:00+00:00,2026-07-12,16.44,1,0,0,0.0,0.0,0.0,0.0,1
2026-07-12T05:40:00+00:00,2026-07-12,18.03,1,0,0,0.0,0.0,0.0,0.0,1
2026-07-12T05:50:00+00:00,2026-07-12,19.64,1,1,0,,0.0,0.0,0.0,0
2026-07-12T06:00:00+00:00,2026-07-12,21.26,1,0,0,0.0,0.0,0.0,0.0,1
2026-07-12T06:10:00+00:00,2026-07-12,22.89,1,0,0,0.0,0.0,0.0,0.0,1
2026-07-12T06:20:00+00:00,2026-07-12,24.52,1,0,0,0.0,0.0,0.0,0.0,1
2026-07-12T06:30:00+00:00,2026-07-12,26.16,1,0,0,0.0,0.0,0.0,0.0,1
2026-07-12T06:40:00+00:00,2026-07-12,27.81,1,0,0,0.0,,0.0,0.0,0
2026-07-12T06:50:00+00:00,2026-07-12,29.46,1,0,0,0.0,0.0,0.0,0.0,1
2026-07-12T07:00:00+00:00,2026-07-12,31.11,1,0,0,0.0,0.0,0.0,0.0,1
2026-07-12T07:10:00+00:00,2026-07-12,32.75,1,0,0,0.0,0.0,0.0,0.0,1
2026-07-12T07:20:00+00:00,2026-07-12,34.4,1,0,0,0.0,0.0,0.0,0.0,1
2026-07-12T07:30:00+00:00,2026-07-12,36.03,1,0,0,0.0,0.0,0.0,0.0,1
2026-07-12T07:40:00+00:00,2026-07-12,37.67,1,0,0,0.0,0.0,0.0,0.0,1
2026-07-12T07:50:00+00:00,2026-07-12,39.29,1,0,0,0.0,0.0,0.0,0.0,1
2026-07-12T08:00:00+00:00,2026-07-12,40.9,1,0,0,0.0,0.0,0.0,0.0,1
2026-07-12T08:10:00+00:00,2026-07-12,42.49,1,0,0,0.0,0.0,0.0,0.0,1
2026-07-12T08:20:00+00:00,2026-07-12,44.07,1,0,0,0.0011,0.0,0.0,0.0,1
2026-07-12T08:30:00+00:00,2026-07-12,45.62,1,0,0,0.002,0.0,0.0,0.0,1
2026-07-12T08:40:00+00:00,2026-07-12,47.15,1,0,0,0.0022,0.0,0.0,0.0,1
2026-07-12T08:50:00+00:00,2026-07-12,48.65,1,0,0,0.0024,0.0,0.0,0.0,1
2026-07-12T09:00:00+00:00,2026-07-12,50.12,1,0,0,0.0029,0.0,0.0,0.0,1
2026-07-12T09:10:00+00:00,2026-07-12,51.55,1,0,0,0.003,0.0,0.0,0.0,1
2026-07-12T09:20:00+00:00,2026-07-12,52.93,1,0,0,0.0036,0.0,0.0,0.0,1
2026-07-12T09:30:00+00:00,2026-07-12,54.26,1,0,0,0.0044,0.0,0.0,0.0,1
2026-07-12T09:40:00+00:00,2026-07-12,55.54,1,0,0,0.0045,1.39,0.0,0.0,1
2026-07-12T09:50:00+00:00,2026-07-12,56.75,1,0,0,0.006,0.0,0.0,0.0,1
2026-07-12T10:00:00+00:00,2026-07-12,57.88,1,0,0,0.0064,0.0,0.0,0.0,1
2026-07-12T10:10:00+00:00,2026-07-12,58.94,1,0,0,0.0064,0.0,0.0,0.0,1
2026-07-12T10:20:00+00:00,2026-07-12,59.9,1,0,0,0.037,1.39,0.0,0.0,1
2026-07-12T10:30:00+00:00,2026-07-12,60.76,1,0,0,0.0437,0.0,0.0,0.0,1
2026-07-12T10:40:00+00:00,2026-07-12,61.5,1,0,0,0.0446,0.0,0.0,0.0,1
2026-07-12T10:50:00+00:00,2026-07-12,62.13,1,0,0,0.0515,0.0,0.0,0.0,1
2026-07-12T11:00:00+00:00,2026-07-12,62.62,1,0,0,0.0614,0.0,0.0,0.0,1
2026-07-12T11:10:00+00:00,2026-07-12,62.98,1,0,0,0.0973,0.0,0.0,0.0,1
2026-07-12T11:20:00+00:00,2026-07-12,63.19,1,0,0,0.1262,0.0,0.0,20.0,1
2026-07-12T11:30:00+00:00,2026-07-12,63.26,1,0,0,0.3019,0.0,0.0,39.0,1
2026-07-12T11:40:00+00:00,2026-07-12,63.18,1,0,0,1.0055,1.39,0.0,39.0,1
2026-07-12T11:50:00+00:00,2026-07-12,62.95,1,0,0,3.0332,4.17,0.0,59.0,1
2026-07-12T12:00:00+00:00,2026-07-12,62.58,1,0,1,4.3581,2.78,0.0,78.0,1
2026-07-12T12:10:00+00:00,2026-07-12,62.07,1,0,1,2.9261,5.56,0.0,78.0,1
2026-07-12T12:20:00+00:00,2026-07-12,61.43,1,0,1,2.9863,1.39,0.0,59.0,1
2026-07-12T12:30:00+00:00,2026-07-12,60.68,1,0,1,2.0401,0.0,0.0,39.0,1
2026-07-12T12:40:00+00:00,2026-07-12,59.81,1,0,1,2.2849,0.0,0.0,39.0,1
2026-07-12T12:50:00+00:00,2026-07-12,58.84,1,0,1,2.7055,1.39,0.0,20.0,1
2026-07-12T13:00:00+00:00,2026-07-12,57.78,1,0,1,4.4558,8.33,0.0,0.0,1
2026-07-12T13:10:00+00:00,2026-07-12,56.63,1,0,1,1.8369,1.39,0.0,0.0,1
2026-07-12T13:20:00+00:00,2026-07-12,55.42,1,0,1,2.4934,1.39,0.0,25.0,1
2026-07-12T13:30:00+00:00,2026-07-12,54.13,1,1,1,,0.0,0.0,60.0,0
2026-07-12T13:40:00+00:00,2026-07-12,52.8,1,0,1,0.9229,0.0,0.0,60.0,1
2026-07-12T13:50:00+00:00,2026-07-12,51.41,1,0,1,1.1183,0.0,0.0,80.0,1
2026-07-12T14:00:00+00:00,2026-07-12,49.97,1,0,1,0.8195,1.39,0.0,100.0,1
2026-07-12T14:10:00+00:00,2026-07-12,48.5,1,0,1,1.0643,4.17,0.0,100.0,1
2026-07-12T14:20:00+00:00,2026-07-12,47.0,1,0,1,1.5601,8.33,0.0,75.0,1
2026-07-12T14:30:00+00:00,2026-07-12,45.47,1,0,1,1.3594,2.78,0.0,50.0,1
2026-07-12T14:40:00+00:00,2026-07-12,43.91,1,0,1,1.0722,2.78,0.0,50.0,1
2026-07-12T14:50:00+00:00,2026-07-12,42.33,1,0,1,1.165,0.0,0.0,25.0,1
2026-07-12T15:00:00+00:00,2026-07-12,40.73,1,0,1,1.2721,0.0,0.0,0.0,1
2026-07-12T15:10:00+00:00,2026-07-12,39.12,1,0,1,1.4308,8.33,0.0,0.0,1
2026-07-12T15:20:00+00:00,2026-07-12,37.5,1,0,1,1.0359,0.0,0.0,0.0,1
2026-07-12T15:30:00+00:00,2026-07-12,35.86,1,0,1,1.4182,0.0,0.0,0.0,1
2026-07-12T15:40:00+00:00,2026-07-12,34.22,1,0,1,1.6942,0.0,0.0,0.0,1
2026-07-12T15:50:00+00:00,2026-07-12,32.58,1,0,1,1.5473,0.0,0.0,0.0,1
2026-07-12T16:00:00+00:00,2026-07-12,30.93,1,0,1,1.6666,0.0,0.0,0.0,1
2026-07-12T16:10:00+00:00,2026-07-12,29.28,1,0,1,1.9133,0.0,0.0,0.0,1
2026-07-12T16:20:00+00:00,2026-07-12,27.63,1,0,1,2.3783,0.0,0.0,0.0,1
2026-07-12T16:30:00+00:00,2026-07-12,25.98,1,0,1,2.2018,0.0,0.0,0.0,1
2026-07-12T16:40:00+00:00,2026-07-12,24.34,1,0,1,2.3561,0.0,0.0,0.0,1
2026-07-12T16:50:00+00:00,2026-07-12,22.7,1,0,1,2.6171,0.0,0.0,0.0,1
2026-07-12T17:00:00+00:00,2026-07-12,21.08,1,0,1,2.561,0.0,0.0,0.0,1
2026-07-12T17:10:00+00:00,2026-07-12,19.46,1,0,1,2.4752,0.0,0.0,0.0,1
2026-07-12T17:20:00+00:00,2026-07-12,17.85,1,0,1,2.1432,0.0,0.0,0.0,1
2026-07-12T17:30:00+00:00,2026-07-12,16.25,1,0,1,1.8362,0.0,0.0,0.0,1
2026-07-12T17:40:00+00:00,2026-07-12,14.67,1,0,1,1.8519,0.0,0.0,0.0,1
2026-07-12T17:50:00+00:00,2026-07-12,13.1,1,0,1,2.2067,0.0,0.0,0.0,1
2026-07-12T18:00:00+00:00,2026-07-12,11.55,1,0,1,2.55,0.0,0.0,0.0,1
2026-07-12T18:10:00+00:00,2026-07-12,10.02,1,0,1,4.2492,0.0,0.0,0.0,1
2026-07-12T18:20:00+00:00,2026-07-12,8.51,1,0,0,10.1213,0.0,0.0,0.0,1
2026-07-12T18:30:00+00:00,2026-07-12,7.03,1,0,0,24.7564,0.0,0.0,0.0,1
2026-07-12T18:40:00+00:00,2026-07-12,5.58,1,0,0,43.8645,0.0,0.0,0.0,1
2026-07-12T18:50:00+00:00,2026-07-12,4.16,0,0,,,0.0,0.0,0.0,0
2026-07-12T19:00:00+00:00,2026-07-12,2.79,0,0,,,,0.0,0.0,0
2026-07-12T19:10:00+00:00,2026-07-12,1.49,0,0,,,0.0,0.0,0.0,0
2026-07-12T19:20:00+00:00,2026-07-12,0.28,0,0,,,0.0,0.0,0.0,0
2026-07-12T19:30:00+00:00,2026-07-12,-1.57,0,0,,,0.0,0.0,0.0,0
2026-07-12T19:40:00+00:00,2026-07-12,-2.88,0,0,,,0.0,0.0,0.0,0
2026-07-12T19:50:00+00:00,2026-07-12,-4.16,0,0,,,0.0,0.0,0.0,0
2026-07-12T20:00:00+00:00,2026-07-12,-5.4,0,0,,,0.0,0.0,0.0,0
2026-07-12T20:10:00+00:00,2026-07-12,-6.6,0,0,,,0.0,0.0,0.0,0
2026-07-12T20:20:00+00:00,2026-07-12,-7.76,0,0,,,,0.0,0.0,0
2026-07-12T20:30:00+00:00,2026-07-12,-8.88,0,0,,,0.0,0.0,0.0,0
2026-07-12T20:40:00+00:00,2026-07-12,-9.95,0,0,,,0.0,0.0,0.0,0
2026-07-12T20:50:00+00:00,2026-07-12,-10.98,0,0,,,0.0,0.0,0.0,0
2026-07-12T21:00:00+00:00,2026-07-12,-11.95,0,0,,,0.0,0.0,0.0,0
2026-07-12T21:10:00+00:00,2026-07-12,-12.88,0,0,,,0.0,0.0,0.0,0
2026-07-12T21:20:00+00:00,2026-07-12,-13.75,0,0,,,0.0,0.0,0.0,0
2026-07-12T21:30:00+00:00,2026-07-12,-14.57,0,0,,,0.0,0.0,0.0,0
2026-07-12T21:40:00+00:00,2026-07-12,-15.33,0,0,,,0.0,0.0,0.0,0
2026-07-12T21:50:00+00:00,2026-07-12,-16.03,0,0,,,0.0,0.0,0.0,0
2026-07-12T22:00:00+00:00,2026-07-12,-16.68,0,0,,,0.0,0.0,0.0,0
2026-07-12T22:10:00+00:00,2026-07-12,-17.26,0,0,,,0.0,0.0,0.0,0
2026-07-12T22:20:00+00:00,2026-07-12,-17.77,0,0,,,0.0,0.0,0.0,0
2026-07-12T22:30:00+00:00,2026-07-12,-18.22,0,0,,,0.0,0.0,0.0,0
2026-07-12T22:40:00+00:00,2026-07-12,-18.6,0,0,,,0.0,0.0,0.0,0
2026-07-12T22:50:00+00:00,2026-07-12,-18.92,0,0,,,0.0,0.0,0.0,0
2026-07-12T23:00:00+00:00,2026-07-12,-19.16,0,0,,,0.0,0.0,0.0,0
2026-07-12T23:10:00+00:00,2026-07-12,-19.34,0,0,,,0.0,0.0,0.0,0
2026-07-12T23:20:00+00:00,2026-07-12,-19.44,0,0,,,0.0,0.0,0.0,0
2026-07-12T23:30:00+00:00,2026-07-12,-19.47,0,0,,,0.0,0.0,0.0,0
2026-07-12T23:40:00+00:00,2026-07-12,-19.44,0,0,,,18.06,0.0,0.0,0
2026-07-12T23:50:00+00:00,2026-07-12,-19.33,0,0,,,26.39,0.0,0.0,0
2026-07-13T00:00:00+00:00,2026-07-13,-19.15,0,0,,,25.0,0.0,0.0,0
2026-07-13T00:10:00+00:00,2026-07-13,-18.9,0,0,,,30.56,0.0,0.0,0
2026-07-13T00:20:00+00:00,2026-07-13,-18.59,0,0,,,36.11,0.0,0.0,0
2026-07-13T00:30:00+00:00,2026-07-13,-18.2,0,0,,,51.39,0.0,0.0,0
2026-07-13T00:40:00+00:00,2026-07-13,-17.75,0,0,,,43.06,0.0,0.0,0
2026-07-13T00:50:00+00:00,2026-07-13,-17.23,0,0,,,50.0,0.0,0.0,0
2026-07-13T01:00:00+00:00,2026-07-13,-16.65,0,0,,,56.94,0.0,0.0,0
2026-07-13T01:10:00+00:00,2026-07-13,-16.0,0,0,,,63.89,0.0,0.0,0
2026-07-13T01:20:00+00:00,2026-07-13,-15.3,0,0,,,48.61,0.0,0.0,0
2026-07-13T01:30:00+00:00,2026-07-13,-14.54,0,0,,,40.28,0.0,37.0,0
2026-07-13T01:40:00+00:00,2026-07-13,-13.72,0,0,,,26.39,0.0,37.0,0
2026-07-13T01:50:00+00:00,2026-07-13,-12.84,0,0,,,19.44,0.0,56.0,0
2026-07-13T02:00:00+00:00,2026-07-13,-11.91,0,0,,,13.89,0.0,74.0,0
2026-07-13T02:10:00+00:00,2026-07-13,-10.93,0,0,,,30.56,88.0,74.0,0
2026-07-13T02:20:00+00:00,2026-07-13,-9.9,0,0,,,48.61,88.0,56.0,0
2026-07-13T02:30:00+00:00,2026-07-13,-8.83,0,0,,,31.94,88.0,37.0,0
2026-07-13T02:40:00+00:00,2026-07-13,-7.71,0,0,,,26.39,100.0,37.0,0
2026-07-13T02:50:00+00:00,2026-07-13,-6.55,0,0,,,13.89,100.0,19.0,0
2026-07-13T03:00:00+00:00,2026-07-13,-5.35,0,0,,,8.33,100.0,0.0,0
2026-07-13T03:10:00+00:00,2026-07-13,-4.11,0,0,,,4.17,75.0,0.0,0
2026-07-13T03:20:00+00:00,2026-07-13,-2.83,0,0,,,1.39,75.0,0.0,0
2026-07-13T03:30:00+00:00,2026-07-13,-1.52,0,0,,,1.39,75.0,0.0,0
2026-07-13T03:40:00+00:00,2026-07-13,0.33,0,0,,,0.0,88.0,0.0,0
2026-07-13T03:50:00+00:00,2026-07-13,1.54,0,0,,,0.0,88.0,0.0,0
2026-07-13T04:00:00+00:00,2026-07-13,2.85,0,0,,,0.0,88.0,0.0,0
2026-07-13T04:10:00+00:00,2026-07-13,4.22,0,0,,,0.0,88.0,0.0,0
2026-07-13T04:20:00+00:00,2026-07-13,5.64,1,0,0,0.0038,0.0,88.0,0.0,1
2026-07-13T04:30:00+00:00,2026-07-13,7.09,1,0,0,0.0,0.0,88.0,0.0,1
2026-07-13T04:40:00+00:00,2026-07-13,8.58,1,0,0,0.0,0.0,0.0,0.0,1
2026-07-13T04:50:00+00:00,2026-07-13,10.08,1,0,0,0.0,0.0,0.0,0.0,1
2026-07-13T05:00:00+00:00,2026-07-13,11.61,1,0,0,0.0,0.0,0.0,0.0,1
2026-07-13T05:10:00+00:00,2026-07-13,13.16,1,0,0,0.0,0.0,0.0,0.0,1
2026-07-13T05:20:00+00:00,2026-07-13,14.73,1,0,0,0.0,0.0,0.0,0.0,1
2026-07-13T05:30:00+00:00,2026-07-13,16.31,1,0,0,0.0,0.0,0.0,0.0,1
2026-07-13T05:40:00+00:00,2026-07-13,17.91,1,0,0,0.0,0.0,0.0,0.0,1
2026-07-13T05:50:00+00:00,2026-07-13,19.52,1,0,0,0.0,4.17,0.0,0.0,1
2026-07-13T06:00:00+00:00,2026-07-13,21.14,1,0,0,0.0,8.33,0.0,0.0,1
2026-07-13T06:10:00+00:00,2026-07-13,22.77,1,0,0,0.0,2.78,0.0,0.0,1
2026-07-13T06:20:00+00:00,2026-07-13,24.4,1,0,0,0.0,0.0,0.0,0.0,1
2026-07-13T06:30:00+00:00,2026-07-13,26.04,1,0,0,0.0,0.0,0.0,0.0,1
2026-07-13T06:40:00+00:00,2026-07-13,27.69,1,1,0,,0.0,0.0,0.0,0
2026-07-13T06:50:00+00:00,2026-07-13,29.34,1,0,0,0.0,0.0,0.0,0.0,1
2026-07-13T07:00:00+00:00,2026-07-13,30.98,1,0,0,0.0,1.39,0.0,0.0,1
2026-07-13T07:10:00+00:00,2026-07-13,32.63,1,0,0,0.0,12.5,0.0,0.0,1
2026-07-13T07:20:00+00:00,2026-07-13,34.27,1,0,0,0.0,40.28,0.0,24.0,1
2026-07-13T07:30:00+00:00,2026-07-13,35.91,1,0,0,0.001,69.44,0.0,1.0,1
2026-07-13T07:40:00+00:00,2026-07-13,37.54,1,0,0,0.0198,66.67,0.0,1.0,1
2026-07-13T07:50:00+00:00,2026-07-13,39.17,1,0,0,7.3029,38.89,0.0,1.0,1
2026-07-13T08:00:00+00:00,2026-07-13,40.77,1,0,0,27.122,13.89,0.0,1.0,1
2026-07-13T08:10:00+00:00,2026-07-13,42.37,1,0,0,2.7766,5.56,63.0,1.0,1
2026-07-13T08:20:00+00:00,2026-07-13,43.94,1,0,0,0.0167,9.72,63.0,1.0,1
2026-07-13T08:30:00+00:00,2026-07-13,45.5,1,0,0,0.0036,13.89,63.0,1.0,1
2026-07-13T08:40:00+00:00,2026-07-13,47.03,1,0,0,0.0501,16.67,75.0,1.0,1
2026-07-13T08:50:00+00:00,2026-07-13,48.53,1,0,0,0.5321,23.61,75.0,0.0,1
2026-07-13T09:00:00+00:00,2026-07-13,49.99,1,0,0,0.0028,40.28,75.0,0.0,1
2026-07-13T09:10:00+00:00,2026-07-13,51.42,1,0,0,0.09,54.17,25.0,0.0,1
2026-07-13T09:20:00+00:00,2026-07-13,52.8,1,0,0,0.2264,38.89,25.0,0.0,1
2026-07-13T09:30:00+00:00,2026-07-13,54.13,1,0,0,3.3525,25.0,25.0,1.0,1
2026-07-13T09:40:00+00:00,2026-07-13,55.4,1,0,0,5.3976,31.94,38.0,1.0,1
2026-07-13T09:50:00+00:00,2026-07-13,56.61,1,0,0,1.849,43.06,38.0,1.0,1
2026-07-13T10:00:00+00:00,2026-07-13,57.74,1,0,0,6.1958,51.39,38.0,1.0,1
2026-07-13T10:10:00+00:00,2026-07-13,58.8,1,0,0,4.3499,34.72,88.0,1.0,1
2026-07-13T10:20:00+00:00,2026-07-13,59.75,1,0,0,12.5012,23.61,88.0,26.0,1
2026-07-13T10:30:00+00:00,2026-07-13,60.61,1,0,0,0.569,22.22,88.0,11.0,1
2026-07-13T10:40:00+00:00,2026-07-13,61.36,1,0,0,6.1415,29.17,88.0,11.0,1
2026-07-13T10:50:00+00:00,2026-07-13,61.98,1,0,0,9.1154,27.78,88.0,6.0,1
2026-07-13T11:00:00+00:00,2026-07-13,62.48,1,0,0,1.7036,44.44,88.0,0.0,1
2026-07-13T11:10:00+00:00,2026-07-13,62.83,1,0,0,13.7167,68.06,63.0,0.0,1
2026-07-13T11:20:00+00:00,2026-07-13,63.05,1,0,0,71.4305,91.67,63.0,25.0,1
2026-07-13T11:30:00+00:00,2026-07-13,63.12,1,0,0,88.0909,95.83,63.0,50.0,1
2026-07-13T11:40:00+00:00,2026-07-13,63.04,1,0,0,39.7674,94.44,88.0,50.0,1
2026-07-13T11:50:00+00:00,2026-07-13,62.81,1,0,0,36.9586,98.61,88.0,75.0,1
2026-07-13T12:00:00+00:00,2026-07-13,62.44,1,0,1,50.0356,,88.0,100.0,0
2026-07-13T12:10:00+00:00,2026-07-13,61.94,1,0,1,55.8627,100.0,75.0,100.0,1
2026-07-13T12:20:00+00:00,2026-07-13,61.31,1,0,1,52.1229,100.0,75.0,100.0,1
2026-07-13T12:30:00+00:00,2026-07-13,60.55,1,0,1,58.5898,95.83,75.0,100.0,1
2026-07-13T12:40:00+00:00,2026-07-13,59.69,1,0,1,56.1637,97.22,100.0,100.0,1
2026-07-13T12:50:00+00:00,2026-07-13,58.72,1,0,1,60.1514,98.61,100.0,100.0,1
2026-07-13T13:00:00+00:00,2026-07-13,57.66,1,0,1,60.3458,100.0,100.0,100.0,1
2026-07-13T13:10:00+00:00,2026-07-13,56.52,1,0,1,68.703,100.0,88.0,100.0,1
2026-07-13T13:20:00+00:00,2026-07-13,55.31,1,0,1,97.2888,100.0,88.0,100.0,1
2026-07-13T13:30:00+00:00,2026-07-13,54.03,1,0,1,99.9756,100.0,88.0,100.0,1
2026-07-13T13:40:00+00:00,2026-07-13,52.7,1,0,1,99.9991,100.0,75.0,100.0,1
2026-07-13T13:50:00+00:00,2026-07-13,51.31,1,0,1,100.0,100.0,75.0,100.0,1
2026-07-13T14:00:00+00:00,2026-07-13,49.88,1,0,1,100.0,100.0,75.0,100.0,1
2026-07-13T14:10:00+00:00,2026-07-13,48.41,1,0,1,100.0,100.0,75.0,100.0,1
2026-07-13T14:20:00+00:00,2026-07-13,46.91,1,0,1,100.0,100.0,75.0,100.0,1
2026-07-13T14:30:00+00:00,2026-07-13,45.38,1,0,1,100.0,100.0,75.0,100.0,1
2026-07-13T14:40:00+00:00,2026-07-13,43.82,1,0,1,99.8525,100.0,75.0,100.0,1
2026-07-13T14:50:00+00:00,2026-07-13,42.24,1,0,1,99.5806,100.0,75.0,100.0,1
2026-07-13T15:00:00+00:00,2026-07-13,40.65,1,0,1,100.0,100.0,75.0,100.0,1
2026-07-13T15:10:00+00:00,2026-07-13,39.03,1,0,1,100.0,100.0,,100.0,0
2026-07-13T15:20:00+00:00,2026-07-13,37.41,1,0,1,100.0,100.0,,100.0,0
2026-07-13T15:30:00+00:00,2026-07-13,35.78,1,0,1,100.0,100.0,,100.0,0
2026-07-13T15:40:00+00:00,2026-07-13,34.14,1,0,1,98.8561,100.0,,100.0,0
2026-07-13T15:50:00+00:00,2026-07-13,32.49,1,0,1,99.9973,100.0,,100.0,0
2026-07-13T16:00:00+00:00,2026-07-13,30.85,1,0,1,100.0,100.0,,100.0,0
2026-07-13T16:10:00+00:00,2026-07-13,29.2,1,0,1,100.0,100.0,,100.0,0
2026-07-13T16:20:00+00:00,2026-07-13,27.55,1,0,1,100.0,100.0,,87.0,0
2026-07-13T16:30:00+00:00,2026-07-13,25.9,1,0,1,99.9997,90.28,,66.0,0
2026-07-13T16:40:00+00:00,2026-07-13,24.26,1,0,1,97.9022,63.89,,66.0,0
2026-07-13T16:50:00+00:00,2026-07-13,22.62,1,0,1,75.8018,37.5,,48.0,0
2026-07-13T17:00:00+00:00,2026-07-13,20.99,1,0,1,67.0101,80.56,,31.0,0
2026-07-13T17:10:00+00:00,2026-07-13,19.37,1,0,1,70.216,95.83,,31.0,0
2026-07-13T17:20:00+00:00,2026-07-13,17.76,1,0,1,79.7158,100.0,,48.0,0
2026-07-13T17:30:00+00:00,2026-07-13,16.16,1,0,1,86.1083,93.06,,66.0,0
2026-07-13T17:40:00+00:00,2026-07-13,14.58,1,1,1,,95.83,100.0,66.0,0
2026-07-13T17:50:00+00:00,2026-07-13,13.01,1,0,1,95.2435,70.83,100.0,83.0,1
2026-07-13T18:00:00+00:00,2026-07-13,11.46,1,0,1,80.8714,76.39,100.0,100.0,1
2026-07-13T18:10:00+00:00,2026-07-13,9.93,1,0,1,84.4859,52.78,38.0,100.0,1
2026-07-13T18:20:00+00:00,2026-07-13,8.42,1,0,0,81.5627,43.06,38.0,100.0,1
2026-07-13T18:30:00+00:00,2026-07-13,6.94,1,1,0,,30.56,38.0,100.0,0
2026-07-13T18:40:00+00:00,2026-07-13,5.48,1,0,0,84.9568,80.56,88.0,100.0,1
2026-07-13T18:50:00+00:00,2026-07-13,4.07,0,0,,,51.39,88.0,100.0,0
2026-07-13T19:00:00+00:00,2026-07-13,2.7,0,0,,,86.11,88.0,100.0,0
2026-07-13T19:10:00+00:00,2026-07-13,1.39,0,0,,,100.0,100.0,100.0,0
2026-07-13T19:20:00+00:00,2026-07-13,0.19,0,0,,,100.0,100.0,100.0,0
2026-07-13T19:30:00+00:00,2026-07-13,-1.68,0,0,,,98.61,100.0,100.0,0
2026-07-13T19:40:00+00:00,2026-07-13,-2.99,0,0,,,97.22,88.0,100.0,0
2026-07-13T19:50:00+00:00,2026-07-13,-4.27,0,0,,,58.33,88.0,100.0,0
2026-07-13T20:00:00+00:00,2026-07-13,-5.51,0,0,,,29.17,88.0,100.0,0
2026-07-13T20:10:00+00:00,2026-07-13,-6.71,0,0,,,94.44,100.0,100.0,0
2026-07-13T20:20:00+00:00,2026-07-13,-7.87,0,0,,,100.0,100.0,100.0,0
2026-07-13T20:30:00+00:00,2026-07-13,-8.99,0,0,,,100.0,100.0,100.0,0
2026-07-13T20:40:00+00:00,2026-07-13,-10.07,0,0,,,,88.0,100.0,0
2026-07-13T20:50:00+00:00,2026-07-13,-11.1,0,0,,,100.0,88.0,100.0,0
2026-07-13T21:00:00+00:00,2026-07-13,-12.08,0,0,,,91.67,88.0,100.0,0
2026-07-13T21:10:00+00:00,2026-07-13,-13.0,0,0,,,50.0,75.0,100.0,0
2026-07-13T21:20:00+00:00,2026-07-13,-13.88,0,0,,,13.89,75.0,75.0,0
2026-07-13T21:30:00+00:00,2026-07-13,-14.7,0,0,,,1.39,75.0,50.0,0
2026-07-13T21:40:00+00:00,2026-07-13,-15.46,0,0,,,0.0,100.0,50.0,0
2026-07-13T21:50:00+00:00,2026-07-13,-16.17,0,0,,,0.0,100.0,25.0,0
2026-07-13T22:00:00+00:00,2026-07-13,-16.81,0,0,,,0.0,100.0,0.0,0
2026-07-13T22:10:00+00:00,2026-07-13,-17.39,0,0,,,1.39,38.0,0.0,0
2026-07-13T22:20:00+00:00,2026-07-13,-17.91,0,0,,,29.17,38.0,4.0,0
2026-07-13T22:30:00+00:00,2026-07-13,-18.36,0,0,,,20.83,38.0,6.0,0
2026-07-13T22:40:00+00:00,2026-07-13,-18.74,0,0,,,40.28,0.0,6.0,0
2026-07-13T22:50:00+00:00,2026-07-13,-19.06,0,0,,,55.56,0.0,3.0,0
2026-07-13T23:00:00+00:00,2026-07-13,-19.3,0,0,,,76.39,0.0,0.0,0
2026-07-13T23:10:00+00:00,2026-07-13,-19.48,0,0,,,48.61,0.0,0.0,0
2026-07-13T23:20:00+00:00,2026-07-13,-19.59,0,0,,,31.94,0.0,5.0,0
2026-07-13T23:30:00+00:00,2026-07-13,-19.62,0,0,,,33.33,0.0,9.0,0
2026-07-13T23:40:00+00:00,2026-07-13,-19.59,0,0,,,27.78,13.0,9.0,0
2026-07-13T23:50:00+00:00,2026-07-13,-19.48,0,0,,,37.5,13.0,14.0,0
2026-07-14T00:00:00+00:00,2026-07-14,-19.3,0,0,,,86.11,13.0,18.0,0
2026-07-14T00:10:00+00:00,2026-07-14,-19.05,0,0,,,94.44,0.0,18.0,0
2026-07-14T00:20:00+00:00,2026-07-14,-18.74,0,0,,,98.61,0.0,39.0,0
2026-07-14T00:30:00+00:00,2026-07-14,-18.35,0,0,,,100.0,0.0,59.0,0
2026-07-14T00:40:00+00:00,2026-07-14,-17.9,0,0,,,100.0,38.0,59.0,0
2026-07-14T00:50:00+00:00,2026-07-14,-17.38,0,0,,,100.0,38.0,80.0,0
2026-07-14T01:00:00+00:00,2026-07-14,-16.8,0,0,,,100.0,38.0,100.0,0
2026-07-14T01:10:00+00:00,2026-07-14,-16.15,0,0,,,100.0,63.0,100.0,0
2026-07-14T01:20:00+00:00,2026-07-14,-15.45,0,0,,,100.0,63.0,100.0,0
2026-07-14T01:30:00+00:00,2026-07-14,-14.68,0,0,,,100.0,63.0,100.0,0
2026-07-14T01:40:00+00:00,2026-07-14,-13.86,0,0,,,100.0,100.0,100.0,0
2026-07-14T01:50:00+00:00,2026-07-14,-12.99,0,0,,,100.0,100.0,100.0,0
2026-07-14T02:00:00+00:00,2026-07-14,-12.06,0,0,,,100.0,100.0,100.0,0
2026-07-14T02:10:00+00:00,2026-07-14,-11.08,0,0,,,100.0,100.0,100.0,0
2026-07-14T02:20:00+00:00,2026-07-14,-10.05,0,0,,,100.0,100.0,100.0,0
2026-07-14T02:30:00+00:00,2026-07-14,-8.97,0,0,,,100.0,100.0,100.0,0
2026-07-14T02:40:00+00:00,2026-07-14,-7.85,0,0,,,100.0,88.0,100.0,0
2026-07-14T02:50:00+00:00,2026-07-14,-6.69,0,0,,,100.0,88.0,100.0,0
2026-07-14T03:00:00+00:00,2026-07-14,-5.49,0,0,,,100.0,88.0,,0
2026-07-14T03:10:00+00:00,2026-07-14,-4.25,0,0,,,100.0,100.0,100.0,0
2026-07-14T03:20:00+00:00,2026-07-14,-2.97,0,0,,,100.0,100.0,100.0,0
2026-07-14T03:30:00+00:00,2026-07-14,-1.65,0,0,,,100.0,100.0,100.0,0
2026-07-14T03:40:00+00:00,2026-07-14,0.21,0,0,,,100.0,88.0,100.0,0
2026-07-14T03:50:00+00:00,2026-07-14,1.42,0,0,,,100.0,88.0,100.0,0
2026-07-14T04:00:00+00:00,2026-07-14,2.72,0,0,,,100.0,88.0,100.0,0
2026-07-14T04:10:00+00:00,2026-07-14,4.09,0,0,,,100.0,100.0,100.0,0
2026-07-14T04:20:00+00:00,2026-07-14,5.51,1,0,0,99.975,100.0,100.0,100.0,1
2026-07-14T04:30:00+00:00,2026-07-14,6.96,1,0,0,99.9954,100.0,100.0,100.0,1
2026-07-14T04:40:00+00:00,2026-07-14,8.45,1,0,0,99.9956,100.0,100.0,100.0,1
2026-07-14T04:50:00+00:00,2026-07-14,9.95,1,0,0,100.0,100.0,100.0,100.0,1
2026-07-14T05:00:00+00:00,2026-07-14,11.49,1,0,0,99.9984,100.0,100.0,100.0,1
2026-07-14T05:10:00+00:00,2026-07-14,13.04,1,0,0,99.9994,100.0,100.0,100.0,1
2026-07-14T05:20:00+00:00,2026-07-14,14.6,1,0,0,99.9991,100.0,100.0,100.0,1
2026-07-14T05:30:00+00:00,2026-07-14,16.19,1,0,0,99.9995,100.0,100.0,100.0,1
2026-07-14T05:40:00+00:00,2026-07-14,17.78,1,0,0,100.0,100.0,100.0,100.0,1
2026-07-14T05:50:00+00:00,2026-07-14,19.39,1,0,0,100.0,100.0,100.0,100.0,1
2026-07-14T06:00:00+00:00,2026-07-14,21.01,1,0,0,100.0,100.0,100.0,100.0,1
2026-07-14T06:10:00+00:00,2026-07-14,22.64,1,0,0,,100.0,100.0,100.0,0
2026-07-14T06:20:00+00:00,2026-07-14,24.28,1,0,0,,100.0,100.0,100.0,0
2026-07-14T06:30:00+00:00,2026-07-14,25.92,1,0,0,100.0,100.0,100.0,100.0,1
2026-07-14T06:40:00+00:00,2026-07-14,27.56,1,0,0,99.9998,100.0,100.0,100.0,1
2026-07-14T06:50:00+00:00,2026-07-14,29.21,1,0,0,100.0,100.0,100.0,100.0,1
2026-07-14T07:00:00+00:00,2026-07-14,30.86,1,0,0,99.9998,100.0,100.0,100.0,1
2026-07-14T07:10:00+00:00,2026-07-14,32.51,1,0,0,99.9989,100.0,100.0,100.0,1
2026-07-14T07:20:00+00:00,2026-07-14,34.15,1,0,0,99.9999,100.0,100.0,100.0,1
2026-07-14T07:30:00+00:00,2026-07-14,35.79,1,0,0,99.9993,100.0,100.0,100.0,1
2026-07-14T07:40:00+00:00,2026-07-14,37.42,1,0,0,100.0,100.0,88.0,100.0,1
2026-07-14T07:50:00+00:00,2026-07-14,39.04,1,0,0,100.0,100.0,88.0,100.0,1
2026-07-14T08:00:00+00:00,2026-07-14,40.65,1,0,0,99.8371,100.0,88.0,100.0,1
2026-07-14T08:10:00+00:00,2026-07-14,42.24,1,0,0,95.3419,91.67,88.0,100.0,1
2026-07-14T08:20:00+00:00,2026-07-14,43.81,1,0,0,78.1714,59.72,88.0,85.0,1
2026-07-14T08:30:00+00:00,2026-07-14,45.37,1,0,0,27.6151,30.56,88.0,71.0,1
2026-07-14T08:40:00+00:00,2026-07-14,46.9,1,0,0,0.0016,,100.0,71.0,0
2026-07-14T08:50:00+00:00,2026-07-14,48.39,1,0,0,0.2406,,100.0,56.0,0
2026-07-14T09:00:00+00:00,2026-07-14,49.86,1,0,0,1.6559,,100.0,41.0,0
2026-07-14T09:10:00+00:00,2026-07-14,51.28,1,0,0,0.0647,,88.0,41.0,0
2026-07-14T09:20:00+00:00,2026-07-14,52.66,1,0,0,0.5297,,88.0,43.0,0
2026-07-14T09:30:00+00:00,2026-07-14,53.99,1,0,0,0.7944,,88.0,45.0,0
2026-07-14T09:40:00+00:00,2026-07-14,55.26,1,0,0,0.8983,41.67,25.0,45.0,1
2026-07-14T09:50:00+00:00,2026-07-14,56.47,1,0,0,2.4982,,25.0,47.0,0
2026-07-14T10:00:00+00:00,2026-07-14,57.6,1,0,0,14.9434,61.11,25.0,49.0,1
2026-07-14T10:10:00+00:00,2026-07-14,58.65,1,0,0,28.2706,41.67,0.0,49.0,1
2026-07-14T10:20:00+00:00,2026-07-14,59.61,1,0,0,10.1163,,0.0,53.0,0
2026-07-14T10:30:00+00:00,2026-07-14,60.46,1,0,0,0.0933,0.0,0.0,51.0,1
2026-07-14T10:40:00+00:00,2026-07-14,61.21,1,0,0,0.394,1.39,38.0,51.0,1
2026-07-14T10:50:00+00:00,2026-07-14,61.83,1,0,0,0.0714,9.72,38.0,61.0,1
2026-07-14T11:00:00+00:00,2026-07-14,62.32,1,0,0,0.0044,16.67,38.0,71.0,1
2026-07-14T11:10:00+00:00,2026-07-14,62.68,1,1,0,,20.83,50.0,71.0,0
2026-07-14T11:20:00+00:00,2026-07-14,62.9,1,1,0,,,50.0,78.0,0
2026-07-14T11:30:00+00:00,2026-07-14,62.97,1,0,0,0.1252,6.94,50.0,86.0,1
2026-07-14T11:40:00+00:00,2026-07-14,62.89,1,0,0,0.0344,15.28,25.0,86.0,1
2026-07-14T11:50:00+00:00,2026-07-14,62.67,1,0,0,0.3669,,25.0,93.0,0
2026-07-14T12:00:00+00:00,2026-07-14,62.3,1,0,1,0.826,55.56,25.0,100.0,1
2026-07-14T12:10:00+00:00,2026-07-14,61.8,1,0,1,12.9426,81.94,13.0,100.0,1
2026-07-14T12:20:00+00:00,2026-07-14,61.17,1,0,1,56.1463,98.61,13.0,90.0,1
2026-07-14T12:30:00+00:00,2026-07-14,60.42,1,0,1,68.4369,83.33,13.0,81.0,1
2026-07-14T12:40:00+00:00,2026-07-14,59.56,1,0,1,59.7376,63.89,88.0,81.0,1
2026-07-14T12:50:00+00:00,2026-07-14,58.6,1,0,1,60.697,,88.0,71.0,0
2026-07-14T13:00:00+00:00,2026-07-14,57.54,1,0,1,48.8798,97.22,88.0,61.0,1
2026-07-14T13:10:00+00:00,2026-07-14,56.41,1,0,1,85.9933,100.0,100.0,61.0,1
2026-07-14T13:20:00+00:00,2026-07-14,55.2,1,0,1,87.1215,100.0,100.0,65.0,1
2026-07-14T13:30:00+00:00,2026-07-14,53.92,1,0,1,58.9088,100.0,100.0,76.0,1
2026-07-14T13:40:00+00:00,2026-07-14,52.59,1,0,1,22.48,97.22,100.0,76.0,1
2026-07-14T13:50:00+00:00,2026-07-14,51.21,1,0,1,40.1902,88.89,100.0,88.0,1
2026-07-14T14:00:00+00:00,2026-07-14,49.78,1,0,1,27.0261,83.33,100.0,100.0,1
2026-07-14T14:10:00+00:00,2026-07-14,48.31,1,0,1,28.5842,79.17,100.0,100.0,1
2026-07-14T14:20:00+00:00,2026-07-14,46.81,1,0,1,20.7904,73.61,100.0,100.0,1
2026-07-14T14:30:00+00:00,2026-07-14,45.28,1,0,1,7.0049,79.17,100.0,99.0,1
2026-07-14T14:40:00+00:00,2026-07-14,43.73,1,0,1,11.5718,91.67,88.0,99.0,1
2026-07-14T14:50:00+00:00,2026-07-14,42.15,1,0,1,11.9958,100.0,88.0,99.0,1
2026-07-14T15:00:00+00:00,2026-07-14,40.55,1,0,1,21.8651,100.0,88.0,98.0,1
2026-07-14T15:10:00+00:00,2026-07-14,38.94,1,0,1,36.8797,84.72,75.0,98.0,1
2026-07-14T15:20:00+00:00,2026-07-14,37.32,1,0,1,18.1644,80.56,75.0,81.0,1
2026-07-14T15:30:00+00:00,2026-07-14,35.69,1,0,1,17.0255,75.0,75.0,65.0,1
2026-07-14T15:40:00+00:00,2026-07-14,34.05,1,0,1,10.777,93.06,38.0,65.0,1
2026-07-14T15:50:00+00:00,2026-07-14,32.41,1,0,1,34.7123,86.11,38.0,48.0,1
2026-07-14T16:00:00+00:00,2026-07-14,30.76,1,0,1,22.8639,81.94,38.0,31.0,1
2026-07-14T16:10:00+00:00,2026-07-14,29.11,1,0,1,39.6583,93.06,38.0,31.0,1
2026-07-14T16:20:00+00:00,2026-07-14,27.46,1,0,1,51.4523,54.17,38.0,24.0,1
2026-07-14T16:30:00+00:00,2026-07-14,25.81,1,0,1,24.135,73.61,38.0,36.0,1
2026-07-14T16:40:00+00:00,2026-07-14,24.17,1,0,1,57.1221,84.72,50.0,36.0,1
2026-07-14T16:50:00+00:00,2026-07-14,22.53,1,0,1,61.304,75.0,50.0,32.0,1
2026-07-14T17:00:00+00:00,2026-07-14,20.9,1,0,1,79.3365,61.11,50.0,28.0,1
2026-07-14T17:10:00+00:00,2026-07-14,19.28,1,0,1,77.8774,45.83,88.0,28.0,1
2026-07-14T17:20:00+00:00,2026-07-14,17.67,1,0,1,62.6722,34.72,88.0,21.0,1
2026-07-14T17:30:00+00:00,2026-07-14,16.07,1,0,1,68.5174,37.5,88.0,14.0,1
2026-07-14T17:40:00+00:00,2026-07-14,14.49,1,0,1,57.6105,22.22,75.0,14.0,1
2026-07-14T17:50:00+00:00,2026-07-14,12.92,1,0,1,70.2246,25.0,75.0,7.0,1
2026-07-14T18:00:00+00:00,2026-07-14,11.37,1,0,1,65.0502,12.5,75.0,0.0,1
2026-07-14T18:10:00+00:00,2026-07-14,9.83,1,1,1,,40.28,13.0,0.0,0
2026-07-14T18:20:00+00:00,2026-07-14,8.32,1,0,0,71.6581,62.5,13.0,13.0,1
2026-07-14T18:30:00+00:00,2026-07-14,6.84,1,0,0,79.6122,58.33,13.0,25.0,1
2026-07-14T18:40:00+00:00,2026-07-14,5.39,1,0,0,81.9649,69.44,0.0,25.0,1
2026-07-14T18:50:00+00:00,2026-07-14,3.97,0,0,,,55.56,0.0,38.0,0
2026-07-14T19:00:00+00:00,2026-07-14,2.6,0,0,,,51.39,0.0,50.0,0
2026-07-14T19:10:00+00:00,2026-07-14,1.3,0,0,,,90.28,63.0,50.0,0
2026-07-14T19:20:00+00:00,2026-07-14,0.1,0,0,,,100.0,63.0,52.0,0
2026-07-14T19:30:00+00:00,2026-07-14,-1.79,0,0,,,100.0,63.0,63.0,0
2026-07-14T19:40:00+00:00,2026-07-14,-3.1,0,0,,,94.44,88.0,63.0,0
2026-07-14T19:50:00+00:00,2026-07-14,-4.38,0,0,,,98.61,88.0,62.0,0
2026-07-14T20:00:00+00:00,2026-07-14,-5.63,0,0,,,100.0,88.0,62.0,0
2026-07-14T20:10:00+00:00,2026-07-14,-6.83,0,0,,,100.0,50.0,62.0,0
2026-07-14T20:20:00+00:00,2026-07-14,-7.99,0,0,,,100.0,50.0,66.0,0
2026-07-14T20:30:00+00:00,2026-07-14,-9.12,0,0,,,100.0,50.0,69.0,0
2026-07-14T20:40:00+00:00,2026-07-14,-10.19,0,0,,,100.0,100.0,69.0,0
2026-07-14T20:50:00+00:00,2026-07-14,-11.22,0,0,,,100.0,100.0,73.0,0
2026-07-14T21:00:00+00:00,2026-07-14,-12.2,0,0,,,100.0,100.0,76.0,0
2026-07-14T21:10:00+00:00,2026-07-14,-13.13,0,0,,,100.0,100.0,76.0,0
2026-07-14T21:20:00+00:00,2026-07-14,-14.01,0,0,,,84.72,100.0,80.0,0
2026-07-14T21:30:00+00:00,2026-07-14,-14.83,0,0,,,81.94,100.0,84.0,0
2026-07-14T21:40:00+00:00,2026-07-14,-15.6,0,0,,,37.5,88.0,84.0,0
2026-07-14T21:50:00+00:00,2026-07-14,-16.31,0,0,,,16.67,88.0,87.0,0
2026-07-14T22:00:00+00:00,2026-07-14,-16.95,0,0,,,34.72,88.0,91.0,0
2026-07-14T22:10:00+00:00,2026-07-14,-17.53,0,0,,,41.67,100.0,91.0,0
2026-07-14T22:20:00+00:00,2026-07-14,-18.05,0,0,,,44.44,100.0,86.0,0
2026-07-14T22:30:00+00:00,2026-07-14,-18.5,0,0,,,22.22,100.0,64.0,0
2026-07-14T22:40:00+00:00,2026-07-14,-18.89,0,0,,,34.72,63.0,64.0,0
2026-07-14T22:50:00+00:00,2026-07-14,-19.21,0,0,,,79.17,63.0,48.0,0
2026-07-14T23:00:00+00:00,2026-07-14,-19.45,0,0,,,97.22,63.0,32.0,0
2026-07-14T23:10:00+00:00,2026-07-14,-19.63,0,0,,,98.61,63.0,32.0,0
2026-07-14T23:20:00+00:00,2026-07-14,-19.74,0,0,,,87.5,63.0,41.0,0
2026-07-14T23:30:00+00:00,2026-07-14,-19.77,0,0,,,90.28,63.0,51.0,0
2026-07-14T23:40:00+00:00,2026-07-14,-19.74,0,0,,,84.72,75.0,51.0,0
2026-07-14T23:50:00+00:00,2026-07-14,-19.63,0,0,,,90.28,75.0,60.0,0
2026-07-15T00:00:00+00:00,2026-07-15,-19.46,0,0,,,95.83,75.0,69.0,0
2026-07-15T00:10:00+00:00,2026-07-15,-19.21,0,0,,,91.67,88.0,69.0,0
2026-07-15T00:20:00+00:00,2026-07-15,-18.89,0,0,,,61.11,88.0,68.0,0
2026-07-15T00:30:00+00:00,2026-07-15,-18.51,0,0,,,66.67,88.0,67.0,0
2026-07-15T00:40:00+00:00,2026-07-15,-18.05,0,0,,,86.11,100.0,67.0,0
2026-07-15T00:50:00+00:00,2026-07-15,-17.54,0,0,,,84.72,100.0,66.0,0
2026-07-15T01:00:00+00:00,2026-07-15,-16.95,0,0,,,75.0,100.0,65.0,0
2026-07-15T01:10:00+00:00,2026-07-15,-16.31,0,0,,,75.0,100.0,65.0,0
2026-07-15T01:20:00+00:00,2026-07-15,-15.6,0,0,,,63.89,100.0,69.0,0
2026-07-15T01:30:00+00:00,2026-07-15,-14.84,0,0,,,62.5,100.0,72.0,0
2026-07-15T01:40:00+00:00,2026-07-15,-14.02,0,0,,,63.89,88.0,72.0,0
2026-07-15T01:50:00+00:00,2026-07-15,-13.14,0,0,,,86.11,88.0,68.0,0
2026-07-15T02:00:00+00:00,2026-07-15,-12.21,0,0,,,83.33,88.0,64.0,0
2026-07-15T02:10:00+00:00,2026-07-15,-11.23,0,0,,,86.11,88.0,64.0,0
2026-07-15T02:20:00+00:00,2026-07-15,-10.2,0,0,,,100.0,88.0,73.0,0
2026-07-15T02:30:00+00:00,2026-07-15,-9.12,0,0,,,100.0,88.0,82.0,0
2026-07-15T02:40:00+00:00,2026-07-15,-8.0,0,0,,,97.22,88.0,82.0,0
2026-07-15T02:50:00+00:00,2026-07-15,-6.84,0,0,,,81.94,88.0,91.0,0
2026-07-15T03:00:00+00:00,2026-07-15,-5.63,0,0,,,79.17,88.0,100.0,0
2026-07-15T03:10:00+00:00,2026-07-15,-4.39,0,0,,,80.56,100.0,100.0,0
2026-07-15T03:20:00+00:00,2026-07-15,-3.11,0,0,,,90.28,100.0,100.0,0
2026-07-15T03:30:00+00:00,2026-07-15,-1.8,0,0,,,93.06,100.0,100.0,0
2026-07-15T03:40:00+00:00,2026-07-15,0.09,0,0,,,83.33,88.0,100.0,0
2026-07-15T03:50:00+00:00,2026-07-15,1.29,0,0,,,83.33,88.0,100.0,0
2026-07-15T04:00:00+00:00,2026-07-15,2.59,0,0,,,100.0,88.0,100.0,0
2026-07-15T04:10:00+00:00,2026-07-15,3.96,0,0,,,100.0,88.0,100.0,0
2026-07-15T04:20:00+00:00,2026-07-15,5.38,1,0,0,92.5896,100.0,88.0,100.0,1
2026-07-15T04:30:00+00:00,2026-07-15,6.83,1,0,0,92.6327,100.0,88.0,99.0,1
2026-07-15T04:40:00+00:00,2026-07-15,8.31,1,0,0,94.5799,100.0,75.0,99.0,1
2026-07-15T04:50:00+00:00,2026-07-15,9.82,1,0,0,93.8011,100.0,75.0,100.0,1
2026-07-15T05:00:00+00:00,2026-07-15,11.35,1,0,0,87.4304,100.0,75.0,100.0,1
2026-07-15T05:10:00+00:00,2026-07-15,12.91,1,0,0,99.8208,100.0,88.0,100.0,1
2026-07-15T05:20:00+00:00,2026-07-15,14.47,1,0,0,99.6721,100.0,88.0,100.0,1
2026-07-15T05:30:00+00:00,2026-07-15,16.06,1,0,0,97.2422,100.0,88.0,100.0,1
2026-07-15T05:40:00+00:00,2026-07-15,17.66,1,0,0,98.3997,100.0,88.0,100.0,1
2026-07-15T05:50:00+00:00,2026-07-15,19.27,1,0,0,97.6368,100.0,88.0,100.0,1
2026-07-15T06:00:00+00:00,2026-07-15,20.89,1,0,0,86.7415,100.0,88.0,100.0,1
2026-07-15T06:10:00+00:00,2026-07-15,22.51,1,0,0,96.228,98.61,88.0,100.0,1
2026-07-15T06:20:00+00:00,2026-07-15,24.15,1,0,0,97.1691,100.0,88.0,100.0,1
2026-07-15T06:30:00+00:00,2026-07-15,25.79,1,0,0,99.9952,100.0,88.0,100.0,1
2026-07-15T06:40:00+00:00,2026-07-15,27.44,1,1,0,,100.0,88.0,100.0,0
2026-07-15T06:50:00+00:00,2026-07-15,29.09,1,0,0,82.734,100.0,88.0,100.0,1
2026-07-15T07:00:00+00:00,2026-07-15,30.73,1,0,0,94.597,100.0,88.0,100.0,1
2026-07-15T07:10:00+00:00,2026-07-15,32.38,1,0,0,99.9324,100.0,88.0,100.0,1
2026-07-15T07:20:00+00:00,2026-07-15,34.02,1,0,0,100.0,100.0,88.0,100.0,1
2026-07-15T07:30:00+00:00,2026-07-15,35.66,1,0,0,100.0,100.0,88.0,100.0,1
2026-07-15T07:40:00+00:00,2026-07-15,37.29,1,0,0,100.0,100.0,88.0,100.0,1
2026-07-15T07:50:00+00:00,2026-07-15,38.91,1,0,0,100.0,100.0,88.0,100.0,1
2026-07-15T08:00:00+00:00,2026-07-15,40.52,1,0,0,100.0,100.0,88.0,100.0,1
2026-07-15T08:10:00+00:00,2026-07-15,42.11,1,0,0,100.0,100.0,100.0,100.0,1
2026-07-15T08:20:00+00:00,2026-07-15,43.68,1,0,0,100.0,100.0,100.0,100.0,1
2026-07-15T08:30:00+00:00,2026-07-15,45.23,1,0,0,100.0,100.0,100.0,100.0,1
2026-07-15T08:40:00+00:00,2026-07-15,46.76,1,0,0,100.0,100.0,100.0,100.0,1
2026-07-15T08:50:00+00:00,2026-07-15,48.26,1,0,0,100.0,100.0,100.0,100.0,1
2026-07-15T09:00:00+00:00,2026-07-15,49.72,1,0,0,100.0,100.0,100.0,100.0,1
2026-07-15T09:10:00+00:00,2026-07-15,51.14,1,0,0,100.0,100.0,100.0,100.0,1
2026-07-15T09:20:00+00:00,2026-07-15,52.52,1,0,0,100.0,100.0,100.0,100.0,1
2026-07-15T09:30:00+00:00,2026-07-15,53.85,1,0,0,100.0,100.0,100.0,100.0,1
2026-07-15T09:40:00+00:00,2026-07-15,55.12,1,0,0,100.0,100.0,100.0,100.0,1
2026-07-15T09:50:00+00:00,2026-07-15,56.32,1,0,0,100.0,100.0,100.0,100.0,1
2026-07-15T10:00:00+00:00,2026-07-15,57.45,1,0,0,100.0,100.0,100.0,100.0,1
2026-07-15T10:10:00+00:00,2026-07-15,58.5,1,0,0,99.9986,100.0,100.0,100.0,1
2026-07-15T10:20:00+00:00,2026-07-15,59.45,1,0,0,100.0,100.0,100.0,100.0,1
2026-07-15T10:30:00+00:00,2026-07-15,60.31,1,0,0,100.0,100.0,100.0,98.0,1
2026-07-15T10:40:00+00:00,2026-07-15,61.05,1,0,0,100.0,100.0,88.0,98.0,1
2026-07-15T10:50:00+00:00,2026-07-15,61.67,1,0,0,99.9832,100.0,88.0,96.0,1
2026-07-15T11:00:00+00:00,2026-07-15,62.17,1,0,0,99.9901,100.0,88.0,95.0,1
2026-07-15T11:10:00+00:00,2026-07-15,62.52,1,0,0,99.9995,100.0,88.0,95.0,1
2026-07-15T11:20:00+00:00,2026-07-15,62.74,1,0,0,99.6792,100.0,88.0,95.0,1
2026-07-15T11:30:00+00:00,2026-07-15,62.81,1,0,0,99.9999,100.0,88.0,96.0,1
2026-07-15T11:40:00+00:00,2026-07-15,62.73,1,0,0,98.9121,100.0,100.0,96.0,1
2026-07-15T11:50:00+00:00,2026-07-15,62.51,1,0,0,98.8854,97.22,100.0,96.0,1
2026-07-15T12:00:00+00:00,2026-07-15,62.15,1,0,1,82.3168,100.0,100.0,96.0,1
2026-07-15T12:10:00+00:00,2026-07-15,61.65,1,0,1,94.5853,100.0,100.0,96.0,1
2026-07-15T12:20:00+00:00,2026-07-15,61.03,1,0,1,97.376,100.0,100.0,97.0,1
2026-07-15T12:30:00+00:00,2026-07-15,60.28,1,0,1,83.4157,100.0,100.0,98.0,1
2026-07-15T12:40:00+00:00,2026-07-15,59.42,1,0,1,97.3717,100.0,100.0,98.0,1
2026-07-15T12:50:00+00:00,2026-07-15,58.46,1,0,1,100.0,94.44,100.0,99.0,1
2026-07-15T13:00:00+00:00,2026-07-15,57.41,1,0,1,99.3047,94.44,100.0,100.0,1
2026-07-15T13:10:00+00:00,2026-07-15,56.28,1,0,1,71.3788,95.83,88.0,100.0,1
2026-07-15T13:20:00+00:00,2026-07-15,55.08,1,0,1,50.5475,100.0,88.0,100.0,1
2026-07-15T13:30:00+00:00,2026-07-15,53.8,1,0,1,51.5042,100.0,88.0,97.0,1
2026-07-15T13:40:00+00:00,2026-07-15,52.48,1,0,1,94.5199,100.0,75.0,97.0,1
2026-07-15T13:50:00+00:00,2026-07-15,51.1,1,0,1,100.0,100.0,75.0,96.0,1
2026-07-15T14:00:00+00:00,2026-07-15,49.67,1,0,1,100.0,100.0,75.0,94.0,1
2026-07-15T14:10:00+00:00,2026-07-15,48.21,1,0,1,98.2709,100.0,13.0,94.0,1
2026-07-15T14:20:00+00:00,2026-07-15,46.71,1,0,1,100.0,100.0,13.0,95.0,1
2026-07-15T14:30:00+00:00,2026-07-15,45.18,1,0,1,100.0,100.0,13.0,96.0,1
2026-07-15T14:40:00+00:00,2026-07-15,43.63,1,1,1,,97.22,75.0,96.0,0
2026-07-15T14:50:00+00:00,2026-07-15,42.05,1,0,1,89.0965,100.0,75.0,96.0,1
2026-07-15T15:00:00+00:00,2026-07-15,40.46,1,0,1,94.787,100.0,75.0,97.0,1
2026-07-15T15:10:00+00:00,2026-07-15,38.85,1,0,1,99.7472,100.0,88.0,97.0,1
2026-07-15T15:20:00+00:00,2026-07-15,37.23,1,0,1,99.6135,100.0,88.0,96.0,1
2026-07-15T15:30:00+00:00,2026-07-15,35.6,1,0,1,99.8265,100.0,88.0,94.0,1
2026-07-15T15:40:00+00:00,2026-07-15,33.96,1,0,1,99.9517,100.0,88.0,94.0,1
2026-07-15T15:50:00+00:00,2026-07-15,32.31,1,0,1,99.9999,100.0,88.0,93.0,1
2026-07-15T16:00:00+00:00,2026-07-15,30.66,1,0,1,99.9945,100.0,88.0,91.0,1
2026-07-15T16:10:00+00:00,2026-07-15,29.01,1,0,1,99.9934,100.0,100.0,91.0,1
2026-07-15T16:20:00+00:00,2026-07-15,27.37,1,0,1,100.0,100.0,100.0,93.0,1
2026-07-15T16:30:00+00:00,2026-07-15,25.72,1,0,1,100.0,100.0,100.0,100.0,1
2026-07-15T16:40:00+00:00,2026-07-15,24.08,1,0,1,100.0,100.0,100.0,100.0,1
2026-07-15T16:50:00+00:00,2026-07-15,22.44,1,0,1,100.0,100.0,100.0,100.0,1
2026-07-15T17:00:00+00:00,2026-07-15,20.81,1,0,1,99.9999,100.0,100.0,100.0,1
2026-07-15T17:10:00+00:00,2026-07-15,19.19,1,0,1,100.0,100.0,100.0,100.0,1
2026-07-15T17:20:00+00:00,2026-07-15,17.57,1,0,1,89.0356,100.0,100.0,100.0,1
2026-07-15T17:30:00+00:00,2026-07-15,15.97,1,0,1,99.9793,100.0,100.0,100.0,1
2026-07-15T17:40:00+00:00,2026-07-15,14.39,1,0,1,99.9861,100.0,100.0,100.0,1
2026-07-15T17:50:00+00:00,2026-07-15,12.82,1,0,1,99.9999,100.0,100.0,100.0,1
2026-07-15T18:00:00+00:00,2026-07-15,11.27,1,0,1,99.9996,100.0,100.0,100.0,1
2026-07-15T18:10:00+00:00,2026-07-15,9.73,1,0,1,99.9999,100.0,100.0,100.0,1
2026-07-15T18:20:00+00:00,2026-07-15,8.22,1,0,0,99.8687,100.0,100.0,100.0,1
2026-07-15T18:30:00+00:00,2026-07-15,6.74,1,0,0,96.6946,97.22,100.0,100.0,1
2026-07-15T18:40:00+00:00,2026-07-15,5.28,1,0,0,99.8733,100.0,88.0,100.0,1
2026-07-15T18:50:00+00:00,2026-07-15,3.86,0,0,,,100.0,88.0,100.0,0
2026-07-15T19:00:00+00:00,2026-07-15,2.49,0,0,,,100.0,88.0,100.0,0
2026-07-15T19:10:00+00:00,2026-07-15,1.2,0,0,,,100.0,88.0,100.0,0
2026-07-15T19:20:00+00:00,2026-07-15,0.01,0,0,,,100.0,88.0,100.0,0
2026-07-15T19:30:00+00:00,2026-07-15,-1.91,0,0,,,100.0,88.0,99.0,0
2026-07-15T19:40:00+00:00,2026-07-15,-3.22,0,0,,,100.0,100.0,99.0,0
2026-07-15T19:50:00+00:00,2026-07-15,-4.5,0,0,,,100.0,100.0,99.0,0
2026-07-15T20:00:00+00:00,2026-07-15,-5.75,0,0,,,100.0,100.0,98.0,0
2026-07-15T20:10:00+00:00,2026-07-15,-6.95,0,0,,,100.0,100.0,98.0,0
2026-07-15T20:20:00+00:00,2026-07-15,-8.12,0,0,,,95.83,100.0,99.0,0
2026-07-15T20:30:00+00:00,2026-07-15,-9.24,0,0,,,93.06,100.0,99.0,0
2026-07-15T20:40:00+00:00,2026-07-15,-10.32,0,0,,,100.0,100.0,99.0,0
2026-07-15T20:50:00+00:00,2026-07-15,-11.36,0,0,,,100.0,100.0,100.0,0
2026-07-15T21:00:00+00:00,2026-07-15,-12.34,0,0,,,77.78,100.0,100.0,0
2026-07-15T21:10:00+00:00,2026-07-15,-13.27,0,0,,,45.83,88.0,100.0,0
2026-07-15T21:20:00+00:00,2026-07-15,-14.15,0,0,,,22.22,88.0,97.0,0
2026-07-15T21:30:00+00:00,2026-07-15,-14.98,0,0,,,27.78,88.0,93.0,0
2026-07-15T21:40:00+00:00,2026-07-15,-15.74,0,0,,,50.0,88.0,93.0,0
2026-07-15T21:50:00+00:00,2026-07-15,-16.45,0,0,,,54.17,88.0,90.0,0
2026-07-15T22:00:00+00:00,2026-07-15,-17.1,0,0,,,54.17,88.0,86.0,0
2026-07-15T22:10:00+00:00,2026-07-15,-17.68,0,0,,,56.94,0.0,86.0,0
2026-07-15T22:20:00+00:00,2026-07-15,-18.2,0,0,,,73.61,0.0,86.0,0
2026-07-15T22:30:00+00:00,2026-07-15,-18.66,0,0,,,83.33,0.0,53.0,0
2026-07-15T22:40:00+00:00,2026-07-15,-19.04,0,0,,,95.83,0.0,53.0,0
2026-07-15T22:50:00+00:00,2026-07-15,-19.36,0,0,,,100.0,0.0,57.0,0
2026-07-15T23:00:00+00:00,2026-07-15,-19.61,0,0,,,100.0,0.0,61.0,0
2026-07-15T23:10:00+00:00,2026-07-15,-19.79,0,0,,,93.06,0.0,61.0,0
2026-07-15T23:20:00+00:00,2026-07-15,-19.9,0,0,,,50.0,0.0,69.0,0
2026-07-15T23:30:00+00:00,2026-07-15,-19.93,0,0,,,38.89,0.0,77.0,0
2026-07-15T23:40:00+00:00,2026-07-15,-19.9,0,0,,,51.39,88.0,77.0,0
2026-07-15T23:50:00+00:00,2026-07-15,-19.79,0,0,,,88.89,88.0,85.0,0
2026-07-16T00:00:00+00:00,2026-07-16,-19.62,0,0,,,100.0,88.0,93.0,0
2026-07-16T00:10:00+00:00,2026-07-16,-19.37,0,0,,,98.61,88.0,93.0,0
2026-07-16T00:20:00+00:00,2026-07-16,-19.05,0,0,,,43.06,88.0,81.0,0
2026-07-16T00:30:00+00:00,2026-07-16,-18.67,0,0,,,47.22,88.0,68.0,0
2026-07-16T00:40:00+00:00,2026-07-16,-18.22,0,0,,,75.0,88.0,68.0,0
2026-07-16T00:50:00+00:00,2026-07-16,-17.7,0,0,,,91.67,88.0,56.0,0
2026-07-16T01:00:00+00:00,2026-07-16,-17.11,0,0,,,87.5,88.0,43.0,0
2026-07-16T01:10:00+00:00,2026-07-16,-16.47,0,0,,,100.0,75.0,43.0,0
2026-07-16T01:20:00+00:00,2026-07-16,-15.76,0,0,,,59.72,75.0,46.0,0
2026-07-16T01:30:00+00:00,2026-07-16,-15.0,0,0,,,31.94,75.0,50.0,0
2026-07-16T01:40:00+00:00,2026-07-16,-14.17,0,0,,,58.33,38.0,50.0,0
2026-07-16T01:50:00+00:00,2026-07-16,-13.29,0,0,,,51.39,38.0,46.0,0
2026-07-16T02:00:00+00:00,2026-07-16,-12.36,0,0,,,83.33,38.0,42.0,0
2026-07-16T02:10:00+00:00,2026-07-16,-11.38,0,0,,,100.0,75.0,42.0,0
2026-07-16T02:20:00+00:00,2026-07-16,-10.35,0,0,,,73.61,75.0,57.0,0
2026-07-16T02:30:00+00:00,2026-07-16,-9.27,0,0,,,41.67,75.0,71.0,0
2026-07-16T02:40:00+00:00,2026-07-16,-8.15,0,0,,,61.11,25.0,,0
2026-07-16T02:50:00+00:00,2026-07-16,-6.99,0,0,,,26.39,25.0,86.0,0
2026-07-16T03:00:00+00:00,2026-07-16,-5.78,0,0,,,0.0,25.0,100.0,0
2026-07-16T03:10:00+00:00,2026-07-16,-4.54,0,0,,,11.11,38.0,100.0,0
2026-07-16T03:20:00+00:00,2026-07-16,-3.26,0,0,,,41.67,38.0,94.0,0
2026-07-16T03:30:00+00:00,2026-07-16,-1.94,0,0,,,15.28,38.0,89.0,0
2026-07-16T03:40:00+00:00,2026-07-16,-0.03,0,0,,,8.33,0.0,89.0,0
2026-07-16T03:50:00+00:00,2026-07-16,1.16,0,0,,,12.5,0.0,83.0,0
2026-07-16T04:00:00+00:00,2026-07-16,2.46,0,0,,,18.06,0.0,77.0,0
2026-07-16T04:10:00+00:00,2026-07-16,3.82,0,0,,,20.83,75.0,77.0,0
2026-07-16T04:20:00+00:00,2026-07-16,5.24,1,0,0,49.1666,18.06,75.0,78.0,1
2026-07-16T04:30:00+00:00,2026-07-16,6.69,1,0,0,9.4822,11.11,75.0,84.0,1
2026-07-16T04:40:00+00:00,2026-07-16,8.18,1,0,0,0.0209,9.72,38.0,84.0,1
2026-07-16T04:50:00+00:00,2026-07-16,9.69,1,0,0,0.0085,25.0,38.0,81.0,1
2026-07-16T05:00:00+00:00,2026-07-16,11.22,1,0,0,0.001,22.22,38.0,79.0,1
2026-07-16T05:10:00+00:00,2026-07-16,12.77,1,0,0,0.0002,25.0,0.0,79.0,1
2026-07-16T05:20:00+00:00,2026-07-16,14.34,1,0,0,0.0,16.67,0.0,73.0,1
2026-07-16T05:30:00+00:00,2026-07-16,15.93,1,0,0,0.0163,19.44,0.0,68.0,1
2026-07-16T05:40:00+00:00,2026-07-16,17.52,1,0,0,0.0,16.67,0.0,68.0,1
2026-07-16T05:50:00+00:00,2026-07-16,19.13,1,0,0,0.0,11.11,0.0,62.0,1
2026-07-16T06:00:00+00:00,2026-07-16,20.75,1,0,0,0.0,12.5,0.0,56.0,1
2026-07-16T06:10:00+00:00,2026-07-16,22.38,1,1,0,,5.56,0.0,56.0,0
2026-07-16T06:20:00+00:00,2026-07-16,24.02,1,0,0,0.0,6.94,0.0,52.0,1
2026-07-16T06:30:00+00:00,2026-07-16,25.66,1,0,0,0.0,6.94,0.0,48.0,1
2026-07-16T06:40:00+00:00,2026-07-16,27.31,1,0,0,0.0005,11.11,0.0,48.0,1
2026-07-16T06:50:00+00:00,2026-07-16,28.96,1,0,0,0.0,22.22,0.0,44.0,1
2026-07-16T07:00:00+00:00,2026-07-16,30.6,1,0,0,0.0,15.28,0.0,40.0,1
2026-07-16T07:10:00+00:00,2026-07-16,32.25,1,0,0,0.4563,2.78,0.0,40.0,1
2026-07-16T07:20:00+00:00,2026-07-16,33.89,1,0,0,0.0,0.0,0.0,42.0,1
2026-07-16T07:30:00+00:00,2026-07-16,35.53,1,0,0,0.0,0.0,0.0,47.0,1
2026-07-16T07:40:00+00:00,2026-07-16,37.16,1,0,0,0.7371,0.0,0.0,47.0,1
2026-07-16T07:50:00+00:00,2026-07-16,38.78,1,0,0,0.0,0.0,0.0,66.0,1
2026-07-16T08:00:00+00:00,2026-07-16,40.38,1,0,0,0.0,0.0,0.0,85.0,1
2026-07-16T08:10:00+00:00,2026-07-16,41.98,1,0,0,0.0,0.0,0.0,85.0,1
2026-07-16T08:20:00+00:00,2026-07-16,43.55,1,0,0,0.9263,0.0,0.0,71.0,1
2026-07-16T08:30:00+00:00,2026-07-16,45.1,1,0,0,0.0731,0.0,0.0,57.0,1
2026-07-16T08:40:00+00:00,2026-07-16,46.62,1,0,0,0.0791,0.0,0.0,57.0,1
2026-07-16T08:50:00+00:00,2026-07-16,48.12,1,0,0,0.0184,0.0,0.0,43.0,1
2026-07-16T09:00:00+00:00,2026-07-16,49.58,1,0,0,0.1522,18.06,0.0,29.0,1
2026-07-16T09:10:00+00:00,2026-07-16,51.0,1,0,0,0.0773,12.5,0.0,29.0,1
2026-07-16T09:20:00+00:00,2026-07-16,52.38,1,0,0,3.9449,16.67,0.0,38.0,1
2026-07-16T09:30:00+00:00,2026-07-16,53.7,1,0,0,0.5297,38.89,0.0,47.0,1
2026-07-16T09:40:00+00:00,2026-07-16,54.97,1,0,0,1.8031,51.39,0.0,47.0,1
2026-07-16T09:50:00+00:00,2026-07-16,56.17,1,0,0,0.313,30.56,0.0,56.0,1
2026-07-16T10:00:00+00:00,2026-07-16,57.3,1,0,0,2.471,43.06,0.0,65.0,1
2026-07-16T10:10:00+00:00,2026-07-16,58.34,1,0,0,3.4776,50.0,25.0,65.0,1
2026-07-16T10:20:00+00:00,2026-07-16,59.29,1,0,0,7.5762,81.94,25.0,69.0,1
2026-07-16T10:30:00+00:00,2026-07-16,60.15,1,0,0,17.3963,69.44,25.0,46.0,1
2026-07-16T10:40:00+00:00,2026-07-16,60.89,1,1,0,,65.28,63.0,46.0,0
2026-07-16T10:50:00+00:00,2026-07-16,61.51,1,0,0,59.0928,66.67,63.0,37.0,1
2026-07-16T11:00:00+00:00,2026-07-16,62.0,1,0,0,65.5418,80.56,63.0,28.0,1
2026-07-16T11:10:00+00:00,2026-07-16,62.36,1,0,0,64.0241,94.44,13.0,28.0,1
2026-07-16T11:20:00+00:00,2026-07-16,62.58,1,0,0,87.2845,100.0,13.0,34.0,1
2026-07-16T11:30:00+00:00,2026-07-16,62.65,1,0,0,60.5504,95.83,13.0,41.0,1
2026-07-16T11:40:00+00:00,2026-07-16,62.57,1,0,0,64.1907,72.22,100.0,41.0,1
2026-07-16T11:50:00+00:00,2026-07-16,62.36,1,0,0,37.2678,61.11,100.0,47.0,1
2026-07-16T12:00:00+00:00,2026-07-16,62.0,1,0,1,45.3542,84.72,100.0,53.0,1
2026-07-16T12:10:00+00:00,2026-07-16,61.5,1,0,1,99.2789,87.5,75.0,53.0,1
2026-07-16T12:20:00+00:00,2026-07-16,60.88,1,0,1,98.4453,88.89,75.0,63.0,1
2026-07-16T12:30:00+00:00,2026-07-16,60.14,1,0,1,79.331,88.89,75.0,74.0,1
2026-07-16T12:40:00+00:00,2026-07-16,59.28,1,0,1,44.7581,100.0,0.0,74.0,1
2026-07-16T12:50:00+00:00,2026-07-16,58.33,1,0,1,74.9212,98.61,0.0,84.0,1
2026-07-16T13:00:00+00:00,2026-07-16,57.28,1,0,1,100.0,100.0,0.0,94.0,1
2026-07-16T13:10:00+00:00,2026-07-16,56.15,1,0,1,99.9989,100.0,88.0,94.0,1
2026-07-16T13:20:00+00:00,2026-07-16,54.95,1,0,1,99.9909,100.0,88.0,96.0,1
2026-07-16T13:30:00+00:00,2026-07-16,53.68,1,0,1,99.8699,95.83,88.0,91.0,1
2026-07-16T13:40:00+00:00,2026-07-16,52.36,1,0,1,96.5184,81.94,88.0,91.0,1
2026-07-16T13:50:00+00:00,2026-07-16,50.98,1,0,1,46.4701,93.06,88.0,86.0,1
2026-07-16T14:00:00+00:00,2026-07-16,49.56,1,1,1,,83.33,88.0,81.0,0
2026-07-16T14:10:00+00:00,2026-07-16,48.09,1,0,1,32.9577,100.0,88.0,81.0,1
2026-07-16T14:20:00+00:00,2026-07-16,46.6,1,0,1,64.6938,97.22,88.0,86.0,1
2026-07-16T14:30:00+00:00,2026-07-16,45.07,1,0,1,66.1771,100.0,88.0,91.0,1
2026-07-16T14:40:00+00:00,2026-07-16,43.52,1,0,1,97.5682,95.83,88.0,91.0,1
2026-07-16T14:50:00+00:00,2026-07-16,41.95,1,0,1,88.7686,100.0,88.0,95.0,1
2026-07-16T15:00:00+00:00,2026-07-16,40.35,1,0,1,91.5567,100.0,88.0,100.0,1
2026-07-16T15:10:00+00:00,2026-07-16,38.75,1,0,1,63.2461,56.94,38.0,100.0,1
2026-07-16T15:20:00+00:00,2026-07-16,37.13,1,0,1,29.0417,79.17,38.0,100.0,1
2026-07-16T15:30:00+00:00,2026-07-16,35.5,1,0,1,64.7491,73.61,38.0,100.0,1
2026-07-16T15:40:00+00:00,2026-07-16,33.86,1,0,1,79.7466,70.83,38.0,100.0,1
2026-07-16T15:50:00+00:00,2026-07-16,32.21,1,0,1,97.156,100.0,38.0,100.0,1
2026-07-16T16:00:00+00:00,2026-07-16,30.56,1,0,1,99.9983,100.0,38.0,100.0,1
2026-07-16T16:10:00+00:00,2026-07-16,28.92,1,0,1,100.0,100.0,25.0,100.0,1
2026-07-16T16:20:00+00:00,2026-07-16,27.27,1,0,1,99.9881,100.0,25.0,100.0,1
2026-07-16T16:30:00+00:00,2026-07-16,25.62,1,0,1,99.9971,100.0,25.0,100.0,1
2026-07-16T16:40:00+00:00,2026-07-16,23.98,1,0,1,100.0,100.0,75.0,100.0,1
2026-07-16T16:50:00+00:00,2026-07-16,22.34,1,0,1,100.0,100.0,75.0,100.0,1
2026-07-16T17:00:00+00:00,2026-07-16,20.71,1,0,1,95.8207,100.0,75.0,100.0,1
2026-07-16T17:10:00+00:00,2026-07-16,19.08,1,0,1,100.0,100.0,63.0,100.0,1
2026-07-16T17:20:00+00:00,2026-07-16,17.47,1,1,1,,100.0,63.0,100.0,0
2026-07-16T17:30:00+00:00,2026-07-16,15.87,1,0,1,99.996,100.0,63.0,100.0,1
2026-07-16T17:40:00+00:00,2026-07-16,14.28,1,0,1,99.9959,100.0,88.0,100.0,1
2026-07-16T17:50:00+00:00,2026-07-16,12.71,1,0,1,99.9988,100.0,88.0,100.0,1
2026-07-16T18:00:00+00:00,2026-07-16,11.16,1,0,1,99.9971,100.0,88.0,100.0,1
2026-07-16T18:10:00+00:00,2026-07-16,9.62,1,0,1,99.9972,100.0,100.0,100.0,1
2026-07-16T18:20:00+00:00,2026-07-16,8.11,1,0,0,99.9998,100.0,100.0,100.0,1
2026-07-16T18:30:00+00:00,2026-07-16,6.63,1,0,0,,100.0,100.0,100.0,0
2026-07-16T18:40:00+00:00,2026-07-16,5.17,1,0,0,99.9917,100.0,100.0,100.0,1
2026-07-16T18:50:00+00:00,2026-07-16,3.75,0,0,,,100.0,100.0,100.0,0
2026-07-16T19:00:00+00:00,2026-07-16,2.38,0,0,,,100.0,100.0,100.0,0
2026-07-16T19:10:00+00:00,2026-07-16,1.09,0,0,,,100.0,100.0,100.0,0
2026-07-16T19:20:00+00:00,2026-07-16,-0.09,0,0,,,100.0,100.0,100.0,0
2026-07-16T19:30:00+00:00,2026-07-16,-2.03,0,0,,,100.0,100.0,100.0,0
2026-07-16T19:40:00+00:00,2026-07-16,-3.35,0,0,,,100.0,100.0,100.0,0
2026-07-16T19:50:00+00:00,2026-07-16,-4.63,0,0,,,100.0,100.0,100.0,0
2026-07-16T20:00:00+00:00,2026-07-16,-5.88,0,0,,,95.83,100.0,100.0,0
2026-07-16T20:10:00+00:00,2026-07-16,-7.08,0,0,,,100.0,88.0,100.0,0
2026-07-16T20:20:00+00:00,2026-07-16,-8.25,0,0,,,100.0,88.0,100.0,0
2026-07-16T20:30:00+00:00,2026-07-16,-9.38,0,0,,,100.0,88.0,100.0,0
2026-07-16T20:40:00+00:00,2026-07-16,-10.46,0,0,,,95.83,88.0,100.0,0
2026-07-16T20:50:00+00:00,2026-07-16,-11.49,0,0,,,88.89,88.0,100.0,0
2026-07-16T21:00:00+00:00,2026-07-16,-12.48,0,0,,,81.94,88.0,100.0,0
2026-07-16T21:10:00+00:00,2026-07-16,-13.41,0,0,,,100.0,100.0,100.0,0
2026-07-16T21:20:00+00:00,2026-07-16,-14.3,0,0,,,100.0,100.0,100.0,0
2026-07-16T21:30:00+00:00,2026-07-16,-15.12,0,0,,,100.0,100.0,100.0,0
2026-07-16T21:40:00+00:00,2026-07-16,-15.89,0,0,,,97.22,88.0,100.0,0
2026-07-16T21:50:00+00:00,2026-07-16,-16.6,0,0,,,61.11,88.0,100.0,0
2026-07-16T22:00:00+00:00,2026-07-16,-17.25,0,0,,,12.5,88.0,100.0,0
2026-07-16T22:10:00+00:00,2026-07-16,-17.84,0,0,,,11.11,100.0,100.0,0
2026-07-16T22:20:00+00:00,2026-07-16,-18.36,0,0,,,30.56,100.0,86.0,0
2026-07-16T22:30:00+00:00,2026-07-16,-18.82,0,0,,,97.22,100.0,100.0,0
2026-07-16T22:40:00+00:00,2026-07-16,-19.2,0,0,,,100.0,88.0,100.0,0
2026-07-16T22:50:00+00:00,2026-07-16,-19.52,0,0,,,100.0,88.0,100.0,0
2026-07-16T23:00:00+00:00,2026-07-16,-19.77,0,0,,,100.0,88.0,100.0,0
2026-07-16T23:10:00+00:00,2026-07-16,-19.95,0,0,,,100.0,25.0,100.0,0
2026-07-16T23:20:00+00:00,2026-07-16,-20.06,0,0,,,100.0,25.0,100.0,0
2026-07-16T23:30:00+00:00,2026-07-16,-20.1,0,0,,,100.0,25.0,100.0,0
2026-07-16T23:40:00+00:00,2026-07-16,-20.07,0,0,,,100.0,100.0,100.0,0
2026-07-16T23:50:00+00:00,2026-07-16,-19.96,0,0,,,100.0,100.0,100.0,0
2026-07-17T00:00:00+00:00,2026-07-17,-19.78,0,0,,,100.0,100.0,100.0,0
2026-07-17T00:10:00+00:00,2026-07-17,-19.54,0,0,,,100.0,88.0,100.0,0
2026-07-17T00:20:00+00:00,2026-07-17,-19.22,0,0,,,100.0,88.0,100.0,0
2026-07-17T00:30:00+00:00,2026-07-17,-18.83,0,0,,,100.0,88.0,100.0,0
2026-07-17T00:40:00+00:00,2026-07-17,-18.38,0,0,,,100.0,100.0,100.0,0
2026-07-17T00:50:00+00:00,2026-07-17,-17.86,0,0,,,100.0,100.0,100.0,0
2026-07-17T01:00:00+00:00,2026-07-17,-17.28,0,0,,,100.0,100.0,100.0,0
2026-07-17T01:10:00+00:00,2026-07-17,-16.63,0,0,,,100.0,100.0,100.0,0
2026-07-17T01:20:00+00:00,2026-07-17,-15.93,0,0,,,100.0,100.0,100.0,0
2026-07-17T01:30:00+00:00,2026-07-17,-15.16,0,0,,,100.0,100.0,100.0,0
2026-07-17T01:40:00+00:00,2026-07-17,-14.34,0,0,,,100.0,100.0,100.0,0
2026-07-17T01:50:00+00:00,2026-07-17,-13.46,0,0,,,100.0,100.0,100.0,0
2026-07-17T02:00:00+00:00,2026-07-17,-12.52,0,0,,,100.0,100.0,100.0,0
2026-07-17T02:10:00+00:00,2026-07-17,-11.54,0,0,,,100.0,100.0,100.0,0
2026-07-17T02:20:00+00:00,2026-07-17,-10.51,0,0,,,100.0,100.0,100.0,0
2026-07-17T02:30:00+00:00,2026-07-17,-9.43,0,0,,,100.0,100.0,100.0,0
2026-07-17T02:40:00+00:00,2026-07-17,-8.31,0,0,,,100.0,100.0,100.0,0
2026-07-17T02:50:00+00:00,2026-07-17,-7.14,0,0,,,100.0,100.0,100.0,0
2026-07-17T03:00:00+00:00,2026-07-17,-5.93,0,0,,,100.0,100.0,100.0,0
2026-07-17T03:10:00+00:00,2026-07-17,-4.69,0,0,,,100.0,100.0,100.0,0
2026-07-17T03:20:00+00:00,2026-07-17,-3.41,0,0,,,100.0,100.0,100.0,0
2026-07-17T03:30:00+00:00,2026-07-17,-2.09,0,0,,,100.0,100.0,100.0,0
2026-07-17T03:40:00+00:00,2026-07-17,-0.15,0,0,,,100.0,100.0,100.0,0
2026-07-17T03:50:00+00:00,2026-07-17,1.03,0,0,,,100.0,100.0,100.0,0
2026-07-17T04:00:00+00:00,2026-07-17,2.32,0,0,,,100.0,100.0,100.0,0
2026-07-17T04:10:00+00:00,2026-07-17,3.69,0,0,,,100.0,100.0,100.0,0
2026-07-17T04:20:00+00:00,2026-07-17,5.1,1,0,0,99.8855,100.0,100.0,100.0,1
2026-07-17T04:30:00+00:00,2026-07-17,6.56,1,0,0,99.0158,100.0,100.0,100.0,1
2026-07-17T04:40:00+00:00,2026-07-17,8.04,1,0,0,96.916,100.0,100.0,100.0,1
2026-07-17T04:50:00+00:00,2026-07-17,9.55,1,0,0,76.6075,100.0,100.0,100.0,1
2026-07-17T05:00:00+00:00,2026-07-17,11.08,1,0,0,39.5542,100.0,100.0,100.0,1
2026-07-17T05:10:00+00:00,2026-07-17,12.63,1,0,0,70.7829,100.0,100.0,100.0,1
2026-07-17T05:20:00+00:00,2026-07-17,14.2,1,0,0,98.0013,100.0,100.0,100.0,1
2026-07-17T05:30:00+00:00,2026-07-17,15.79,1,0,0,99.9997,100.0,100.0,100.0,1
2026-07-17T05:40:00+00:00,2026-07-17,17.39,1,0,0,99.6611,97.22,88.0,100.0,1
2026-07-17T05:50:00+00:00,2026-07-17,19.0,1,0,0,82.1643,88.89,88.0,100.0,1
2026-07-17T06:00:00+00:00,2026-07-17,20.62,1,0,0,49.0536,93.06,88.0,100.0,1
2026-07-17T06:10:00+00:00,2026-07-17,22.25,1,0,0,95.9183,98.61,63.0,100.0,1
2026-07-17T06:20:00+00:00,2026-07-17,23.89,1,0,0,77.6778,62.5,63.0,100.0,1
2026-07-17T06:30:00+00:00,2026-07-17,25.53,1,1,0,,43.06,63.0,100.0,0
2026-07-17T06:40:00+00:00,2026-07-17,27.18,1,1,0,,27.78,88.0,100.0,0
2026-07-17T06:50:00+00:00,2026-07-17,28.82,1,0,0,5.7547,34.72,88.0,100.0,1
2026-07-17T07:00:00+00:00,2026-07-17,30.47,1,0,0,9.2301,38.89,88.0,100.0,1
2026-07-17T07:10:00+00:00,2026-07-17,32.12,1,0,0,25.7883,34.72,75.0,100.0,1
2026-07-17T07:20:00+00:00,2026-07-17,33.76,1,0,0,22.533,15.28,75.0,100.0,1
2026-07-17T07:30:00+00:00,2026-07-17,35.4,1,0,0,17.6879,8.33,75.0,100.0,1
2026-07-17T07:40:00+00:00,2026-07-17,37.02,1,0,0,7.2053,23.61,38.0,100.0,1
2026-07-17T07:50:00+00:00,2026-07-17,38.64,1,0,0,12.6921,6.94,38.0,100.0,1
2026-07-17T08:00:00+00:00,2026-07-17,40.25,1,0,0,16.082,11.11,38.0,100.0,1
2026-07-17T08:10:00+00:00,2026-07-17,41.84,1,0,0,8.9724,26.39,0.0,100.0,1
2026-07-17T08:20:00+00:00,2026-07-17,43.41,1,0,0,12.5893,40.28,0.0,96.0,1
2026-07-17T08:30:00+00:00,2026-07-17,44.96,1,0,0,13.3594,62.5,0.0,91.0,1
2026-07-17T08:40:00+00:00,2026-07-17,46.48,1,0,0,14.9867,79.17,0.0,,0
2026-07-17T08:50:00+00:00,2026-07-17,47.98,1,0,0,11.1341,98.61,0.0,87.0,1
2026-07-17T09:00:00+00:00,2026-07-17,49.43,1,0,0,23.2658,100.0,0.0,82.0,1
2026-07-17T09:10:00+00:00,2026-07-17,50.85,1,0,0,43.5389,93.06,13.0,82.0,1
2026-07-17T09:20:00+00:00,2026-07-17,52.23,1,0,0,41.6743,93.06,13.0,86.0,1
2026-07-17T09:30:00+00:00,2026-07-17,53.55,1,0,0,60.182,94.44,13.0,90.0,1
2026-07-17T09:40:00+00:00,2026-07-17,54.81,1,0,0,78.4571,94.44,75.0,90.0,1
2026-07-17T09:50:00+00:00,2026-07-17,56.01,1,0,0,77.2214,76.39,75.0,93.0,1
2026-07-17T10:00:00+00:00,2026-07-17,57.14,1,0,0,72.1129,66.67,75.0,97.0,1
2026-07-17T10:10:00+00:00,2026-07-17,58.18,1,0,0,79.2749,83.33,88.0,97.0,1
2026-07-17T10:20:00+00:00,2026-07-17,59.13,1,0,0,51.5236,,88.0,98.0,0
2026-07-17T10:30:00+00:00,2026-07-17,59.98,1,0,0,30.2215,100.0,88.0,86.0,1
2026-07-17T10:40:00+00:00,2026-07-17,60.72,1,0,0,51.8812,98.61,100.0,86.0,1
2026-07-17T10:50:00+00:00,2026-07-17,61.34,1,0,0,50.191,98.61,100.0,86.0,1
2026-07-17T11:00:00+00:00,2026-07-17,61.83,1,0,0,25.968,,100.0,85.0,0
2026-07-17T11:10:00+00:00,2026-07-17,62.19,1,0,0,65.6575,95.83,88.0,85.0,1
2026-07-17T11:20:00+00:00,2026-07-17,62.41,1,0,0,88.3368,95.83,88.0,86.0,1
2026-07-17T11:30:00+00:00,2026-07-17,62.48,1,0,0,99.1019,100.0,88.0,88.0,1
2026-07-17T11:40:00+00:00,2026-07-17,62.41,1,0,0,94.5786,97.22,88.0,88.0,1
2026-07-17T11:50:00+00:00,2026-07-17,62.19,1,0,0,97.8979,98.61,88.0,89.0,1
2026-07-17T12:00:00+00:00,2026-07-17,61.83,1,0,1,64.6064,91.67,88.0,90.0,1
2026-07-17T12:10:00+00:00,2026-07-17,61.34,1,0,1,15.1864,84.72,88.0,90.0,1
2026-07-17T12:20:00+00:00,2026-07-17,60.72,1,0,1,13.2258,83.33,88.0,92.0,1
2026-07-17T12:30:00+00:00,2026-07-17,59.98,1,0,1,7.3075,68.06,88.0,95.0,1
2026-07-17T12:40:00+00:00,2026-07-17,59.13,1,0,1,6.3276,80.56,88.0,95.0,1
2026-07-17T12:50:00+00:00,2026-07-17,58.18,1,0,1,26.6622,63.89,88.0,97.0,1
2026-07-17T13:00:00+00:00,2026-07-17,57.14,1,0,1,10.0648,61.11,88.0,99.0,1
2026-07-17T13:10:00+00:00,2026-07-17,56.02,1,0,1,36.2414,87.5,75.0,99.0,1
2026-07-17T13:20:00+00:00,2026-07-17,54.82,1,0,1,45.5282,88.89,75.0,99.0,1
2026-07-17T13:30:00+00:00,2026-07-17,53.55,1,0,1,97.2889,100.0,75.0,92.0,1
2026-07-17T13:40:00+00:00,2026-07-17,52.23,1,0,1,88.5446,100.0,0.0,92.0,1
2026-07-17T13:50:00+00:00,2026-07-17,50.86,1,0,1,99.8863,100.0,0.0,95.0,1
2026-07-17T14:00:00+00:00,2026-07-17,49.44,1,0,1,99.9949,100.0,0.0,98.0,1
2026-07-17T14:10:00+00:00,2026-07-17,47.98,1,0,1,99.9973,100.0,38.0,98.0,1
2026-07-17T14:20:00+00:00,2026-07-17,46.48,1,0,1,99.9981,100.0,38.0,94.0,1
2026-07-17T14:30:00+00:00,2026-07-17,44.96,1,0,1,99.9971,100.0,38.0,90.0,1
2026-07-17T14:40:00+00:00,2026-07-17,43.41,1,0,1,100.0,100.0,88.0,90.0,1
2026-07-17T14:50:00+00:00,2026-07-17,41.84,1,0,1,100.0,100.0,88.0,85.0,1
2026-07-17T15:00:00+00:00,2026-07-17,40.25,1,0,1,99.9996,100.0,88.0,81.0,1
2026-07-17T15:10:00+00:00,2026-07-17,38.64,1,0,1,100.0,100.0,88.0,81.0,1
2026-07-17T15:20:00+00:00,2026-07-17,37.02,1,0,1,99.9987,100.0,88.0,81.0,1
2026-07-17T15:30:00+00:00,2026-07-17,35.39,1,0,1,100.0,100.0,88.0,80.0,1
2026-07-17T15:40:00+00:00,2026-07-17,33.75,1,0,1,99.9941,97.22,100.0,80.0,1
2026-07-17T15:50:00+00:00,2026-07-17,32.11,1,0,1,98.7715,100.0,100.0,80.0,1
2026-07-17T16:00:00+00:00,2026-07-17,30.46,1,0,1,94.4738,100.0,100.0,79.0,1
2026-07-17T16:10:00+00:00,2026-07-17,28.81,1,0,1,99.5555,100.0,100.0,79.0,1
2026-07-17T16:20:00+00:00,2026-07-17,27.16,1,0,1,96.6725,100.0,100.0,84.0,1
2026-07-17T16:30:00+00:00,2026-07-17,25.51,1,0,1,99.9788,100.0,100.0,85.0,1
2026-07-17T16:40:00+00:00,2026-07-17,23.87,1,0,1,99.9824,84.72,100.0,85.0,1
2026-07-17T16:50:00+00:00,2026-07-17,22.23,1,0,1,99.8142,76.39,100.0,87.0,1
2026-07-17T17:00:00+00:00,2026-07-17,20.6,1,0,1,78.4133,59.72,100.0,89.0,1
2026-07-17T17:10:00+00:00,2026-07-17,18.98,1,0,1,57.6536,68.06,100.0,89.0,1
2026-07-17T17:20:00+00:00,2026-07-17,17.36,1,0,1,64.0943,88.89,100.0,92.0,1
2026-07-17T17:30:00+00:00,2026-07-17,15.76,1,0,1,73.941,93.06,100.0,95.0,1
2026-07-17T17:40:00+00:00,2026-07-17,14.17,1,0,1,92.7355,100.0,100.0,95.0,1
2026-07-17T17:50:00+00:00,2026-07-17,12.6,1,0,1,98.9387,100.0,100.0,97.0,1
2026-07-17T18:00:00+00:00,2026-07-17,11.05,1,0,1,90.0388,100.0,100.0,100.0,1
2026-07-17T18:10:00+00:00,2026-07-17,9.51,1,0,1,91.6066,100.0,88.0,100.0,1
2026-07-17T18:20:00+00:00,2026-07-17,8.0,1,0,0,84.8442,100.0,88.0,89.0,1
2026-07-17T18:30:00+00:00,2026-07-17,6.51,1,0,0,99.8858,100.0,88.0,78.0,1
2026-07-17T18:40:00+00:00,2026-07-17,5.05,1,0,0,98.324,100.0,100.0,78.0,1
2026-07-17T18:50:00+00:00,2026-07-17,3.64,0,0,,,100.0,100.0,67.0,0
2026-07-17T19:00:00+00:00,2026-07-17,2.27,0,0,,,100.0,100.0,56.0,0
2026-07-17T19:10:00+00:00,2026-07-17,0.98,0,0,,,100.0,100.0,56.0,0
2026-07-17T19:20:00+00:00,2026-07-17,-0.2,0,0,,,100.0,100.0,67.0,0
2026-07-17T19:30:00+00:00,2026-07-17,-2.16,0,0,,,100.0,100.0,100.0,0
2026-07-17T19:40:00+00:00,2026-07-17,-3.48,0,0,,,100.0,100.0,100.0,0
2026-07-17T19:50:00+00:00,2026-07-17,-4.76,0,0,,,100.0,100.0,100.0,0
2026-07-17T20:00:00+00:00,2026-07-17,-6.01,0,0,,,100.0,100.0,100.0,0
2026-07-17T20:10:00+00:00,2026-07-17,-7.22,0,0,,,100.0,100.0,100.0,0
2026-07-17T20:20:00+00:00,2026-07-17,-8.39,0,0,,,100.0,100.0,100.0,0
2026-07-17T20:30:00+00:00,2026-07-17,-9.52,0,0,,,100.0,100.0,100.0,0
2026-07-17T20:40:00+00:00,2026-07-17,-10.6,0,0,,,100.0,88.0,100.0,0
2026-07-17T20:50:00+00:00,2026-07-17,-11.64,0,0,,,100.0,88.0,100.0,0
2026-07-17T21:00:00+00:00,2026-07-17,-12.63,0,0,,,100.0,88.0,100.0,0
2026-07-17T21:10:00+00:00,2026-07-17,-13.56,0,0,,,100.0,88.0,100.0,0
2026-07-17T21:20:00+00:00,2026-07-17,-14.45,0,0,,,91.67,88.0,99.0,0
2026-07-17T21:30:00+00:00,2026-07-17,-15.28,0,0,,,94.44,88.0,98.0,0
2026-07-17T21:40:00+00:00,2026-07-17,-16.05,0,0,,,100.0,88.0,98.0,0
2026-07-17T21:50:00+00:00,2026-07-17,-16.76,0,0,,,86.11,88.0,97.0,0
2026-07-17T22:00:00+00:00,2026-07-17,-17.41,0,0,,,75.0,88.0,96.0,0
2026-07-17T22:10:00+00:00,2026-07-17,-18.0,0,0,,,87.5,88.0,96.0,0
2026-07-17T22:20:00+00:00,2026-07-17,-18.52,0,0,,,83.33,88.0,95.0,0
2026-07-17T22:30:00+00:00,2026-07-17,-18.98,0,0,,,65.28,88.0,80.0,0
2026-07-17T22:40:00+00:00,2026-07-17,-19.37,0,0,,,31.94,100.0,80.0,0
2026-07-17T22:50:00+00:00,2026-07-17,-19.69,0,0,,,13.89,100.0,86.0,0
2026-07-17T23:00:00+00:00,2026-07-17,-19.94,0,0,,,26.39,100.0,92.0,0
2026-07-17T23:10:00+00:00,2026-07-17,-20.12,0,0,,,36.11,100.0,92.0,0
2026-07-17T23:20:00+00:00,2026-07-17,-20.23,0,0,,,31.94,100.0,87.0,0
2026-07-17T23:30:00+00:00,2026-07-17,-20.27,0,0,,,38.89,100.0,82.0,0
2026-07-17T23:40:00+00:00,2026-07-17,-20.24,0,0,,,72.22,88.0,82.0,0
2026-07-17T23:50:00+00:00,2026-07-17,-20.13,0,0,,,61.11,88.0,76.0,0
2026-07-18T00:00:00+00:00,2026-07-18,-19.96,0,0,,,48.61,88.0,71.0,0
2026-07-18T00:10:00+00:00,2026-07-18,-19.71,0,0,,,26.39,88.0,71.0,0
2026-07-18T00:20:00+00:00,2026-07-18,-19.39,0,0,,,8.33,88.0,62.0,0
2026-07-18T00:30:00+00:00,2026-07-18,-19.01,0,0,,,34.72,88.0,53.0,0
2026-07-18T00:40:00+00:00,2026-07-18,-18.55,0,0,,,27.78,88.0,53.0,0
2026-07-18T00:50:00+00:00,2026-07-18,-18.03,0,0,,,13.89,88.0,44.0,0
2026-07-18T01:00:00+00:00,2026-07-18,-17.45,0,0,,,13.89,88.0,35.0,0
2026-07-18T01:10:00+00:00,2026-07-18,-16.8,0,0,,,0.0,38.0,35.0,0
2026-07-18T01:20:00+00:00,2026-07-18,-16.1,0,0,,,0.0,38.0,28.0,0
2026-07-18T01:30:00+00:00,2026-07-18,-15.33,0,0,,,0.0,38.0,43.0,0
2026-07-18T01:40:00+00:00,2026-07-18,-14.5,0,0,,,0.0,0.0,43.0,0
2026-07-18T01:50:00+00:00,2026-07-18,-13.62,0,0,,,0.0,0.0,49.0,0
2026-07-18T02:00:00+00:00,2026-07-18,-12.69,0,0,,,0.0,0.0,54.0,0
2026-07-18T02:10:00+00:00,2026-07-18,-11.7,0,0,,,0.0,25.0,54.0,0
2026-07-18T02:20:00+00:00,2026-07-18,-10.67,0,0,,,0.0,25.0,46.0,0
2026-07-18T02:30:00+00:00,2026-07-18,-9.59,0,0,,,4.17,25.0,38.0,0
2026-07-18T02:40:00+00:00,2026-07-18,-8.46,0,0,,,5.56,75.0,38.0,0
2026-07-18T02:50:00+00:00,2026-07-18,-7.3,0,0,,,19.44,75.0,29.0,0
2026-07-18T03:00:00+00:00,2026-07-18,-6.09,0,0,,,30.56,75.0,21.0,0
2026-07-18T03:10:00+00:00,2026-07-18,-4.84,0,0,,,41.67,38.0,21.0,0
2026-07-18T03:20:00+00:00,2026-07-18,-3.56,0,0,,,58.33,38.0,19.0,0
2026-07-18T03:30:00+00:00,2026-07-18,-2.24,0,0,,,63.89,38.0,17.0,0
2026-07-18T03:40:00+00:00,2026-07-18,-0.89,0,0,,,65.28,63.0,17.0,0
2026-07-18T03:50:00+00:00,2026-07-18,0.9,0,0,,,73.61,63.0,14.0,0
2026-07-18T04:00:00+00:00,2026-07-18,2.18,0,0,,,79.17,63.0,12.0,0
2026-07-18T04:10:00+00:00,2026-07-18,3.54,0,0,,,97.22,88.0,12.0,0
2026-07-18T04:20:00+00:00,2026-07-18,4.96,0,0,,,94.44,88.0,20.0,0
2026-07-18T04:30:00+00:00,2026-07-18,6.41,1,1,0,,95.83,88.0,15.0,0
2026-07-18T04:40:00+00:00,2026-07-18,7.9,1,0,0,79.5421,94.44,100.0,15.0,1
2026-07-18T04:50:00+00:00,2026-07-18,9.41,1,0,0,58.2539,100.0,100.0,23.0,1
2026-07-18T05:00:00+00:00,2026-07-18,10.94,1,0,0,51.4605,100.0,100.0,30.0,1
2026-07-18T05:10:00+00:00,2026-07-18,12.49,1,0,0,95.8174,100.0,88.0,30.0,1
2026-07-18T05:20:00+00:00,2026-07-18,14.07,1,0,0,74.6523,93.06,88.0,35.0,1
2026-07-18T05:30:00+00:00,2026-07-18,15.65,1,0,0,31.0302,88.89,88.0,41.0,1
2026-07-18T05:40:00+00:00,2026-07-18,17.25,1,1,0,,68.06,100.0,41.0,0
2026-07-18T05:50:00+00:00,2026-07-18,18.86,1,0,0,36.6845,70.83,100.0,46.0,1
2026-07-18T06:00:00+00:00,2026-07-18,20.48,1,1,0,,66.67,100.0,51.0,0
2026-07-18T06:10:00+00:00,2026-07-18,22.11,1,0,0,72.8512,87.5,88.0,51.0,1
2026-07-18T06:20:00+00:00,2026-07-18,23.75,1,0,0,74.3536,90.28,88.0,53.0,1
2026-07-18T06:30:00+00:00,2026-07-18,25.39,1,0,0,65.22,83.33,88.0,55.0,1
2026-07-18T06:40:00+00:00,2026-07-18,27.04,1,0,0,88.4696,50.0,63.0,55.0,1
2026-07-18T06:50:00+00:00,2026-07-18,28.69,1,0,0,66.5062,25.0,63.0,57.0,1
2026-07-18T07:00:00+00:00,2026-07-18,30.33,1,0,0,1.2688,15.28,63.0,59.0,1
2026-07-18T07:10:00+00:00,2026-07-18,31.98,1,0,0,0.0156,22.22,50.0,59.0,1
2026-07-18T07:20:00+00:00,2026-07-18,33.62,1,0,0,0.2031,26.39,50.0,60.0,1
2026-07-18T07:30:00+00:00,2026-07-18,35.26,1,0,0,2.516,30.56,50.0,53.0,1
2026-07-18T07:40:00+00:00,2026-07-18,36.89,1,0,0,4.6275,41.67,13.0,53.0,1
2026-07-18T07:50:00+00:00,2026-07-18,38.5,1,0,0,15.4127,29.17,13.0,49.0,1
2026-07-18T08:00:00+00:00,2026-07-18,40.11,1,0,0,4.9076,15.28,13.0,45.0,1
2026-07-18T08:10:00+00:00,2026-07-18,41.7,1,0,0,7.419,16.67,13.0,45.0,1
2026-07-18T08:20:00+00:00,2026-07-18,43.27,1,0,0,0.8069,16.67,13.0,54.0,1
2026-07-18T08:30:00+00:00,2026-07-18,44.82,1,0,0,2.4197,37.5,13.0,63.0,1
2026-07-18T08:40:00+00:00,2026-07-18,46.34,1,0,0,5.6307,48.61,25.0,63.0,1
2026-07-18T08:50:00+00:00,2026-07-18,47.83,1,0,0,18.2716,59.72,25.0,72.0,1
2026-07-18T09:00:00+00:00,2026-07-18,49.29,1,0,0,33.9719,75.0,25.0,81.0,1
2026-07-18T09:10:00+00:00,2026-07-18,50.7,1,0,0,47.3565,86.11,0.0,81.0,1
2026-07-18T09:20:00+00:00,2026-07-18,52.07,1,0,0,76.8316,93.06,0.0,86.0,1
2026-07-18T09:30:00+00:00,2026-07-18,53.39,1,0,0,95.9802,95.83,0.0,91.0,1
2026-07-18T09:40:00+00:00,2026-07-18,54.66,1,0,0,81.236,97.22,63.0,91.0,1
2026-07-18T09:50:00+00:00,2026-07-18,55.85,1,0,0,63.0161,97.22,63.0,95.0,1
2026-07-18T10:00:00+00:00,2026-07-18,56.97,1,0,0,94.7644,93.06,63.0,100.0,1
2026-07-18T10:10:00+00:00,2026-07-18,58.01,1,0,0,96.8574,87.5,100.0,100.0,1
2026-07-18T10:20:00+00:00,2026-07-18,58.96,1,0,0,77.2878,84.72,100.0,100.0,1
2026-07-18T10:30:00+00:00,2026-07-18,59.81,1,0,0,68.9732,80.56,100.0,84.0,1
2026-07-18T10:40:00+00:00,2026-07-18,60.55,1,0,0,98.2191,83.33,88.0,84.0,1
2026-07-18T10:50:00+00:00,2026-07-18,61.17,1,0,0,96.1023,81.94,88.0,81.0,1
2026-07-18T11:00:00+00:00,2026-07-18,61.66,1,0,0,87.4332,90.28,88.0,78.0,1
2026-07-18T11:10:00+00:00,2026-07-18,62.01,1,0,0,99.9412,97.22,88.0,78.0,1
2026-07-18T11:20:00+00:00,2026-07-18,62.23,1,0,0,78.3882,100.0,88.0,78.0,1
2026-07-18T11:30:00+00:00,2026-07-18,62.3,1,0,0,33.0325,100.0,88.0,77.0,1
2026-07-18T11:40:00+00:00,2026-07-18,62.23,1,0,0,58.0314,100.0,88.0,77.0,1
2026-07-18T11:50:00+00:00,2026-07-18,62.02,1,0,0,82.4614,90.28,88.0,77.0,1
2026-07-18T12:00:00+00:00,2026-07-18,61.67,1,0,1,66.9658,91.67,88.0,76.0,1
2026-07-18T12:10:00+00:00,2026-07-18,61.18,1,0,1,92.676,100.0,88.0,76.0,1
2026-07-18T12:20:00+00:00,2026-07-18,60.56,1,0,1,99.2742,100.0,88.0,77.0,0
2026-07-18T12:30:00+00:00,2026-07-18,59.83,1,0,1,100.0,100.0,88.0,78.0,1
2026-07-18T12:40:00+00:00,2026-07-18,58.98,1,0,1,100.0,100.0,63.0,78.0,1
2026-07-18T12:50:00+00:00,2026-07-18,58.03,1,0,1,99.9999,100.0,63.0,79.0,1
2026-07-18T13:00:00+00:00,2026-07-18,57.0,1,0,1,100.0,100.0,63.0,80.0,1
2026-07-18T13:10:00+00:00,2026-07-18,55.87,1,0,1,100.0,100.0,100.0,80.0,1
2026-07-18T13:20:00+00:00,2026-07-18,54.68,1,0,1,100.0,100.0,100.0,70.0,1
2026-07-18T13:30:00+00:00,2026-07-18,53.42,1,0,1,100.0,100.0,100.0,100.0,1
2026-07-18T13:40:00+00:00,2026-07-18,52.1,1,0,1,100.0,100.0,88.0,100.0,1
2026-07-18T13:50:00+00:00,2026-07-18,50.73,1,0,1,100.0,100.0,88.0,99.0,1
2026-07-18T14:00:00+00:00,2026-07-18,49.31,1,0,1,100.0,100.0,88.0,99.0,1
2026-07-18T14:10:00+00:00,2026-07-18,47.85,1,0,1,99.9679,100.0,88.0,99.0,1
2026-07-18T14:20:00+00:00,2026-07-18,46.36,1,0,1,99.979,100.0,88.0,99.0,1
2026-07-18T14:30:00+00:00,2026-07-18,44.84,1,0,1,99.8264,91.67,88.0,100.0,1
2026-07-18T14:40:00+00:00,2026-07-18,43.29,1,0,1,98.2646,69.44,88.0,100.0,1
2026-07-18T14:50:00+00:00,2026-07-18,41.72,1,0,1,85.3137,38.89,88.0,100.0,1
2026-07-18T15:00:00+00:00,2026-07-18,40.13,1,0,1,64.1674,43.06,88.0,100.0,1
2026-07-18T15:10:00+00:00,2026-07-18,38.52,1,0,1,39.7037,54.17,100.0,100.0,1
2026-07-18T15:20:00+00:00,2026-07-18,36.91,1,0,1,78.5344,75.0,100.0,91.0,1
2026-07-18T15:30:00+00:00,2026-07-18,35.28,1,0,1,83.2346,91.67,100.0,82.0,1
2026-07-18T15:40:00+00:00,2026-07-18,33.64,1,0,1,84.8971,83.33,88.0,82.0,1
2026-07-18T15:50:00+00:00,2026-07-18,32.0,1,0,1,93.4928,86.11,88.0,72.0,1
2026-07-18T16:00:00+00:00,2026-07-18,30.35,1,0,1,88.7896,84.72,88.0,63.0,1
2026-07-18T16:10:00+00:00,2026-07-18,28.7,1,0,1,86.9273,72.22,50.0,63.0,1
2026-07-18T16:20:00+00:00,2026-07-18,27.05,1,0,1,68.4293,65.28,50.0,72.0,1
2026-07-18T16:30:00+00:00,2026-07-18,25.4,1,0,1,90.4838,72.22,50.0,54.0,1
2026-07-18T16:40:00+00:00,2026-07-18,23.76,1,0,1,70.0904,86.11,50.0,54.0,1
2026-07-18T16:50:00+00:00,2026-07-18,22.12,1,0,1,76.4004,61.11,50.0,54.0,1
2026-07-18T17:00:00+00:00,2026-07-18,20.49,1,0,1,72.7775,40.28,50.0,53.0,1
2026-07-18T17:10:00+00:00,2026-07-18,18.86,1,0,1,49.0871,15.28,50.0,53.0,1
2026-07-18T17:20:00+00:00,2026-07-18,17.25,1,0,1,51.2954,6.94,50.0,51.0,1
2026-07-18T17:30:00+00:00,2026-07-18,15.65,1,0,1,75.1293,0.0,50.0,50.0,1
2026-07-18T17:40:00+00:00,2026-07-18,14.06,1,0,1,55.6586,0.0,0.0,50.0,1
2026-07-18T17:50:00+00:00,2026-07-18,12.48,1,0,1,53.5612,0.0,0.0,48.0,0
2026-07-18T18:00:00+00:00,2026-07-18,10.93,1,0,1,51.7525,0.0,0.0,46.0,1
2026-07-18T18:10:00+00:00,2026-07-18,9.39,1,0,1,51.5958,0.0,0.0,46.0,1
2026-07-18T18:20:00+00:00,2026-07-18,7.88,1,0,0,55.4391,,0.0,60.0,0
2026-07-18T18:30:00+00:00,2026-07-18,6.39,1,0,0,66.5062,0.0,0.0,73.0,1
2026-07-18T18:40:00+00:00,2026-07-18,4.93,0,0,,,0.0,0.0,73.0,0
2026-07-18T18:50:00+00:00,2026-07-18,3.51,0,0,,,0.0,0.0,87.0,0
2026-07-18T19:00:00+00:00,2026-07-18,2.15,0,0,,,0.0,0.0,100.0,0
2026-07-18T19:10:00+00:00,2026-07-18,0.87,0,0,,,,0.0,100.0,0
2026-07-18T19:20:00+00:00,2026-07-18,-0.94,0,0,,,,0.0,88.0,0
2026-07-18T19:30:00+00:00,2026-07-18,-2.29,0,0,,,0.0,,,0
2026-07-18T19:40:00+00:00,2026-07-18,-3.61,0,0,,,1.39,,,0
2026-07-18T19:50:00+00:00,2026-07-18,-4.9,0,0,,,0.0,0.0,64.0,0
2026-07-18T20:00:00+00:00,2026-07-18,-6.15,0,0,,,0.0,0.0,66.0,0
2026-07-18T20:10:00+00:00,2026-07-18,-7.36,0,0,,,1.39,0.0,66.0,0
2026-07-18T20:20:00+00:00,2026-07-18,-8.54,0,0,,,2.78,0.0,50.0,0
2026-07-18T20:30:00+00:00,2026-07-18,-9.67,0,0,,,0.0,0.0,33.0,0
2026-07-18T20:40:00+00:00,2026-07-18,-10.75,0,0,,,1.39,0.0,33.0,0
2026-07-18T20:50:00+00:00,2026-07-18,-11.79,0,0,,,0.0,0.0,17.0,0
2026-07-18T21:00:00+00:00,2026-07-18,-12.78,0,0,,,1.39,0.0,,0
2026-07-18T21:10:00+00:00,2026-07-18,-13.72,0,0,,,0.0,0.0,0.0,0
2026-07-18T21:20:00+00:00,2026-07-18,-14.61,0,0,,,0.0,0.0,6.0,0
2026-07-18T21:30:00+00:00,2026-07-18,-15.44,0,0,,,0.0,0.0,12.0,0
2026-07-18T21:40:00+00:00,2026-07-18,-16.21,0,0,,,1.39,0.0,12.0,0
2026-07-18T21:50:00+00:00,2026-07-18,-16.92,0,0,,,0.0,0.0,18.0,0
2026-07-18T22:00:00+00:00,2026-07-18,-17.58,0,0,,,0.0,0.0,24.0,0
2026-07-18T22:10:00+00:00,2026-07-18,-18.17,0,0,,,13.89,13.0,24.0,0
2026-07-18T22:20:00+00:00,2026-07-18,-18.69,0,0,,,9.72,13.0,33.0,0
2026-07-18T22:30:00+00:00,2026-07-18,-19.15,0,0,,,1.39,13.0,15.0,0
2026-07-18T22:40:00+00:00,2026-07-18,-19.54,0,0,,,0.0,0.0,15.0,0
2026-07-18T22:50:00+00:00,2026-07-18,-19.87,0,0,,,0.0,0.0,23.0,0
2026-07-18T23:00:00+00:00,2026-07-18,-20.12,0,0,,,0.0,0.0,30.0,0
2026-07-18T23:10:00+00:00,2026-07-18,-20.3,0,0,,,2.78,0.0,30.0,0
2026-07-18T23:20:00+00:00,2026-07-18,-20.41,0,0,,,1.39,0.0,23.0,0
2026-07-18T23:30:00+00:00,2026-07-18,-20.45,0,0,,,0.0,0.0,15.0,0
2026-07-18T23:40:00+00:00,2026-07-18,-20.42,0,0,,,0.0,0.0,15.0,0
2026-07-18T23:50:00+00:00,2026-07-18,-20.31,0,0,,,0.0,0.0,8.0,0
2026-07-19T00:00:00+00:00,2026-07-19,-20.13,0,0,,,0.0,0.0,0.0,0
2026-07-19T00:10:00+00:00,2026-07-19,-19.89,0,0,,,0.0,13.0,0.0,0
2026-07-19T00:20:00+00:00,2026-07-19,-19.57,0,0,,,11.11,13.0,0.0,0
2026-07-19T00:30:00+00:00,2026-07-19,-19.19,0,0,,,4.17,13.0,0.0,0
2026-07-19T00:40:00+00:00,2026-07-19,-18.73,0,0,,,0.0,0.0,0.0,0
2026-07-19T00:50:00+00:00,2026-07-19,-18.21,0,0,,,0.0,0.0,0.0,0
2026-07-19T01:00:00+00:00,2026-07-19,-17.63,0,0,,,0.0,0.0,0.0,0
2026-07-19T01:10:00+00:00,2026-07-19,-16.98,0,0,,,0.0,0.0,0.0,0
2026-07-19T01:20:00+00:00,2026-07-19,-16.27,0,0,,,0.0,0.0,23.0,0
2026-07-19T01:30:00+00:00,2026-07-19,-15.5,0,0,,,11.11,0.0,55.0,0
2026-07-19T01:40:00+00:00,2026-07-19,-14.67,0,0,,,37.5,0.0,55.0,0
2026-07-19T01:50:00+00:00,2026-07-19,-13.79,0,0,,,68.06,0.0,61.0,0
2026-07-19T02:00:00+00:00,2026-07-19,-12.86,0,0,,,68.06,0.0,67.0,0
2026-07-19T02:10:00+00:00,2026-07-19,-11.87,0,0,,,36.11,0.0,67.0,0
2026-07-19T02:20:00+00:00,2026-07-19,-10.84,0,0,,,20.83,0.0,75.0,0
2026-07-19T02:30:00+00:00,2026-07-19,-9.76,0,0,,,20.83,0.0,84.0,0
2026-07-19T02:40:00+00:00,2026-07-19,-8.63,0,0,,,40.28,25.0,84.0,0
2026-07-19T02:50:00+00:00,2026-07-19,-7.46,0,0,,,70.83,25.0,92.0,0
2026-07-19T03:00:00+00:00,2026-07-19,-6.25,0,0,,,98.61,25.0,100.0,0
2026-07-19T03:10:00+00:00,2026-07-19,-5.0,0,0,,,100.0,13.0,100.0,0
2026-07-19T03:20:00+00:00,2026-07-19,-3.72,0,0,,,100.0,13.0,100.0,0
2026-07-19T03:30:00+00:00,2026-07-19,-2.4,0,0,,,100.0,13.0,100.0,0
2026-07-19T03:40:00+00:00,2026-07-19,-1.05,0,0,,,100.0,50.0,100.0,0
2026-07-19T03:50:00+00:00,2026-07-19,0.77,0,0,,,100.0,50.0,100.0,0
2026-07-19T04:00:00+00:00,2026-07-19,2.04,0,0,,,100.0,50.0,100.0,0
2026-07-19T04:10:00+00:00,2026-07-19,3.4,0,0,,,100.0,100.0,100.0,0
2026-07-19T04:20:00+00:00,2026-07-19,4.81,0,0,,,100.0,100.0,100.0,0
2026-07-19T04:30:00+00:00,2026-07-19,6.27,1,0,0,,100.0,100.0,100.0,0
2026-07-19T04:40:00+00:00,2026-07-19,7.75,1,0,0,,100.0,100.0,100.0,0
2026-07-19T04:50:00+00:00,2026-07-19,9.26,1,0,0,,100.0,100.0,100.0,0
2026-07-19T05:00:00+00:00,2026-07-19,10.8,1,0,0,,100.0,100.0,100.0,0
2026-07-19T05:10:00+00:00,2026-07-19,12.35,1,0,0,100.0,100.0,88.0,100.0,1
2026-07-19T05:20:00+00:00,2026-07-19,13.92,1,0,0,100.0,100.0,88.0,100.0,1
2026-07-19T05:30:00+00:00,2026-07-19,15.51,1,0,0,,100.0,88.0,100.0,0
2026-07-19T05:40:00+00:00,2026-07-19,17.11,1,0,0,100.0,100.0,88.0,100.0,1
2026-07-19T05:50:00+00:00,2026-07-19,18.72,1,0,0,,100.0,88.0,100.0,0
2026-07-19T06:00:00+00:00,2026-07-19,20.34,1,0,0,99.9227,100.0,88.0,100.0,1
2026-07-19T06:10:00+00:00,2026-07-19,21.98,1,0,0,92.8144,100.0,88.0,100.0,1
2026-07-19T06:20:00+00:00,2026-07-19,23.61,1,0,0,99.9996,100.0,88.0,98.0,1
2026-07-19T06:30:00+00:00,2026-07-19,25.25,1,0,0,99.9992,100.0,88.0,97.0,1
2026-07-19T06:40:00+00:00,2026-07-19,26.9,1,0,0,99.981,100.0,100.0,97.0,1
2026-07-19T06:50:00+00:00,2026-07-19,28.55,1,0,0,99.9986,100.0,100.0,95.0,1
2026-07-19T07:00:00+00:00,2026-07-19,30.2,1,0,0,100.0,,100.0,93.0,0
2026-07-19T07:10:00+00:00,2026-07-19,31.84,1,0,0,99.9997,100.0,88.0,93.0,1
2026-07-19T07:20:00+00:00,2026-07-19,33.48,1,0,0,100.0,100.0,88.0,93.0,1
2026-07-19T07:30:00+00:00,2026-07-19,35.12,1,0,0,99.9172,100.0,88.0,93.0,1
2026-07-19T07:40:00+00:00,2026-07-19,36.75,1,0,0,100.0,100.0,100.0,93.0,1
2026-07-19T07:50:00+00:00,2026-07-19,38.36,1,0,0,100.0,100.0,100.0,89.0,1
2026-07-19T08:00:00+00:00,2026-07-19,39.97,1,0,0,99.9998,100.0,100.0,85.0,1
2026-07-19T08:10:00+00:00,2026-07-19,41.55,1,0,0,99.8628,100.0,88.0,85.0,1
2026-07-19T08:20:00+00:00,2026-07-19,43.12,1,0,0,99.9991,100.0,88.0,87.0,1
2026-07-19T08:30:00+00:00,2026-07-19,44.67,1,0,0,98.575,100.0,88.0,89.0,1
2026-07-19T08:40:00+00:00,2026-07-19,46.19,1,0,0,45.6798,97.22,100.0,89.0,1
2026-07-19T08:50:00+00:00,2026-07-19,47.68,1,0,0,53.6518,100.0,100.0,,0
2026-07-19T09:00:00+00:00,2026-07-19,49.13,1,0,0,78.0338,100.0,100.0,93.0,1
2026-07-19T09:10:00+00:00,2026-07-19,50.55,1,0,0,86.4648,95.83,100.0,93.0,1
2026-07-19T09:20:00+00:00,2026-07-19,51.92,1,0,0,67.6424,94.44,100.0,91.0,1
2026-07-19T09:30:00+00:00,2026-07-19,53.24,1,0,0,56.4881,91.67,100.0,89.0,1
2026-07-19T09:40:00+00:00,2026-07-19,54.49,1,0,0,71.6226,95.83,75.0,89.0,1
2026-07-19T09:50:00+00:00,2026-07-19,55.69,1,0,0,56.9367,95.83,75.0,87.0,1
2026-07-19T10:00:00+00:00,2026-07-19,56.81,1,0,0,34.3331,100.0,75.0,85.0,1
2026-07-19T10:10:00+00:00,2026-07-19,57.84,1,0,0,58.4231,97.22,88.0,85.0,1
2026-07-19T10:20:00+00:00,2026-07-19,58.79,1,0,0,71.3148,100.0,88.0,79.0,1
2026-07-19T10:30:00+00:00,2026-07-19,59.64,1,0,0,54.0016,100.0,88.0,88.0,1
2026-07-19T10:40:00+00:00,2026-07-19,60.37,1,0,0,44.9738,98.61,63.0,88.0,1
2026-07-19T10:50:00+00:00,2026-07-19,60.99,1,0,0,54.0298,95.83,63.0,93.0,1
2026-07-19T11:00:00+00:00,2026-07-19,61.48,1,0,0,33.0472,100.0,63.0,99.0,1
2026-07-19T11:10:00+00:00,2026-07-19,61.83,1,0,0,38.4773,100.0,63.0,99.0,1
2026-07-19T11:20:00+00:00,2026-07-19,62.05,1,0,0,39.0755,100.0,63.0,96.0,1
2026-07-19T11:30:00+00:00,2026-07-19,62.12,1,0,0,80.2056,100.0,63.0,93.0,1
2026-07-19T11:40:00+00:00,2026-07-19,62.05,1,0,0,60.8753,100.0,88.0,93.0,1
2026-07-19T11:50:00+00:00,2026-07-19,61.84,1,0,0,34.1016,98.61,88.0,89.0,1
2026-07-19T12:00:00+00:00,2026-07-19,61.49,1,0,0,42.1777,97.22,88.0,86.0,1
2026-07-19T12:10:00+00:00,2026-07-19,61.01,1,0,1,24.6622,91.67,25.0,86.0,1
2026-07-19T12:20:00+00:00,2026-07-19,60.39,1,0,1,41.5887,87.5,25.0,81.0,1
2026-07-19T12:30:00+00:00,2026-07-19,59.66,1,0,1,27.4042,77.78,25.0,77.0,1
2026-07-19T12:40:00+00:00,2026-07-19,58.82,1,0,1,27.0742,73.61,13.0,77.0,1
2026-07-19T12:50:00+00:00,2026-07-19,57.88,1,0,1,20.1837,68.06,13.0,72.0,1
2026-07-19T13:00:00+00:00,2026-07-19,56.84,1,0,1,25.8988,68.06,13.0,67.0,1
2026-07-19T13:10:00+00:00,2026-07-19,55.72,1,0,1,35.1237,58.33,25.0,67.0,1
2026-07-19T13:20:00+00:00,2026-07-19,54.53,1,0,1,42.9038,68.06,25.0,70.0,1
2026-07-19T13:30:00+00:00,2026-07-19,53.28,1,0,1,10.6077,61.11,25.0,64.0,1
2026-07-19T13:40:00+00:00,2026-07-19,51.96,1,0,1,16.1803,,75.0,64.0,0
2026-07-19T13:50:00+00:00,2026-07-19,50.59,1,0,1,29.8596,48.61,75.0,81.0,1
2026-07-19T14:00:00+00:00,2026-07-19,49.18,1,0,1,9.8647,50.0,75.0,99.0,1
2026-07-19T14:10:00+00:00,2026-07-19,47.72,1,0,1,11.0151,40.28,63.0,99.0,1
2026-07-19T14:20:00+00:00,2026-07-19,46.23,1,0,1,10.7718,44.44,63.0,,0
2026-07-19T14:30:00+00:00,2026-07-19,44.71,1,0,1,14.2006,36.11,63.0,93.0,1
2026-07-19T14:40:00+00:00,2026-07-19,43.17,1,0,1,4.2732,38.89,63.0,93.0,1
2026-07-19T14:50:00+00:00,2026-07-19,41.6,1,0,1,1.1038,11.11,63.0,89.0,1
2026-07-19T15:00:00+00:00,2026-07-19,40.01,1,0,1,3.3625,13.89,63.0,86.0,1
2026-07-19T15:10:00+00:00,2026-07-19,38.4,1,0,1,9.8843,19.44,50.0,86.0,1
2026-07-19T15:20:00+00:00,2026-07-19,36.79,1,0,1,0.7525,26.39,50.0,65.0,1
2026-07-19T15:30:00+00:00,2026-07-19,35.16,1,0,1,25.1731,8.33,50.0,43.0,1
2026-07-19T15:40:00+00:00,2026-07-19,33.52,1,0,1,12.79,,13.0,43.0,0
2026-07-19T15:50:00+00:00,2026-07-19,31.88,1,0,1,1.476,0.0,13.0,22.0,1
2026-07-19T16:00:00+00:00,2026-07-19,30.23,1,0,1,7.4356,5.56,13.0,0.0,1
2026-07-19T16:10:00+00:00,2026-07-19,28.58,1,0,1,7.2076,8.33,25.0,0.0,1
2026-07-19T16:20:00+00:00,2026-07-19,26.93,1,0,1,9.3476,0.0,25.0,2.0,1
2026-07-19T16:30:00+00:00,2026-07-19,25.28,1,0,1,4.354,0.0,25.0,44.0,1
2026-07-19T16:40:00+00:00,2026-07-19,23.64,1,0,1,10.2541,0.0,0.0,44.0,1
2026-07-19T16:50:00+00:00,2026-07-19,22.0,1,0,1,15.3536,0.0,0.0,22.0,1
2026-07-19T17:00:00+00:00,2026-07-19,20.37,1,0,1,29.9444,9.72,0.0,0.0,1
2026-07-19T17:10:00+00:00,2026-07-19,18.74,1,0,1,31.3859,25.0,0.0,0.0,1
2026-07-19T17:20:00+00:00,2026-07-19,17.13,1,0,1,54.617,12.5,0.0,0.0,1
2026-07-19T17:30:00+00:00,2026-07-19,15.52,1,0,1,44.2375,0.0,0.0,0.0,1
2026-07-19T17:40:00+00:00,2026-07-19,13.93,1,0,1,46.6349,16.67,13.0,0.0,1
2026-07-19T17:50:00+00:00,2026-07-19,12.36,1,0,1,54.1317,27.78,13.0,0.0,1
2026-07-19T18:00:00+00:00,2026-07-19,10.8,1,0,1,67.3357,0.0,13.0,0.0,1
2026-07-19T18:10:00+00:00,2026-07-19,9.27,1,0,1,45.7097,0.0,38.0,0.0,1
2026-07-19T18:20:00+00:00,2026-07-19,7.75,1,0,0,56.8141,2.78,38.0,25.0,1
2026-07-19T18:30:00+00:00,2026-07-19,6.26,1,0,0,75.4459,0.0,38.0,50.0,1
2026-07-19T18:40:00+00:00,2026-07-19,4.8,0,0,,,11.11,25.0,50.0,0
2026-07-19T18:50:00+00:00,2026-07-19,3.39,0,0,,,30.56,25.0,75.0,0
2026-07-19T19:00:00+00:00,2026-07-19,2.02,0,0,,,33.33,25.0,100.0,0
2026-07-19T19:10:00+00:00,2026-07-19,0.75,0,0,,,47.22,13.0,100.0,0
2026-07-19T19:20:00+00:00,2026-07-19,-1.07,0,0,,,54.17,13.0,100.0,0
2026-07-19T19:30:00+00:00,2026-07-19,-2.43,0,0,,,62.5,13.0,59.0,0
2026-07-19T19:40:00+00:00,2026-07-19,-3.75,0,0,,,30.56,88.0,59.0,0
2026-07-19T19:50:00+00:00,2026-07-19,-5.04,0,0,,,55.56,88.0,73.0,0
2026-07-19T20:00:00+00:00,2026-07-19,-6.3,0,0,,,31.94,88.0,88.0,0
2026-07-19T20:10:00+00:00,2026-07-19,-7.51,0,0,,,22.22,75.0,88.0,0
2026-07-19T20:20:00+00:00,2026-07-19,-8.69,0,0,,,79.17,75.0,91.0,0
2026-07-19T20:30:00+00:00,2026-07-19,-9.82,0,0,,,38.89,75.0,94.0,0
2026-07-19T20:40:00+00:00,2026-07-19,-10.91,0,0,,,18.06,50.0,94.0,0
2026-07-19T20:50:00+00:00,2026-07-19,-11.95,0,0,,,47.22,50.0,97.0,0
2026-07-19T21:00:00+00:00,2026-07-19,-12.94,0,0,,,68.06,50.0,100.0,0
2026-07-19T21:10:00+00:00,2026-07-19,-13.88,0,0,,,84.72,88.0,100.0,0
2026-07-19T21:20:00+00:00,2026-07-19,-14.77,0,0,,,93.06,88.0,91.0,0
2026-07-19T21:30:00+00:00,2026-07-19,-15.6,0,0,,,94.44,88.0,82.0,0
2026-07-19T21:40:00+00:00,2026-07-19,-16.38,0,0,,,72.22,88.0,82.0,0
2026-07-19T21:50:00+00:00,2026-07-19,-17.1,0,0,,,25.0,88.0,72.0,0
2026-07-19T22:00:00+00:00,2026-07-19,-17.75,0,0,,,13.89,88.0,63.0,0
2026-07-19T22:10:00+00:00,2026-07-19,-18.34,0,0,,,0.0,88.0,63.0,0
2026-07-19T22:20:00+00:00,2026-07-19,-18.87,0,0,,,0.0,88.0,47.0,0
2026-07-19T22:30:00+00:00,2026-07-19,-19.33,0,0,,,0.0,88.0,20.0,0
2026-07-19T22:40:00+00:00,2026-07-19,-19.72,0,0,,,,63.0,20.0,0
2026-07-19T22:50:00+00:00,2026-07-19,-20.05,0,0,,,0.0,63.0,10.0,0
2026-07-19T23:00:00+00:00,2026-07-19,-20.3,0,0,,,0.0,63.0,0.0,0
2026-07-19T23:10:00+00:00,2026-07-19,-20.48,0,0,,,0.0,38.0,0.0,0
2026-07-19T23:20:00+00:00,2026-07-19,-20.59,0,0,,,0.0,38.0,0.0,0
2026-07-19T23:30:00+00:00,2026-07-19,-20.63,0,0,,,0.0,38.0,0.0,0
2026-07-19T23:40:00+00:00,2026-07-19,-20.6,0,0,,,0.0,0.0,0.0,0
2026-07-19T23:50:00+00:00,2026-07-19,-20.49,0,0,,,,0.0,0.0,0
2026-07-20T00:00:00+00:00,2026-07-20,-20.32,0,0,,,0.0,0.0,0.0,0
2026-07-20T00:10:00+00:00,2026-07-20,-20.07,0,0,,,0.0,0.0,0.0,0
2026-07-20T00:20:00+00:00,2026-07-20,-19.75,0,0,,,0.0,0.0,0.0,0
2026-07-20T00:30:00+00:00,2026-07-20,-19.37,0,0,,,0.0,0.0,0.0,0
2026-07-20T00:40:00+00:00,2026-07-20,-18.91,0,0,,,0.0,0.0,0.0,0
2026-07-20T00:50:00+00:00,2026-07-20,-18.39,0,0,,,0.0,0.0,0.0,0
2026-07-20T01:00:00+00:00,2026-07-20,-17.81,0,0,,,0.0,0.0,0.0,0
2026-07-20T01:10:00+00:00,2026-07-20,-17.16,0,0,,,0.0,0.0,0.0,0
2026-07-20T01:20:00+00:00,2026-07-20,-16.45,0,0,,,2.78,0.0,0.0,0
2026-07-20T01:30:00+00:00,2026-07-20,-15.68,0,0,,,6.94,0.0,0.0,0
2026-07-20T01:40:00+00:00,2026-07-20,-14.85,0,0,,,6.94,0.0,0.0,0
2026-07-20T01:50:00+00:00,2026-07-20,-13.97,0,0,,,4.17,0.0,0.0,0
2026-07-20T02:00:00+00:00,2026-07-20,-13.03,0,0,,,2.78,0.0,0.0,0
2026-07-20T02:10:00+00:00,2026-07-20,-12.04,0,0,,,0.0,0.0,0.0,0
2026-07-20T02:20:00+00:00,2026-07-20,-11.01,0,0,,,0.0,0.0,0.0,0
2026-07-20T02:30:00+00:00,2026-07-20,-9.92,0,0,,,0.0,0.0,0.0,0
2026-07-20T02:40:00+00:00,2026-07-20,-8.8,0,0,,,0.0,0.0,0.0,0
2026-07-20T02:50:00+00:00,2026-07-20,-7.63,0,0,,,0.0,0.0,0.0,0
2026-07-20T03:00:00+00:00,2026-07-20,-6.41,0,0,,,0.0,0.0,0.0,0
2026-07-20T03:10:00+00:00,2026-07-20,-5.16,0,0,,,0.0,0.0,0.0,0
2026-07-20T03:20:00+00:00,2026-07-20,-3.88,0,0,,,0.0,0.0,0.0,0
2026-07-20T03:30:00+00:00,2026-07-20,-2.56,0,0,,,0.0,0.0,0.0,0
2026-07-20T03:40:00+00:00,2026-07-20,-1.21,0,0,,,0.0,0.0,0.0,0
2026-07-20T03:50:00+00:00,2026-07-20,0.63,0,0,,,0.0,0.0,0.0,0
2026-07-20T04:00:00+00:00,2026-07-20,1.9,0,0,,,0.0,0.0,0.0,0
2026-07-20T04:10:00+00:00,2026-07-20,3.25,0,0,,,2.78,0.0,0.0,0
2026-07-20T04:20:00+00:00,2026-07-20,4.67,0,0,,,4.17,0.0,0.0,0
2026-07-20T04:30:00+00:00,2026-07-20,6.12,1,0,0,0.0582,20.83,0.0,0.0,1
2026-07-20T04:40:00+00:00,2026-07-20,7.6,1,0,0,5.738,29.17,0.0,0.0,1
2026-07-20T04:50:00+00:00,2026-07-20,9.12,1,0,0,27.4033,20.83,0.0,0.0,1
2026-07-20T05:00:00+00:00,2026-07-20,10.65,1,0,0,20.1983,13.89,0.0,0.0,1
2026-07-20T05:10:00+00:00,2026-07-20,12.21,1,0,0,5.1528,20.83,0.0,0.0,1
2026-07-20T05:20:00+00:00,2026-07-20,13.78,1,0,0,14.1344,31.94,0.0,0.0,1
2026-07-20T05:30:00+00:00,2026-07-20,15.37,1,0,0,25.176,20.83,0.0,0.0,1
2026-07-20T05:40:00+00:00,2026-07-20,16.97,1,0,0,12.493,1.39,50.0,0.0,1
2026-07-20T05:50:00+00:00,2026-07-20,18.58,1,0,0,12.3157,0.0,50.0,0.0,1
2026-07-20T06:00:00+00:00,2026-07-20,20.2,1,0,0,1.3118,0.0,50.0,0.0,1
2026-07-20T06:10:00+00:00,2026-07-20,21.83,1,0,0,3.896,0.0,25.0,0.0,1
2026-07-20T06:20:00+00:00,2026-07-20,23.47,1,0,0,1.273,0.0,25.0,0.0,1
2026-07-20T06:30:00+00:00,2026-07-20,25.11,1,0,0,3.8783,0.0,25.0,0.0,1
2026-07-20T06:40:00+00:00,2026-07-20,26.76,1,0,0,0.1983,0.0,25.0,0.0,1
2026-07-20T06:50:00+00:00,2026-07-20,28.41,1,0,0,0.0471,0.0,25.0,0.0,1
2026-07-20T07:00:00+00:00,2026-07-20,30.05,1,0,0,0.0,0.0,25.0,0.0,1
2026-07-20T07:10:00+00:00,2026-07-20,31.7,1,0,0,0.0,0.0,13.0,0.0,1
2026-07-20T07:20:00+00:00,2026-07-20,33.34,1,0,0,0.086,0.0,13.0,0.0,1
2026-07-20T07:30:00+00:00,2026-07-20,34.98,1,0,0,3.1791,2.78,13.0,0.0,1
2026-07-20T07:40:00+00:00,2026-07-20,36.6,1,0,0,13.9093,0.0,0.0,0.0,1
2026-07-20T07:50:00+00:00,2026-07-20,38.22,1,0,0,0.4292,0.0,0.0,0.0,1
2026-07-20T08:00:00+00:00,2026-07-20,39.82,1,0,0,0.0038,0.0,0.0,0.0,1
2026-07-20T08:10:00+00:00,2026-07-20,41.41,1,0,0,0.0,0.0,25.0,0.0,1
2026-07-20T08:20:00+00:00,2026-07-20,42.98,1,0,0,0.0,0.0,25.0,0.0,1
2026-07-20T08:30:00+00:00,2026-07-20,44.52,1,0,0,0.0,0.0,25.0,0.0,1
2026-07-20T08:40:00+00:00,2026-07-20,46.04,1,0,0,0.0,0.0,0.0,0.0,1
2026-07-20T08:50:00+00:00,2026-07-20,47.53,1,0,0,0.0,0.0,0.0,0.0,1
2026-07-20T09:00:00+00:00,2026-07-20,48.98,1,0,0,0.0,0.0,0.0,0.0,1
2026-07-20T09:10:00+00:00,2026-07-20,50.39,1,0,0,0.0,2.78,0.0,0.0,1
2026-07-20T09:20:00+00:00,2026-07-20,51.76,1,0,0,0.0,6.94,0.0,0.0,1
2026-07-20T09:30:00+00:00,2026-07-20,53.07,1,0,0,0.0,12.5,0.0,0.0,1
2026-07-20T09:40:00+00:00,2026-07-20,54.33,1,0,0,2.1275,34.72,0.0,0.0,1
2026-07-20T09:50:00+00:00,2026-07-20,55.52,1,0,0,0.7983,43.06,0.0,0.0,1
2026-07-20T10:00:00+00:00,2026-07-20,56.64,1,0,0,0.7193,47.22,0.0,0.0,1
2026-07-20T10:10:00+00:00,2026-07-20,57.67,1,0,0,2.8724,38.89,0.0,0.0,1
2026-07-20T10:20:00+00:00,2026-07-20,58.61,1,0,0,6.1448,36.11,0.0,2.0,1
2026-07-20T10:30:00+00:00,2026-07-20,59.46,1,0,0,19.2653,30.56,0.0,0.0,1
2026-07-20T10:40:00+00:00,2026-07-20,60.19,1,0,0,5.6163,27.78,13.0,0.0,1
2026-07-20T10:50:00+00:00,2026-07-20,60.8,1,0,0,13.1697,25.0,13.0,0.0,1
2026-07-20T11:00:00+00:00,2026-07-20,61.29,1,0,0,9.9726,18.06,13.0,0.0,1
2026-07-20T11:10:00+00:00,2026-07-20,61.65,1,0,0,1.9486,31.94,63.0,0.0,1
2026-07-20T11:20:00+00:00,2026-07-20,61.86,1,0,0,6.9361,30.56,63.0,4.0,1
2026-07-20T11:30:00+00:00,2026-07-20,61.94,1,0,0,3.8924,31.94,63.0,8.0,1
2026-07-20T11:40:00+00:00,2026-07-20,61.87,1,0,0,5.0757,31.94,0.0,8.0,1
2026-07-20T11:50:00+00:00,2026-07-20,61.66,1,0,0,4.2765,38.89,0.0,12.0,1
2026-07-20T12:00:00+00:00,2026-07-20,61.31,1,0,0,5.1586,,0.0,16.0,0
2026-07-20T12:10:00+00:00,2026-07-20,60.83,1,0,1,7.4817,29.17,25.0,16.0,1
2026-07-20T12:20:00+00:00,2026-07-20,60.22,1,0,1,8.4039,23.61,25.0,12.0,1
2026-07-20T12:30:00+00:00,2026-07-20,59.49,1,0,1,17.2234,41.67,25.0,8.0,1
2026-07-20T12:40:00+00:00,2026-07-20,58.65,1,0,1,16.1864,33.33,0.0,8.0,1
2026-07-20T12:50:00+00:00,2026-07-20,57.71,1,0,1,11.1937,37.5,0.0,4.0,1
2026-07-20T13:00:00+00:00,2026-07-20,56.68,1,0,1,20.9179,43.06,0.0,0.0,1
2026-07-20T13:10:00+00:00,2026-07-20,55.57,1,0,1,24.9088,33.33,13.0,0.0,1
2026-07-20T13:20:00+00:00,2026-07-20,54.38,1,0,1,27.3466,37.5,13.0,0.0,1
2026-07-20T13:30:00+00:00,2026-07-20,53.13,1,0,1,53.2249,37.5,13.0,7.0,1
2026-07-20T13:40:00+00:00,2026-07-20,51.81,1,0,1,50.6504,40.28,0.0,7.0,1
2026-07-20T13:50:00+00:00,2026-07-20,50.45,1,0,1,35.3843,47.22,0.0,3.0,1
2026-07-20T14:00:00+00:00,2026-07-20,49.04,1,0,1,21.4683,26.39,0.0,0.0,1
2026-07-20T14:10:00+00:00,2026-07-20,47.59,1,0,1,10.3417,16.67,0.0,0.0,1
2026-07-20T14:20:00+00:00,2026-07-20,46.1,1,0,1,13.1889,16.67,0.0,0.0,1
2026-07-20T14:30:00+00:00,2026-07-20,44.58,1,0,1,9.6423,8.33,0.0,0.0,1
2026-07-20T14:40:00+00:00,2026-07-20,43.04,1,0,1,9.0085,8.33,13.0,0.0,1
2026-07-20T14:50:00+00:00,2026-07-20,41.47,1,0,1,8.4241,6.94,13.0,0.0,1
2026-07-20T15:00:00+00:00,2026-07-20,39.88,1,0,1,7.3204,1.39,13.0,0.0,1
2026-07-20T15:10:00+00:00,2026-07-20,38.28,1,0,1,8.9406,0.0,0.0,0.0,1
2026-07-20T15:20:00+00:00,2026-07-20,36.66,1,0,1,9.891,5.56,0.0,0.0,1
2026-07-20T15:30:00+00:00,2026-07-20,35.03,1,0,1,17.6272,0.0,0.0,0.0,1
2026-07-20T15:40:00+00:00,2026-07-20,33.4,1,0,1,5.3767,0.0,0.0,0.0,1
2026-07-20T15:50:00+00:00,2026-07-20,31.75,1,0,1,15.1525,4.17,0.0,0.0,1
2026-07-20T16:00:00+00:00,2026-07-20,30.11,1,0,1,13.0718,2.78,0.0,0.0,1
2026-07-20T16:10:00+00:00,2026-07-20,28.46,1,0,1,11.7239,0.0,0.0,0.0,1
2026-07-20T16:20:00+00:00,2026-07-20,26.81,1,0,1,18.083,0.0,0.0,0.0,1
2026-07-20T16:30:00+00:00,2026-07-20,25.16,1,0,1,13.997,0.0,0.0,0.0,1
2026-07-20T16:40:00+00:00,2026-07-20,23.52,1,0,1,12.0907,0.0,0.0,0.0,1
2026-07-20T16:50:00+00:00,2026-07-20,21.88,1,0,1,13.4362,0.0,0.0,0.0,1
2026-07-20T17:00:00+00:00,2026-07-20,20.24,1,0,1,12.4743,0.0,0.0,0.0,1
2026-07-20T17:10:00+00:00,2026-07-20,18.62,1,0,1,17.1446,0.0,13.0,0.0,1
2026-07-20T17:20:00+00:00,2026-07-20,17.0,1,0,1,23.9282,0.0,13.0,0.0,1
2026-07-20T17:30:00+00:00,2026-07-20,15.4,1,0,1,27.6332,0.0,13.0,0.0,1
2026-07-20T17:40:00+00:00,2026-07-20,13.81,1,0,1,30.6429,0.0,0.0,0.0,1
2026-07-20T17:50:00+00:00,2026-07-20,12.23,1,0,1,39.5378,0.0,0.0,0.0,1
2026-07-20T18:00:00+00:00,2026-07-20,10.67,1,0,1,29.5161,1.39,0.0,0.0,1
2026-07-20T18:10:00+00:00,2026-07-20,9.13,1,0,0,43.3318,1.39,25.0,0.0,1
2026-07-20T18:20:00+00:00,2026-07-20,7.62,1,0,0,41.5818,1.39,25.0,7.0,1
2026-07-20T18:30:00+00:00,2026-07-20,6.13,1,0,0,73.3788,22.22,25.0,15.0,1
2026-07-20T18:40:00+00:00,2026-07-20,4.67,0,0,,,26.39,13.0,15.0,0
2026-07-20T18:50:00+00:00,2026-07-20,3.25,0,0,,,4.17,13.0,22.0,0
2026-07-20T19:00:00+00:00,2026-07-20,1.89,0,0,,,6.94,13.0,29.0,0
2026-07-20T19:10:00+00:00,2026-07-20,0.62,0,0,,,33.33,63.0,29.0,0
2026-07-20T19:20:00+00:00,2026-07-20,-1.22,0,0,,,51.39,63.0,31.0,0
2026-07-20T19:30:00+00:00,2026-07-20,-2.58,0,0,,,43.06,63.0,9.0,0
2026-07-20T19:40:00+00:00,2026-07-20,-3.9,0,0,,,18.06,38.0,9.0,0
2026-07-20T19:50:00+00:00,2026-07-20,-5.2,0,0,,,1.39,38.0,13.0,0
2026-07-20T20:00:00+00:00,2026-07-20,-6.45,0,0,,,1.39,38.0,17.0,0
2026-07-20T20:10:00+00:00,2026-07-20,-7.67,0,0,,,0.0,88.0,17.0,0
2026-07-20T20:20:00+00:00,2026-07-20,-8.84,0,0,,,2.78,88.0,26.0,0
2026-07-20T20:30:00+00:00,2026-07-20,-9.98,0,0,,,6.94,88.0,35.0,0
2026-07-20T20:40:00+00:00,2026-07-20,-11.07,0,0,,,0.0,100.0,35.0,0
2026-07-20T20:50:00+00:00,2026-07-20,-12.11,0,0,,,2.78,100.0,44.0,0
2026-07-20T21:00:00+00:00,2026-07-20,-13.11,0,0,,,12.5,100.0,53.0,0
2026-07-20T21:10:00+00:00,2026-07-20,-14.05,0,0,,,8.33,25.0,53.0,0
2026-07-20T21:20:00+00:00,2026-07-20,-14.94,0,0,,,1.39,25.0,46.0,0
2026-07-20T21:30:00+00:00,2026-07-20,-15.78,0,0,,,0.0,25.0,39.0,0
2026-07-20T21:40:00+00:00,2026-07-20,-16.55,0,0,,,4.17,0.0,39.0,0
2026-07-20T21:50:00+00:00,2026-07-20,-17.27,0,0,,,6.94,0.0,31.0,0
2026-07-20T22:00:00+00:00,2026-07-20,-17.93,0,0,,,6.94,0.0,24.0,0
2026-07-20T22:10:00+00:00,2026-07-20,-18.52,0,0,,,0.0,13.0,24.0,0
2026-07-20T22:20:00+00:00,2026-07-20,-19.05,0,0,,,1.39,13.0,18.0,0
2026-07-20T22:30:00+00:00,2026-07-20,-19.51,0,0,,,5.56,13.0,19.0,0
2026-07-20T22:40:00+00:00,2026-07-20,-19.91,0,0,,,4.17,13.0,19.0,0
2026-07-20T22:50:00+00:00,2026-07-20,-20.23,0,0,,,0.0,13.0,10.0,0
2026-07-20T23:00:00+00:00,2026-07-20,-20.49,0,0,,,1.39,13.0,0.0,0
2026-07-20T23:10:00+00:00,2026-07-20,-20.67,0,0,,,,0.0,0.0,0
2026-07-20T23:20:00+00:00,2026-07-20,-20.78,0,0,,,0.0,0.0,0.0,0
2026-07-20T23:30:00+00:00,2026-07-20,-20.82,0,0,,,0.0,0.0,0.0,0
2026-07-20T23:40:00+00:00,2026-07-20,-20.79,0,0,,,0.0,0.0,0.0,0
2026-07-20T23:50:00+00:00,2026-07-20,-20.68,0,0,,,0.0,0.0,0.0,0
2026-07-21T00:00:00+00:00,2026-07-21,-20.51,0,0,,,0.0,0.0,0.0,0
2026-07-21T00:10:00+00:00,2026-07-21,-20.26,0,0,,,0.0,0.0,0.0,0
2026-07-21T00:20:00+00:00,2026-07-21,-19.94,0,0,,,0.0,0.0,13.0,0
2026-07-21T00:30:00+00:00,2026-07-21,-19.56,0,0,,,0.0,0.0,25.0,0
2026-07-21T00:40:00+00:00,2026-07-21,-19.1,0,0,,,16.67,0.0,25.0,0
2026-07-21T00:50:00+00:00,2026-07-21,-18.58,0,0,,,34.72,0.0,38.0,0
2026-07-21T01:00:00+00:00,2026-07-21,-17.99,0,0,,,34.72,0.0,50.0,0
2026-07-21T01:10:00+00:00,2026-07-21,-17.34,0,0,,,18.06,0.0,50.0,0
2026-07-21T01:20:00+00:00,2026-07-21,-16.63,0,0,,,25.0,0.0,38.0,0
2026-07-21T01:30:00+00:00,2026-07-21,-15.86,0,0,,,27.78,0.0,78.0,0
2026-07-21T01:40:00+00:00,2026-07-21,-15.03,0,0,,,15.28,0.0,78.0,0
2026-07-21T01:50:00+00:00,2026-07-21,-14.15,0,0,,,16.67,0.0,68.0,0
2026-07-21T02:00:00+00:00,2026-07-21,-13.21,0,0,,,15.28,0.0,58.0,0
2026-07-21T02:10:00+00:00,2026-07-21,-12.22,0,0,,,8.33,0.0,58.0,0
2026-07-21T02:20:00+00:00,2026-07-21,-11.18,0,0,,,5.56,0.0,67.0,0
2026-07-21T02:30:00+00:00,2026-07-21,-10.1,0,0,,,0.0,0.0,76.0,0
2026-07-21T02:40:00+00:00,2026-07-21,-8.97,0,0,,,0.0,0.0,76.0,0
2026-07-21T02:50:00+00:00,2026-07-21,-7.8,0,0,,,8.33,0.0,84.0,0
2026-07-21T03:00:00+00:00,2026-07-21,-6.58,0,0,,,5.56,0.0,93.0,0
2026-07-21T03:10:00+00:00,2026-07-21,-5.33,0,0,,,11.11,0.0,93.0,0
2026-07-21T03:20:00+00:00,2026-07-21,-4.04,0,0,,,20.83,0.0,76.0,0
2026-07-21T03:30:00+00:00,2026-07-21,-2.72,0,0,,,23.61,0.0,60.0,0
2026-07-21T03:40:00+00:00,2026-07-21,-1.37,0,0,,,18.06,0.0,60.0,0
2026-07-21T03:50:00+00:00,2026-07-21,0.49,0,0,,,11.11,0.0,43.0,0
2026-07-21T04:00:00+00:00,2026-07-21,1.75,0,0,,,18.06,0.0,26.0,0
2026-07-21T04:10:00+00:00,2026-07-21,3.1,0,0,,,18.06,0.0,26.0,0
2026-07-21T04:20:00+00:00,2026-07-21,4.51,0,0,,,16.67,0.0,35.0,0
2026-07-21T04:30:00+00:00,2026-07-21,5.97,1,0,0,2.7259,18.06,0.0,77.0,1
2026-07-21T04:40:00+00:00,2026-07-21,7.45,1,0,0,0.6294,18.06,13.0,77.0,1
2026-07-21T04:50:00+00:00,2026-07-21,8.97,1,0,0,0.3237,15.28,13.0,83.0,1
2026-07-21T05:00:00+00:00,2026-07-21,10.5,1,0,0,0.0243,38.89,13.0,,0
2026-07-21T05:10:00+00:00,2026-07-21,12.06,1,1,0,,56.94,0.0,89.0,0
2026-07-21T05:20:00+00:00,2026-07-21,13.63,1,0,0,0.0249,66.67,0.0,86.0,1
2026-07-21T05:30:00+00:00,2026-07-21,15.22,1,0,0,0.0244,47.22,0.0,82.0,1
2026-07-21T05:40:00+00:00,2026-07-21,16.82,1,0,0,0.17,41.67,0.0,82.0,1
2026-07-21T05:50:00+00:00,2026-07-21,18.43,1,0,0,0.4263,40.28,0.0,79.0,1
2026-07-21T06:00:00+00:00,2026-07-21,20.06,1,0,0,1.2806,52.78,0.0,75.0,1
2026-07-21T06:10:00+00:00,2026-07-21,21.69,1,0,0,1.6041,80.56,38.0,75.0,1
2026-07-21T06:20:00+00:00,2026-07-21,23.33,1,0,0,33.6063,73.61,38.0,60.0,1
2026-07-21T06:30:00+00:00,2026-07-21,24.97,1,0,0,6.0391,55.56,38.0,45.0,1
2026-07-21T06:40:00+00:00,2026-07-21,26.62,1,0,0,3.2396,51.39,0.0,45.0,1
2026-07-21T06:50:00+00:00,2026-07-21,28.26,1,0,0,1.7161,59.72,0.0,30.0,1
2026-07-21T07:00:00+00:00,2026-07-21,29.91,1,0,0,0.1916,70.83,0.0,15.0,1
2026-07-21T07:10:00+00:00,2026-07-21,31.56,1,0,0,0.294,69.44,25.0,15.0,1
2026-07-21T07:20:00+00:00,2026-07-21,33.2,1,0,0,0.3321,50.0,25.0,11.0,1
2026-07-21T07:30:00+00:00,2026-07-21,34.83,1,0,0,0.0123,34.72,25.0,1.0,1
2026-07-21T07:40:00+00:00,2026-07-21,36.46,1,1,0,,26.39,63.0,1.0,0
2026-07-21T07:50:00+00:00,2026-07-21,38.07,1,0,0,0.4379,36.11,63.0,0.0,1
2026-07-21T08:00:00+00:00,2026-07-21,39.67,1,0,0,1.3501,33.33,63.0,0.0,1
2026-07-21T08:10:00+00:00,2026-07-21,41.26,1,0,0,0.0071,12.5,75.0,0.0,1
2026-07-21T08:20:00+00:00,2026-07-21,42.82,1,0,0,0.0,8.33,75.0,2.0,1
2026-07-21T08:30:00+00:00,2026-07-21,44.37,1,0,0,0.2246,5.56,75.0,4.0,1
2026-07-21T08:40:00+00:00,2026-07-21,45.88,1,0,0,10.2195,8.33,0.0,4.0,1
2026-07-21T08:50:00+00:00,2026-07-21,47.37,1,0,0,14.5279,13.89,0.0,5.0,1
2026-07-21T09:00:00+00:00,2026-07-21,48.82,1,0,0,1.423,26.39,0.0,7.0,1
2026-07-21T09:10:00+00:00,2026-07-21,50.23,1,0,0,9.6393,29.17,0.0,7.0,1
2026-07-21T09:20:00+00:00,2026-07-21,51.59,1,0,0,12.5063,43.06,0.0,12.0,1
2026-07-21T09:30:00+00:00,2026-07-21,52.91,1,0,0,13.042,66.67,0.0,16.0,1
2026-07-21T09:40:00+00:00,2026-07-21,54.16,1,0,0,11.1887,87.5,0.0,16.0,1
2026-07-21T09:50:00+00:00,2026-07-21,55.35,1,0,0,31.6052,97.22,0.0,21.0,1
2026-07-21T10:00:00+00:00,2026-07-21,56.46,1,0,0,22.2931,95.83,0.0,25.0,1
2026-07-21T10:10:00+00:00,2026-07-21,57.49,1,0,0,24.6485,97.22,0.0,25.0,1
2026-07-21T10:20:00+00:00,2026-07-21,58.43,1,0,0,38.841,100.0,0.0,19.0,1
2026-07-21T10:30:00+00:00,2026-07-21,59.27,1,0,0,32.07,100.0,0.0,6.0,1
2026-07-21T10:40:00+00:00,2026-07-21,60.0,1,0,0,40.056,100.0,63.0,6.0,1
2026-07-21T10:50:00+00:00,2026-07-21,60.61,1,0,0,60.2685,100.0,63.0,3.0,1
2026-07-21T11:00:00+00:00,2026-07-21,61.1,1,0,0,31.8308,98.61,63.0,0.0,1
2026-07-21T11:10:00+00:00,2026-07-21,61.46,1,0,0,41.8788,100.0,50.0,0.0,1
2026-07-21T11:20:00+00:00,2026-07-21,61.67,1,0,0,54.7353,100.0,50.0,25.0,1
2026-07-21T11:30:00+00:00,2026-07-21,61.75,1,0,0,37.1115,97.22,50.0,50.0,1
2026-07-21T11:40:00+00:00,2026-07-21,61.68,1,0,0,25.1926,100.0,50.0,50.0,1
2026-07-21T11:50:00+00:00,2026-07-21,61.47,1,0,0,26.2181,100.0,50.0,75.0,1
2026-07-21T12:00:00+00:00,2026-07-21,61.12,1,0,0,35.408,95.83,50.0,100.0,1
2026-07-21T12:10:00+00:00,2026-07-21,60.64,1,0,1,38.0243,95.83,38.0,100.0,1
2026-07-21T12:20:00+00:00,2026-07-21,60.04,1,0,1,42.9992,94.44,38.0,99.0,1
2026-07-21T12:30:00+00:00,2026-07-21,59.31,1,0,1,43.5119,98.61,38.0,,0
2026-07-21T12:40:00+00:00,2026-07-21,58.48,1,0,1,57.6534,100.0,63.0,98.0,1
2026-07-21T12:50:00+00:00,2026-07-21,57.54,1,0,1,65.937,100.0,63.0,96.0,1
2026-07-21T13:00:00+00:00,2026-07-21,56.52,1,0,1,70.2262,100.0,63.0,95.0,1
2026-07-21T13:10:00+00:00,2026-07-21,55.41,1,0,1,79.7712,100.0,50.0,95.0,1
2026-07-21T13:20:00+00:00,2026-07-21,54.22,1,0,1,74.8312,100.0,50.0,96.0,1
2026-07-21T13:30:00+00:00,2026-07-21,52.97,1,0,1,51.6759,100.0,50.0,90.0,1
2026-07-21T13:40:00+00:00,2026-07-21,51.66,1,0,1,31.6955,95.83,63.0,90.0,1
2026-07-21T13:50:00+00:00,2026-07-21,50.3,1,0,1,33.0922,98.61,63.0,88.0,1
2026-07-21T14:00:00+00:00,2026-07-21,48.89,1,0,1,56.9325,98.61,63.0,85.0,1
2026-07-21T14:10:00+00:00,2026-07-21,47.44,1,0,1,83.6042,98.61,25.0,85.0,1
2026-07-21T14:20:00+00:00,2026-07-21,45.96,1,0,1,93.4709,95.83,25.0,89.0,1
2026-07-21T14:30:00+00:00,2026-07-21,44.44,1,0,1,87.3116,94.44,25.0,93.0,1
2026-07-21T14:40:00+00:00,2026-07-21,42.9,1,0,1,86.1216,84.72,13.0,93.0,1
2026-07-21T14:50:00+00:00,2026-07-21,41.33,1,0,1,69.0364,54.17,13.0,96.0,1
2026-07-21T15:00:00+00:00,2026-07-21,39.75,1,0,1,25.6933,37.5,13.0,100.0,1
2026-07-21T15:10:00+00:00,2026-07-21,38.15,1,0,1,27.4991,30.56,0.0,100.0,1
2026-07-21T15:20:00+00:00,2026-07-21,36.53,1,0,1,17.3495,22.22,0.0,100.0,1
2026-07-21T15:30:00+00:00,2026-07-21,34.9,1,0,1,13.5365,27.78,0.0,100.0,1
2026-07-21T15:40:00+00:00,2026-07-21,33.27,1,0,1,4.1297,30.56,0.0,100.0,1
2026-07-21T15:50:00+00:00,2026-07-21,31.63,1,0,1,21.012,37.5,0.0,100.0,1
2026-07-21T16:00:00+00:00,2026-07-21,29.98,1,0,1,26.7268,40.28,0.0,100.0,1
2026-07-21T16:10:00+00:00,2026-07-21,28.33,1,0,1,20.9143,41.67,0.0,100.0,1
2026-07-21T16:20:00+00:00,2026-07-21,26.68,1,0,1,30.3368,27.78,0.0,75.0,1
2026-07-21T16:30:00+00:00,2026-07-21,25.03,1,0,1,17.1921,41.67,0.0,67.0,1
2026-07-21T16:40:00+00:00,2026-07-21,23.39,1,0,1,24.6021,30.56,13.0,67.0,1
2026-07-21T16:50:00+00:00,2026-07-21,21.75,1,0,1,40.7198,50.0,13.0,54.0,1
2026-07-21T17:00:00+00:00,2026-07-21,20.11,1,0,1,76.9293,38.89,13.0,41.0,1
2026-07-21T17:10:00+00:00,2026-07-21,18.49,1,0,1,90.0987,37.5,50.0,41.0,1
2026-07-21T17:20:00+00:00,2026-07-21,16.87,1,0,1,77.9738,,50.0,39.0,0
2026-07-21T17:30:00+00:00,2026-07-21,15.26,1,0,1,55.7938,26.39,50.0,37.0,1
2026-07-21T17:40:00+00:00,2026-07-21,13.67,1,0,1,49.6522,22.22,38.0,37.0,1
2026-07-21T17:50:00+00:00,2026-07-21,12.1,1,0,1,63.9629,20.83,38.0,35.0,1
2026-07-21T18:00:00+00:00,2026-07-21,10.54,1,0,1,48.3735,13.89,38.0,33.0,1
2026-07-21T18:10:00+00:00,2026-07-21,9.0,1,0,0,47.5556,4.17,100.0,33.0,1
2026-07-21T18:20:00+00:00,2026-07-21,7.48,1,0,0,49.4667,0.0,100.0,25.0,1
2026-07-21T18:30:00+00:00,2026-07-21,5.99,1,0,0,61.6984,1.39,100.0,17.0,1
2026-07-21T18:40:00+00:00,2026-07-21,4.53,0,0,,,0.0,88.0,17.0,0
2026-07-21T18:50:00+00:00,2026-07-21,3.11,0,0,,,0.0,88.0,8.0,0
2026-07-21T19:00:00+00:00,2026-07-21,1.76,0,0,,,0.0,88.0,0.0,0
2026-07-21T19:10:00+00:00,2026-07-21,0.49,0,0,,,0.0,63.0,0.0,0
2026-07-21T19:20:00+00:00,2026-07-21,-1.37,0,0,,,0.0,63.0,0.0,0
2026-07-21T19:30:00+00:00,2026-07-21,-2.73,0,0,,,0.0,63.0,0.0,0
2026-07-21T19:40:00+00:00,2026-07-21,-4.06,0,0,,,0.0,0.0,0.0,0
2026-07-21T19:50:00+00:00,2026-07-21,-5.35,0,0,,,0.0,0.0,0.0,0
2026-07-21T20:00:00+00:00,2026-07-21,-6.61,0,0,,,0.0,0.0,0.0,0
2026-07-21T20:10:00+00:00,2026-07-21,-7.83,0,0,,,0.0,0.0,0.0,0
2026-07-21T20:20:00+00:00,2026-07-21,-9.01,0,0,,,0.0,0.0,0.0,0
2026-07-21T20:30:00+00:00,2026-07-21,-10.15,0,0,,,1.39,0.0,0.0,0
2026-07-21T20:40:00+00:00,2026-07-21,-11.24,0,0,,,0.0,0.0,0.0,0
2026-07-21T20:50:00+00:00,2026-07-21,-12.28,0,0,,,0.0,0.0,0.0,0
2026-07-21T21:00:00+00:00,2026-07-21,-13.28,0,0,,,0.0,0.0,0.0,0
2026-07-21T21:10:00+00:00,2026-07-21,-14.23,0,0,,,0.0,0.0,0.0,0
2026-07-21T21:20:00+00:00,2026-07-21,-15.12,0,0,,,0.0,0.0,0.0,0
2026-07-21T21:30:00+00:00,2026-07-21,-15.95,0,0,,,0.0,0.0,0.0,0
2026-07-21T21:40:00+00:00,2026-07-21,-16.73,0,0,,,0.0,0.0,0.0,0
2026-07-21T21:50:00+00:00,2026-07-21,-17.45,0,0,,,0.0,0.0,0.0,0
2026-07-21T22:00:00+00:00,2026-07-21,-18.11,0,0,,,1.39,0.0,0.0,0
2026-07-21T22:10:00+00:00,2026-07-21,-18.71,0,0,,,0.0,0.0,0.0,0
2026-07-21T22:20:00+00:00,2026-07-21,-19.24,0,0,,,0.0,0.0,0.0,0
2026-07-21T22:30:00+00:00,2026-07-21,-19.7,0,0,,,1.39,0.0,0.0,0
2026-07-21T22:40:00+00:00,2026-07-21,-20.1,0,0,,,0.0,0.0,0.0,0
2026-07-21T22:50:00+00:00,2026-07-21,-20.42,0,0,,,0.0,0.0,0.0,0
2026-07-21T23:00:00+00:00,2026-07-21,-20.68,0,0,,,0.0,0.0,0.0,0
2026-07-21T23:10:00+00:00,2026-07-21,-20.86,0,0,,,0.0,0.0,0.0,0
2026-07-21T23:20:00+00:00,2026-07-21,-20.98,0,0,,,0.0,0.0,0.0,0
2026-07-21T23:30:00+00:00,2026-07-21,-21.02,0,0,,,0.0,0.0,0.0,0
2026-07-21T23:40:00+00:00,2026-07-21,-20.98,0,0,,,0.0,0.0,0.0,0
2026-07-21T23:50:00+00:00,2026-07-21,-20.88,0,0,,,0.0,0.0,0.0,0
2026-07-22T00:00:00+00:00,2026-07-22,-20.7,0,0,,,0.0,0.0,0.0,0
2026-07-22T00:10:00+00:00,2026-07-22,-20.46,0,0,,,0.0,0.0,0.0,0
2026-07-22T00:20:00+00:00,2026-07-22,-20.14,0,0,,,0.0,0.0,0.0,0
2026-07-22T00:30:00+00:00,2026-07-22,-19.75,0,0,,,0.0,0.0,0.0,0
2026-07-22T00:40:00+00:00,2026-07-22,-19.3,0,0,,,0.0,0.0,0.0,0
2026-07-22T00:50:00+00:00,2026-07-22,-18.77,0,0,,,1.39,0.0,0.0,0
2026-07-22T01:00:00+00:00,2026-07-22,-18.19,0,0,,,0.0,0.0,0.0,0
2026-07-22T01:10:00+00:00,2026-07-22,-17.53,0,0,,,0.0,0.0,0.0,0
2026-07-22T01:20:00+00:00,2026-07-22,-16.82,0,0,,,0.0,0.0,0.0,0
2026-07-22T01:30:00+00:00,2026-07-22,-16.05,0,0,,,0.0,0.0,0.0,0
2026-07-22T01:40:00+00:00,2026-07-22,-15.22,0,0,,,0.0,0.0,0.0,0
2026-07-22T01:50:00+00:00,2026-07-22,-14.33,0,0,,,0.0,0.0,0.0,0
2026-07-22T02:00:00+00:00,2026-07-22,-13.39,0,0,,,0.0,0.0,,0
2026-07-22T02:10:00+00:00,2026-07-22,-12.4,0,0,,,0.0,0.0,0.0,0
2026-07-22T02:20:00+00:00,2026-07-22,-11.36,0,0,,,0.0,0.0,0.0,0
2026-07-22T02:30:00+00:00,2026-07-22,-10.27,0,0,,,0.0,0.0,0.0,0
2026-07-22T02:40:00+00:00,2026-07-22,-9.14,0,0,,,0.0,0.0,0.0,0
2026-07-22T02:50:00+00:00,2026-07-22,-7.97,0,0,,,0.0,0.0,0.0,0
2026-07-22T03:00:00+00:00,2026-07-22,-6.75,0,0,,,0.0,0.0,0.0,0
2026-07-22T03:10:00+00:00,2026-07-22,-5.5,0,0,,,0.0,0.0,0.0,0
2026-07-22T03:20:00+00:00,2026-07-22,-4.21,0,0,,,0.0,0.0,0.0,0
2026-07-22T03:30:00+00:00,2026-07-22,-2.89,0,0,,,0.0,0.0,0.0,0
2026-07-22T03:40:00+00:00,2026-07-22,-1.53,0,0,,,0.0,0.0,0.0,0
2026-07-22T03:50:00+00:00,2026-07-22,0.35,0,0,,,0.0,0.0,0.0,0
2026-07-22T04:00:00+00:00,2026-07-22,1.6,0,0,,,0.0,0.0,0.0,0
2026-07-22T04:10:00+00:00,2026-07-22,2.95,0,0,,,0.0,0.0,0.0,0
2026-07-22T04:20:00+00:00,2026-07-22,4.36,0,0,,,0.0,0.0,0.0,0
2026-07-22T04:30:00+00:00,2026-07-22,5.81,1,0,0,0.0,0.0,0.0,0.0,1
2026-07-22T04:40:00+00:00,2026-07-22,7.3,1,0,0,0.0,0.0,0.0,0.0,1
2026-07-22T04:50:00+00:00,2026-07-22,8.81,1,0,0,0.0,0.0,0.0,0.0,1
2026-07-22T05:00:00+00:00,2026-07-22,10.35,1,0,0,0.0,0.0,0.0,0.0,1
2026-07-22T05:10:00+00:00,2026-07-22,11.91,1,0,0,0.0,0.0,0.0,0.0,1
2026-07-22T05:20:00+00:00,2026-07-22,13.48,1,0,0,0.0,0.0,0.0,0.0,1
2026-07-22T05:30:00+00:00,2026-07-22,15.07,1,0,0,0.0,0.0,0.0,0.0,1
2026-07-22T05:40:00+00:00,2026-07-22,16.67,1,0,0,0.0,0.0,0.0,0.0,1
2026-07-22T05:50:00+00:00,2026-07-22,18.29,1,0,0,0.0,0.0,0.0,0.0,1
2026-07-22T06:00:00+00:00,2026-07-22,19.91,1,0,0,0.0,0.0,0.0,0.0,1
2026-07-22T06:10:00+00:00,2026-07-22,21.54,1,0,0,0.0,0.0,0.0,0.0,1
2026-07-22T06:20:00+00:00,2026-07-22,23.18,1,0,0,0.0,0.0,0.0,0.0,1
2026-07-22T06:30:00+00:00,2026-07-22,24.82,1,0,0,0.0,0.0,0.0,0.0,1
2026-07-22T06:40:00+00:00,2026-07-22,26.47,1,0,0,0.0,0.0,0.0,0.0,1
2026-07-22T06:50:00+00:00,2026-07-22,28.12,1,0,0,0.0,0.0,0.0,0.0,1
2026-07-22T07:00:00+00:00,2026-07-22,29.76,1,0,0,0.0,0.0,0.0,0.0,1
2026-07-22T07:10:00+00:00,2026-07-22,31.41,1,0,0,0.0,0.0,0.0,0.0,1
2026-07-22T07:20:00+00:00,2026-07-22,33.05,1,0,0,0.0,0.0,0.0,0.0,1
2026-07-22T07:30:00+00:00,2026-07-22,34.68,1,1,0,,0.0,0.0,0.0,0
2026-07-22T07:40:00+00:00,2026-07-22,36.31,1,0,0,0.0,0.0,0.0,0.0,1
2026-07-22T07:50:00+00:00,2026-07-22,37.92,1,0,0,0.0,0.0,0.0,0.0,1
2026-07-22T08:00:00+00:00,2026-07-22,39.52,1,0,0,0.0,0.0,0.0,0.0,1
2026-07-22T08:10:00+00:00,2026-07-22,41.11,1,0,0,0.0,0.0,0.0,0.0,1
2026-07-22T08:20:00+00:00,2026-07-22,42.67,1,0,0,0.0,0.0,0.0,0.0,1
2026-07-22T08:30:00+00:00,2026-07-22,44.21,1,0,0,0.0,0.0,0.0,0.0,1
2026-07-22T08:40:00+00:00,2026-07-22,45.73,1,0,0,0.0003,12.5,0.0,0.0,1
2026-07-22T08:50:00+00:00,2026-07-22,47.21,1,0,0,0.0127,25.0,0.0,0.0,1
2026-07-22T09:00:00+00:00,2026-07-22,48.66,1,0,0,0.3703,18.06,0.0,0.0,1
2026-07-22T09:10:00+00:00,2026-07-22,50.07,1,0,0,0.8684,6.94,0.0,0.0,1
2026-07-22T09:20:00+00:00,2026-07-22,51.43,1,0,0,0.4881,13.89,0.0,0.0,1
2026-07-22T09:30:00+00:00,2026-07-22,52.74,1,0,0,0.6166,5.56,0.0,0.0,1
2026-07-22T09:40:00+00:00,2026-07-22,53.99,1,0,0,0.2578,0.0,25.0,0.0,1
2026-07-22T09:50:00+00:00,2026-07-22,55.17,1,0,0,0.9463,0.0,25.0,0.0,1
2026-07-22T10:00:00+00:00,2026-07-22,56.28,1,0,0,1.6458,2.78,25.0,0.0,1
2026-07-22T10:10:00+00:00,2026-07-22,57.31,1,0,0,12.034,4.17,13.0,0.0,1
2026-07-22T10:20:00+00:00,2026-07-22,58.25,1,0,0,25.893,2.78,13.0,18.0,1
2026-07-22T10:30:00+00:00,2026-07-22,59.08,1,0,0,31.4397,5.56,13.0,25.0,1
2026-07-22T10:40:00+00:00,2026-07-22,59.81,1,0,0,28.0735,12.5,0.0,25.0,1
2026-07-22T10:50:00+00:00,2026-07-22,60.42,1,0,0,35.6654,23.61,0.0,37.0,1
2026-07-22T11:00:00+00:00,2026-07-22,60.91,1,0,0,46.4029,9.72,0.0,49.0,1
2026-07-22T11:10:00+00:00,2026-07-22,61.26,1,0,0,49.6394,8.33,0.0,49.0,1
2026-07-22T11:20:00+00:00,2026-07-22,61.47,1,0,0,48.8487,23.61,0.0,52.0,1
2026-07-22T11:30:00+00:00,2026-07-22,61.55,1,0,0,53.2635,18.06,0.0,55.0,1
2026-07-22T11:40:00+00:00,2026-07-22,61.48,1,0,0,52.1291,31.94,0.0,55.0,1
2026-07-22T11:50:00+00:00,2026-07-22,61.28,1,0,0,50.7029,33.33,0.0,57.0,1
2026-07-22T12:00:00+00:00,2026-07-22,60.93,1,0,0,58.5792,55.56,0.0,60.0,1
2026-07-22T12:10:00+00:00,2026-07-22,60.45,1,0,1,61.0663,30.56,25.0,60.0,1
2026-07-22T12:20:00+00:00,2026-07-22,59.85,1,0,1,69.8676,58.33,25.0,46.0,1
2026-07-22T12:30:00+00:00,2026-07-22,59.13,1,1,1,,55.56,25.0,31.0,0
2026-07-22T12:40:00+00:00,2026-07-22,58.3,1,0,1,64.4629,31.94,38.0,31.0,1
2026-07-22T12:50:00+00:00,2026-07-22,57.37,1,0,1,55.1053,34.72,38.0,17.0,1
2026-07-22T13:00:00+00:00,2026-07-22,56.35,1,0,1,35.8515,33.33,38.0,2.0,1
2026-07-22T13:10:00+00:00,2026-07-22,55.24,1,0,1,40.016,54.17,38.0,2.0,1
2026-07-22T13:20:00+00:00,2026-07-22,54.06,1,0,1,50.7413,56.94,38.0,16.0,1
2026-07-22T13:30:00+00:00,2026-07-22,52.81,1,0,1,45.1809,27.78,38.0,89.0,1
2026-07-22T13:40:00+00:00,2026-07-22,51.51,1,0,1,53.638,51.39,25.0,89.0,1
2026-07-22T13:50:00+00:00,2026-07-22,50.15,1,0,1,91.8161,61.11,25.0,84.0,1
2026-07-22T14:00:00+00:00,2026-07-22,48.74,1,0,1,85.9348,72.22,25.0,78.0,1
2026-07-22T14:10:00+00:00,2026-07-22,47.29,1,0,1,88.5255,65.28,50.0,78.0,1
2026-07-22T14:20:00+00:00,2026-07-22,45.81,1,0,1,68.0103,30.56,50.0,70.0,1
2026-07-22T14:30:00+00:00,2026-07-22,44.3,1,0,1,20.0595,34.72,50.0,63.0,1
2026-07-22T14:40:00+00:00,2026-07-22,42.76,1,0,1,31.6466,66.67,75.0,63.0,1
2026-07-22T14:50:00+00:00,2026-07-22,41.19,1,0,1,60.6549,69.44,75.0,55.0,1
2026-07-22T15:00:00+00:00,2026-07-22,39.61,1,0,1,61.9925,70.83,75.0,47.0,1
2026-07-22T15:10:00+00:00,2026-07-22,38.01,1,0,1,41.6559,48.61,100.0,47.0,1
2026-07-22T15:20:00+00:00,2026-07-22,36.39,1,0,1,21.0688,27.78,100.0,35.0,1
2026-07-22T15:30:00+00:00,2026-07-22,34.77,1,0,1,16.3138,13.89,100.0,24.0,1
2026-07-22T15:40:00+00:00,2026-07-22,33.13,1,0,1,6.346,5.56,88.0,24.0,1
2026-07-22T15:50:00+00:00,2026-07-22,31.49,1,0,1,39.3166,15.28,88.0,12.0,1
2026-07-22T16:00:00+00:00,2026-07-22,29.84,1,0,1,27.8899,0.0,88.0,0.0,1
2026-07-22T16:10:00+00:00,2026-07-22,28.2,1,0,1,32.2266,25.0,88.0,0.0,1
2026-07-22T16:20:00+00:00,2026-07-22,26.55,1,0,1,28.7436,26.39,88.0,21.0,1
2026-07-22T16:30:00+00:00,2026-07-22,24.9,1,0,1,57.8724,44.44,88.0,49.0,1
2026-07-22T16:40:00+00:00,2026-07-22,23.25,1,0,1,36.3005,31.94,88.0,49.0,1
2026-07-22T16:50:00+00:00,2026-07-22,21.61,1,0,1,33.4012,26.39,88.0,65.0,1
2026-07-22T17:00:00+00:00,2026-07-22,19.98,1,0,1,75.6587,,88.0,81.0,0
2026-07-22T17:10:00+00:00,2026-07-22,18.35,1,0,1,44.0504,30.56,100.0,81.0,1
2026-07-22T17:20:00+00:00,2026-07-22,16.73,1,0,1,63.0376,51.39,100.0,84.0,1
2026-07-22T17:30:00+00:00,2026-07-22,15.13,1,0,1,50.4985,20.83,100.0,87.0,1
2026-07-22T17:40:00+00:00,2026-07-22,13.53,1,0,1,39.8632,13.89,100.0,87.0,1
2026-07-22T17:50:00+00:00,2026-07-22,11.96,1,0,1,48.3239,44.44,100.0,90.0,1
2026-07-22T18:00:00+00:00,2026-07-22,10.4,1,0,1,46.6555,52.78,100.0,93.0,1
2026-07-22T18:10:00+00:00,2026-07-22,8.86,1,0,0,65.2484,76.39,100.0,93.0,1
2026-07-22T18:20:00+00:00,2026-07-22,7.34,1,0,0,77.8422,84.72,100.0,95.0,1
2026-07-22T18:30:00+00:00,2026-07-22,5.85,1,0,0,89.9777,93.06,100.0,97.0,1
2026-07-22T18:40:00+00:00,2026-07-22,4.39,0,0,,,58.33,100.0,97.0,0
2026-07-22T18:50:00+00:00,2026-07-22,2.97,0,0,,,52.78,100.0,98.0,0
2026-07-22T19:00:00+00:00,2026-07-22,1.62,0,0,,,81.94,100.0,100.0,0
2026-07-22T19:10:00+00:00,2026-07-22,0.36,0,0,,,100.0,63.0,100.0,0
2026-07-22T19:20:00+00:00,2026-07-22,-1.53,0,0,,,98.61,63.0,99.0,0
2026-07-22T19:30:00+00:00,2026-07-22,-2.89,0,0,,,95.83,63.0,59.0,0
2026-07-22T19:40:00+00:00,2026-07-22,-4.22,0,0,,,100.0,100.0,59.0,0
2026-07-22T19:50:00+00:00,2026-07-22,-5.51,0,0,,,100.0,100.0,52.0,0
2026-07-22T20:00:00+00:00,2026-07-22,-6.77,0,0,,,100.0,100.0,45.0,0
2026-07-22T20:10:00+00:00,2026-07-22,-8.0,0,0,,,100.0,100.0,45.0,0
2026-07-22T20:20:00+00:00,2026-07-22,-9.18,0,0,,,100.0,100.0,59.0,0
2026-07-22T20:30:00+00:00,2026-07-22,-10.32,0,0,,,100.0,100.0,73.0,0
2026-07-22T20:40:00+00:00,2026-07-22,-11.41,0,0,,,100.0,88.0,73.0,0
2026-07-22T20:50:00+00:00,2026-07-22,-12.46,0,0,,,100.0,88.0,86.0,0
2026-07-22T21:00:00+00:00,2026-07-22,-13.46,0,0,,,100.0,88.0,100.0,0
2026-07-22T21:10:00+00:00,2026-07-22,-14.41,0,0,,,100.0,100.0,100.0,0
2026-07-22T21:20:00+00:00,2026-07-22,-15.3,0,0,,,100.0,100.0,100.0,0
2026-07-22T21:30:00+00:00,2026-07-22,-16.14,0,0,,,100.0,100.0,100.0,0
2026-07-22T21:40:00+00:00,2026-07-22,-16.92,0,0,,,100.0,100.0,100.0,0
2026-07-22T21:50:00+00:00,2026-07-22,-17.64,0,0,,,100.0,100.0,100.0,0
2026-07-22T22:00:00+00:00,2026-07-22,-18.3,0,0,,,100.0,100.0,100.0,0
2026-07-22T22:10:00+00:00,2026-07-22,-18.9,0,0,,,100.0,100.0,100.0,0
2026-07-22T22:20:00+00:00,2026-07-22,-19.43,0,0,,,100.0,100.0,88.0,0
2026-07-22T22:30:00+00:00,2026-07-22,-19.9,0,0,,,100.0,100.0,89.0,0
2026-07-22T22:40:00+00:00,2026-07-22,-20.29,0,0,,,100.0,100.0,89.0,0
2026-07-22T22:50:00+00:00,2026-07-22,-20.62,0,0,,,100.0,100.0,83.0,0
2026-07-22T23:00:00+00:00,2026-07-22,-20.88,0,0,,,100.0,100.0,77.0,0
2026-07-22T23:10:00+00:00,2026-07-22,-21.06,0,0,,,79.17,100.0,77.0,0
2026-07-22T23:20:00+00:00,2026-07-22,-21.18,0,0,,,79.17,100.0,66.0,0
2026-07-22T23:30:00+00:00,2026-07-22,-21.22,0,0,,,44.44,100.0,56.0,0
2026-07-22T23:40:00+00:00,2026-07-22,-21.18,0,0,,,48.61,100.0,56.0,0
2026-07-22T23:50:00+00:00,2026-07-22,-21.08,0,0,,,45.83,100.0,45.0,0
2026-07-23T00:00:00+00:00,2026-07-23,-20.9,0,0,,,56.94,100.0,34.0,0
2026-07-23T00:10:00+00:00,2026-07-23,-20.66,0,0,,,75.0,100.0,34.0,0
2026-07-23T00:20:00+00:00,2026-07-23,-20.34,0,0,,,38.89,100.0,39.0,0
2026-07-23T00:30:00+00:00,2026-07-23,-19.95,0,0,,,54.17,100.0,44.0,0
2026-07-23T00:40:00+00:00,2026-07-23,-19.49,0,0,,,34.72,88.0,44.0,0
2026-07-23T00:50:00+00:00,2026-07-23,-18.97,0,0,,,79.17,88.0,48.0,0
2026-07-23T01:00:00+00:00,2026-07-23,-18.38,0,0,,,87.5,88.0,53.0,0
2026-07-23T01:10:00+00:00,2026-07-23,-17.73,0,0,,,83.33,88.0,53.0,0
2026-07-23T01:20:00+00:00,2026-07-23,-17.01,0,0,,,84.72,88.0,60.0,0
2026-07-23T01:30:00+00:00,2026-07-23,-16.24,0,0,,,68.06,88.0,70.0,0
2026-07-23T01:40:00+00:00,2026-07-23,-15.41,0,0,,,75.0,88.0,70.0,0
2026-07-23T01:50:00+00:00,2026-07-23,-14.52,0,0,,,58.33,88.0,73.0,0
2026-07-23T02:00:00+00:00,2026-07-23,-13.58,0,0,,,43.06,88.0,76.0,0
2026-07-23T02:10:00+00:00,2026-07-23,-12.59,0,0,,,56.94,88.0,76.0,0
2026-07-23T02:20:00+00:00,2026-07-23,-11.54,0,0,,,69.44,88.0,80.0,0
2026-07-23T02:30:00+00:00,2026-07-23,-10.46,0,0,,,44.44,88.0,84.0,0
2026-07-23T02:40:00+00:00,2026-07-23,-9.32,0,0,,,41.67,88.0,84.0,0
2026-07-23T02:50:00+00:00,2026-07-23,-8.15,0,0,,,31.94,88.0,88.0,0
2026-07-23T03:00:00+00:00,2026-07-23,-6.93,0,0,,,52.78,88.0,92.0,0
2026-07-23T03:10:00+00:00,2026-07-23,-5.67,0,0,,,62.5,88.0,92.0,0
2026-07-23T03:20:00+00:00,2026-07-23,-4.38,0,0,,,55.56,88.0,78.0,0
2026-07-23T03:30:00+00:00,2026-07-23,-3.06,0,0,,,62.5,88.0,64.0,0
2026-07-23T03:40:00+00:00,2026-07-23,-1.7,0,0,,,72.22,88.0,64.0,0
2026-07-23T03:50:00+00:00,2026-07-23,0.21,0,0,,,51.39,88.0,50.0,0
2026-07-23T04:00:00+00:00,2026-07-23,1.45,0,0,,,38.89,88.0,36.0,0
2026-07-23T04:10:00+00:00,2026-07-23,2.8,0,0,,,0.0,25.0,36.0,0
2026-07-23T04:20:00+00:00,2026-07-23,4.2,0,0,,,38.89,25.0,43.0,0
2026-07-23T04:30:00+00:00,2026-07-23,5.66,1,0,0,5.953,51.39,25.0,54.0,1
2026-07-23T04:40:00+00:00,2026-07-23,7.14,1,0,0,25.8346,55.56,0.0,54.0,1
2026-07-23T04:50:00+00:00,2026-07-23,8.66,1,0,0,50.7729,41.67,0.0,56.0,1
2026-07-23T05:00:00+00:00,2026-07-23,10.2,1,0,0,46.1355,22.22,0.0,57.0,1
2026-07-23T05:10:00+00:00,2026-07-23,11.75,1,0,0,15.6571,15.28,0.0,57.0,1
2026-07-23T05:20:00+00:00,2026-07-23,13.33,1,0,0,0.7925,18.06,0.0,47.0,1
2026-07-23T05:30:00+00:00,2026-07-23,14.92,1,0,0,30.1754,11.11,0.0,37.0,1
2026-07-23T05:40:00+00:00,2026-07-23,16.52,1,0,0,8.8317,15.28,88.0,37.0,1
2026-07-23T05:50:00+00:00,2026-07-23,18.14,1,0,0,10.4259,12.5,88.0,26.0,1
2026-07-23T06:00:00+00:00,2026-07-23,19.76,1,0,0,6.2481,4.17,88.0,16.0,1
2026-07-23T06:10:00+00:00,2026-07-23,21.39,1,0,0,5.228,16.67,50.0,16.0,1
2026-07-23T06:20:00+00:00,2026-07-23,23.03,1,0,0,4.6958,43.06,50.0,25.0,1
2026-07-23T06:30:00+00:00,2026-07-23,24.67,1,0,0,5.7265,40.28,50.0,33.0,1
2026-07-23T06:40:00+00:00,2026-07-23,26.32,1,0,0,12.6434,33.33,88.0,33.0,1
2026-07-23T06:50:00+00:00,2026-07-23,27.97,1,0,0,50.1254,30.56,88.0,42.0,1
2026-07-23T07:00:00+00:00,2026-07-23,29.61,1,0,0,34.2822,27.78,88.0,50.0,1
2026-07-23T07:10:00+00:00,2026-07-23,31.26,1,1,0,,48.61,63.0,50.0,0
2026-07-23T07:20:00+00:00,2026-07-23,32.9,1,0,0,41.1677,55.56,63.0,56.0,1
2026-07-23T07:30:00+00:00,2026-07-23,34.53,1,0,0,38.4876,68.06,63.0,61.0,1
2026-07-23T07:40:00+00:00,2026-07-23,36.16,1,0,0,64.4563,72.22,50.0,61.0,1
2026-07-23T07:50:00+00:00,2026-07-23,37.77,1,0,0,70.0028,86.11,50.0,66.0,1
2026-07-23T08:00:00+00:00,2026-07-23,39.37,1,0,0,54.9364,91.67,50.0,70.0,1
2026-07-23T08:10:00+00:00,2026-07-23,40.95,1,0,0,69.9813,94.44,88.0,70.0,1
2026-07-23T08:20:00+00:00,2026-07-23,42.51,1,0,0,42.2551,98.61,88.0,67.0,1
2026-07-23T08:30:00+00:00,2026-07-23,44.05,1,0,0,67.9195,98.61,88.0,63.0,1
2026-07-23T08:40:00+00:00,2026-07-23,45.57,1,0,0,54.1294,97.22,75.0,63.0,1
2026-07-23T08:50:00+00:00,2026-07-23,47.05,1,0,0,83.2013,98.61,75.0,60.0,1
2026-07-23T09:00:00+00:00,2026-07-23,48.49,1,0,0,59.0802,100.0,75.0,56.0,1
2026-07-23T09:10:00+00:00,2026-07-23,49.9,1,0,0,77.4911,98.61,88.0,56.0,1
2026-07-23T09:20:00+00:00,2026-07-23,51.26,1,0,0,59.9726,97.22,88.0,55.0,1
2026-07-23T09:30:00+00:00,2026-07-23,52.56,1,0,0,30.692,98.61,88.0,55.0,1
2026-07-23T09:40:00+00:00,2026-07-23,53.81,1,0,0,36.3376,100.0,88.0,55.0,1
2026-07-23T09:50:00+00:00,2026-07-23,54.99,1,0,0,47.5259,98.61,88.0,54.0,1
2026-07-23T10:00:00+00:00,2026-07-23,56.1,1,0,0,20.4138,98.61,88.0,53.0,1
2026-07-23T10:10:00+00:00,2026-07-23,57.12,1,1,0,,90.28,88.0,53.0,0
2026-07-23T10:20:00+00:00,2026-07-23,58.05,1,0,0,14.5958,91.67,88.0,43.0,1
2026-07-23T10:30:00+00:00,2026-07-23,58.89,1,0,0,22.3493,72.22,88.0,55.0,1
2026-07-23T10:40:00+00:00,2026-07-23,59.61,1,0,0,27.5796,62.5,88.0,55.0,1
2026-07-23T10:50:00+00:00,2026-07-23,60.22,1,0,0,14.2866,45.83,88.0,53.0,1
2026-07-23T11:00:00+00:00,2026-07-23,60.7,1,0,0,19.7722,34.72,88.0,50.0,1
2026-07-23T11:10:00+00:00,2026-07-23,61.06,1,0,0,9.6877,12.5,63.0,50.0,1
2026-07-23T11:20:00+00:00,2026-07-23,61.27,1,0,0,1.8967,6.94,63.0,47.0,1
2026-07-23T11:30:00+00:00,2026-07-23,61.35,1,0,0,7.0217,1.39,63.0,44.0,1
2026-07-23T11:40:00+00:00,2026-07-23,61.28,1,0,0,2.4528,2.78,25.0,44.0,1
2026-07-23T11:50:00+00:00,2026-07-23,61.07,1,0,0,1.0697,0.0,25.0,41.0,1
2026-07-23T12:00:00+00:00,2026-07-23,60.73,1,0,0,2.8064,0.0,25.0,38.0,1
2026-07-23T12:10:00+00:00,2026-07-23,60.26,1,0,1,1.0402,,13.0,38.0,0
2026-07-23T12:20:00+00:00,2026-07-23,59.66,1,0,1,0.1381,0.0,13.0,38.0,1
2026-07-23T12:30:00+00:00,2026-07-23,58.94,1,0,1,0.1689,0.0,13.0,38.0,1
2026-07-23T12:40:00+00:00,2026-07-23,58.11,1,0,1,0.1657,0.0,0.0,38.0,1
2026-07-23T12:50:00+00:00,2026-07-23,57.19,1,0,1,0.1317,0.0,0.0,38.0,1
2026-07-23T13:00:00+00:00,2026-07-23,56.17,1,0,1,0.2731,0.0,0.0,38.0,1
2026-07-23T13:10:00+00:00,2026-07-23,55.07,1,0,1,0.1007,0.0,13.0,38.0,1
2026-07-23T13:20:00+00:00,2026-07-23,53.89,1,0,1,0.0742,0.0,13.0,42.0,1
2026-07-23T13:30:00+00:00,2026-07-23,52.65,1,0,1,0.076,0.0,13.0,7.0,1
2026-07-23T13:40:00+00:00,2026-07-23,51.34,1,0,1,0.1029,0.0,0.0,7.0,1
2026-07-23T13:50:00+00:00,2026-07-23,49.99,1,0,1,0.0956,0.0,0.0,11.0,1
2026-07-23T14:00:00+00:00,2026-07-23,48.58,1,0,1,0.0817,0.0,0.0,14.0,1
2026-07-23T14:10:00+00:00,2026-07-23,47.14,1,0,1,0.2658,0.0,0.0,14.0,1
2026-07-23T14:20:00+00:00,2026-07-23,45.66,1,0,1,0.2049,0.0,0.0,11.0,1
2026-07-23T14:30:00+00:00,2026-07-23,44.15,1,0,1,0.2093,0.0,0.0,9.0,1
2026-07-23T14:40:00+00:00,2026-07-23,42.61,1,0,1,0.2747,0.0,0.0,9.0,1
2026-07-23T14:50:00+00:00,2026-07-23,41.05,1,0,1,0.3788,0.0,0.0,6.0,1
2026-07-23T15:00:00+00:00,2026-07-23,39.46,1,0,1,0.44,0.0,0.0,3.0,1
2026-07-23T15:10:00+00:00,2026-07-23,37.86,1,0,1,1.0304,0.0,0.0,3.0,1
2026-07-23T15:20:00+00:00,2026-07-23,36.25,1,0,1,0.5322,0.0,0.0,2.0,1
2026-07-23T15:30:00+00:00,2026-07-23,34.63,1,0,1,0.3814,0.0,0.0,2.0,1
2026-07-23T15:40:00+00:00,2026-07-23,32.99,1,0,1,0.2481,0.0,0.0,2.0,1
2026-07-23T15:50:00+00:00,2026-07-23,31.35,1,0,1,0.5034,0.0,0.0,1.0,1
2026-07-23T16:00:00+00:00,2026-07-23,29.7,1,0,1,0.4209,0.0,0.0,0.0,1
2026-07-23T16:10:00+00:00,2026-07-23,28.06,1,0,1,0.6059,0.0,0.0,0.0,1
2026-07-23T16:20:00+00:00,2026-07-23,26.41,1,0,1,0.6614,0.0,0.0,14.0,1
2026-07-23T16:30:00+00:00,2026-07-23,24.76,1,0,1,0.5856,0.0,0.0,50.0,1
2026-07-23T16:40:00+00:00,2026-07-23,23.11,1,0,1,1.7445,0.0,0.0,50.0,1
2026-07-23T16:50:00+00:00,2026-07-23,21.47,1,0,1,1.1999,0.0,0.0,75.0,1
2026-07-23T17:00:00+00:00,2026-07-23,19.83,1,0,1,2.0046,0.0,0.0,100.0,1
2026-07-23T17:10:00+00:00,2026-07-23,18.21,1,0,1,3.3,0.0,0.0,100.0,1
2026-07-23T17:20:00+00:00,2026-07-23,16.59,1,0,1,6.8671,0.0,0.0,88.0,1
2026-07-23T17:30:00+00:00,2026-07-23,14.98,1,0,1,9.955,0.0,0.0,75.0,1
2026-07-23T17:40:00+00:00,2026-07-23,13.39,1,0,1,15.5759,0.0,0.0,75.0,1
2026-07-23T17:50:00+00:00,2026-07-23,11.81,1,0,1,28.27,0.0,0.0,63.0,1
2026-07-23T18:00:00+00:00,2026-07-23,10.25,1,0,1,33.0703,0.0,0.0,50.0,1
2026-07-23T18:10:00+00:00,2026-07-23,8.71,1,0,0,40.8891,0.0,0.0,50.0,1
2026-07-23T18:20:00+00:00,2026-07-23,7.19,1,0,0,51.3741,0.0,0.0,38.0,1
2026-07-23T18:30:00+00:00,2026-07-23,5.7,1,0,0,54.8058,0.0,0.0,25.0,1
2026-07-23T18:40:00+00:00,2026-07-23,4.24,0,0,,,0.0,63.0,25.0,0
2026-07-23T18:50:00+00:00,2026-07-23,2.82,0,0,,,0.0,63.0,13.0,0
2026-07-23T19:00:00+00:00,2026-07-23,1.47,0,0,,,0.0,63.0,0.0,0
2026-07-23T19:10:00+00:00,2026-07-23,0.23,0,0,,,0.0,0.0,0.0,0
2026-07-23T19:20:00+00:00,2026-07-23,-1.69,0,0,,,0.0,0.0,1.0,0
2026-07-23T19:30:00+00:00,2026-07-23,-3.05,0,0,,,0.0,0.0,51.0,0
2026-07-23T19:40:00+00:00,2026-07-23,-4.38,0,0,,,0.0,0.0,,0
2026-07-23T19:50:00+00:00,2026-07-23,-5.68,0,0,,,0.0,0.0,76.0,0
2026-07-23T20:00:00+00:00,2026-07-23,-6.95,0,0,,,0.0,0.0,100.0,0
2026-07-23T20:10:00+00:00,2026-07-23,-8.17,0,0,,,0.0,0.0,100.0,0
2026-07-23T20:20:00+00:00,2026-07-23,-9.35,0,0,,,0.0,0.0,,0
2026-07-23T20:30:00+00:00,2026-07-23,-10.49,0,0,,,0.0,0.0,59.0,0
2026-07-23T20:40:00+00:00,2026-07-23,-11.59,0,0,,,0.0,0.0,59.0,0
2026-07-23T20:50:00+00:00,2026-07-23,-12.64,0,0,,,0.0,0.0,39.0,0
2026-07-23T21:00:00+00:00,2026-07-23,-13.64,0,0,,,0.0,0.0,18.0,0
2026-07-23T21:10:00+00:00,2026-07-23,-14.59,0,0,,,0.0,0.0,18.0,0
2026-07-23T21:20:00+00:00,2026-07-23,-15.49,0,0,,,0.0,0.0,14.0,0
2026-07-23T21:30:00+00:00,2026-07-23,-16.33,0,0,,,0.0,0.0,9.0,0
2026-07-23T21:40:00+00:00,2026-07-23,-17.11,0,0,,,0.0,0.0,9.0,0
2026-07-23T21:50:00+00:00,2026-07-23,-17.84,0,0,,,0.0,0.0,5.0,0
2026-07-23T22:00:00+00:00,2026-07-23,-18.5,0,0,,,0.0,0.0,0.0,0
2026-07-23T22:10:00+00:00,2026-07-23,-19.1,0,0,,,0.0,25.0,0.0,0
2026-07-23T22:20:00+00:00,2026-07-23,-19.63,0,0,,,0.0,25.0,1.0,0
2026-07-23T22:30:00+00:00,2026-07-23,-20.1,0,0,,,0.0,25.0,0.0,0
2026-07-23T22:40:00+00:00,2026-07-23,-20.5,0,0,,,0.0,0.0,0.0,0
2026-07-23T22:50:00+00:00,2026-07-23,-20.82,0,0,,,0.0,0.0,0.0,0
2026-07-23T23:00:00+00:00,2026-07-23,-21.08,0,0,,,0.0,0.0,0.0,0
2026-07-23T23:10:00+00:00,2026-07-23,-21.27,0,0,,,0.0,0.0,0.0,0
2026-07-23T23:20:00+00:00,2026-07-23,-21.38,0,0,,,0.0,0.0,0.0,0
2026-07-23T23:30:00+00:00,2026-07-23,-21.42,0,0,,,0.0,0.0,0.0,0
2026-07-23T23:40:00+00:00,2026-07-23,-21.39,0,0,,,0.0,0.0,0.0,0
2026-07-23T23:50:00+00:00,2026-07-23,-21.29,0,0,,,0.0,0.0,0.0,0
2026-07-24T00:00:00+00:00,2026-07-24,-21.11,0,0,,,1.39,0.0,0.0,0
2026-07-24T00:10:00+00:00,2026-07-24,-20.86,0,0,,,0.0,0.0,0.0,0
2026-07-24T00:20:00+00:00,2026-07-24,-20.54,0,0,,,0.0,0.0,0.0,0
2026-07-24T00:30:00+00:00,2026-07-24,-20.15,0,0,,,0.0,0.0,0.0,0
2026-07-24T00:40:00+00:00,2026-07-24,-19.7,0,0,,,0.0,0.0,0.0,0
2026-07-24T00:50:00+00:00,2026-07-24,-19.17,0,0,,,0.0,0.0,0.0,0
2026-07-24T01:00:00+00:00,2026-07-24,-18.58,0,0,,,0.0,0.0,0.0,0
2026-07-24T01:10:00+00:00,2026-07-24,-17.93,0,0,,,0.0,0.0,0.0,0
2026-07-24T01:20:00+00:00,2026-07-24,-17.21,0,0,,,0.0,0.0,,0
2026-07-24T01:30:00+00:00,2026-07-24,-16.44,0,0,,,0.0,0.0,0.0,0
2026-07-24T01:40:00+00:00,2026-07-24,-15.6,0,0,,,0.0,0.0,0.0,0
2026-07-24T01:50:00+00:00,2026-07-24,-14.71,0,0,,,0.0,0.0,0.0,0
2026-07-24T02:00:00+00:00,2026-07-24,-13.77,0,0,,,0.0,0.0,0.0,0
2026-07-24T02:10:00+00:00,2026-07-24,-12.78,0,0,,,0.0,0.0,0.0,0
2026-07-24T02:20:00+00:00,2026-07-24,-11.73,0,0,,,0.0,0.0,0.0,0
2026-07-24T02:30:00+00:00,2026-07-24,-10.64,0,0,,,0.0,0.0,0.0,0
2026-07-24T02:40:00+00:00,2026-07-24,-9.51,0,0,,,0.0,0.0,0.0,0
2026-07-24T02:50:00+00:00,2026-07-24,-8.33,0,0,,,0.0,0.0,0.0,0
2026-07-24T03:00:00+00:00,2026-07-24,-7.11,0,0,,,0.0,0.0,0.0,0
2026-07-24T03:10:00+00:00,2026-07-24,-5.85,0,0,,,0.0,0.0,0.0,0
2026-07-24T03:20:00+00:00,2026-07-24,-4.56,0,0,,,0.0,0.0,0.0,0
2026-07-24T03:30:00+00:00,2026-07-24,-3.23,0,0,,,0.0,0.0,0.0,0
2026-07-24T03:40:00+00:00,2026-07-24,-1.87,0,0,,,0.0,0.0,0.0,0
2026-07-24T03:50:00+00:00,2026-07-24,0.07,0,0,,,0.0,0.0,0.0,0
2026-07-24T04:00:00+00:00,2026-07-24,1.3,0,0,,,0.0,0.0,0.0,0
2026-07-24T04:10:00+00:00,2026-07-24,2.64,0,0,,,0.0,0.0,0.0,0
2026-07-24T04:20:00+00:00,2026-07-24,4.04,0,0,,,0.0,0.0,0.0,0
2026-07-24T04:30:00+00:00,2026-07-24,5.5,1,0,0,0.0,0.0,0.0,0.0,1
2026-07-24T04:40:00+00:00,2026-07-24,6.98,1,0,0,0.0,0.0,0.0,0.0,1
2026-07-24T04:50:00+00:00,2026-07-24,8.5,1,0,0,0.0,0.0,0.0,0.0,1
2026-07-24T05:00:00+00:00,2026-07-24,10.04,1,0,0,0.0,0.0,0.0,0.0,1
2026-07-24T05:10:00+00:00,2026-07-24,11.6,1,0,0,0.002,0.0,0.0,0.0,1
2026-07-24T05:20:00+00:00,2026-07-24,13.17,1,0,0,0.0,0.0,0.0,6.0,1
2026-07-24T05:30:00+00:00,2026-07-24,14.76,1,0,0,0.0,0.0,0.0,13.0,1
2026-07-24T05:40:00+00:00,2026-07-24,16.37,1,0,0,0.0,0.0,0.0,13.0,1
2026-07-24T05:50:00+00:00,2026-07-24,17.98,1,0,0,0.0,0.0,0.0,19.0,1
2026-07-24T06:00:00+00:00,2026-07-24,19.61,1,0,0,0.0,0.0,0.0,25.0,1
2026-07-24T06:10:00+00:00,2026-07-24,21.24,1,0,0,0.0,0.0,0.0,25.0,1
2026-07-24T06:20:00+00:00,2026-07-24,22.88,1,0,0,0.0,0.0,0.0,24.0,1
2026-07-24T06:30:00+00:00,2026-07-24,24.52,1,0,0,0.0,0.0,0.0,23.0,1
2026-07-24T06:40:00+00:00,2026-07-24,26.17,1,0,0,0.0,0.0,0.0,23.0,1
2026-07-24T06:50:00+00:00,2026-07-24,27.82,1,0,0,0.0,0.0,0.0,21.0,1
2026-07-24T07:00:00+00:00,2026-07-24,29.46,1,0,0,0.0,11.11,0.0,20.0,1
2026-07-24T07:10:00+00:00,2026-07-24,31.11,1,0,0,0.0,15.28,0.0,20.0,1
2026-07-24T07:20:00+00:00,2026-07-24,32.75,1,0,0,0.1211,4.17,0.0,31.0,1
2026-07-24T07:30:00+00:00,2026-07-24,34.38,1,0,0,0.0,0.0,0.0,47.0,1
2026-07-24T07:40:00+00:00,2026-07-24,36.0,1,1,0,,22.22,25.0,47.0,0
2026-07-24T07:50:00+00:00,2026-07-24,37.61,1,0,0,5.8744,44.44,25.0,58.0,1
2026-07-24T08:00:00+00:00,2026-07-24,39.21,1,0,0,24.9346,52.78,25.0,69.0,1
2026-07-24T08:10:00+00:00,2026-07-24,40.79,1,0,0,40.0725,48.61,0.0,69.0,1
2026-07-24T08:20:00+00:00,2026-07-24,42.35,1,0,0,18.2898,11.11,0.0,61.0,1
2026-07-24T08:30:00+00:00,2026-07-24,43.89,1,0,0,0.613,0.0,0.0,53.0,1
2026-07-24T08:40:00+00:00,2026-07-24,45.4,1,0,0,0.0,0.0,0.0,53.0,1
2026-07-24T08:50:00+00:00,2026-07-24,46.88,1,0,0,0.0,0.0,0.0,44.0,1
2026-07-24T09:00:00+00:00,2026-07-24,48.32,1,0,0,0.0,0.0,0.0,36.0,1
2026-07-24T09:10:00+00:00,2026-07-24,49.73,1,0,0,0.0,0.0,0.0,36.0,1
2026-07-24T09:20:00+00:00,2026-07-24,51.08,1,0,0,0.0,0.0,0.0,27.0,1
2026-07-24T09:30:00+00:00,2026-07-24,52.38,1,0,0,0.0011,0.0,0.0,18.0,1
2026-07-24T09:40:00+00:00,2026-07-24,53.63,1,0,0,0.0004,0.0,0.0,18.0,1
2026-07-24T09:50:00+00:00,2026-07-24,54.81,1,0,0,0.0,0.0,0.0,9.0,1
2026-07-24T10:00:00+00:00,2026-07-24,55.91,1,0,0,0.0,0.0,0.0,0.0,1
2026-07-24T10:10:00+00:00,2026-07-24,56.93,1,0,0,0.0,0.0,0.0,0.0,1
2026-07-24T10:20:00+00:00,2026-07-24,57.86,1,0,0,0.0,0.0,0.0,0.0,1
2026-07-24T10:30:00+00:00,2026-07-24,58.69,1,0,0,0.0,0.0,0.0,4.0,1
2026-07-24T10:40:00+00:00,2026-07-24,59.41,1,0,0,0.0,0.0,0.0,4.0,1
2026-07-24T10:50:00+00:00,2026-07-24,60.02,1,0,0,0.0,0.0,0.0,6.0,1
2026-07-24T11:00:00+00:00,2026-07-24,60.5,1,0,0,0.0,,0.0,8.0,0
2026-07-24T11:10:00+00:00,2026-07-24,60.85,1,0,0,0.0001,0.0,0.0,8.0,1
2026-07-24T11:20:00+00:00,2026-07-24,61.06,1,0,0,0.0048,0.0,0.0,6.0,1
2026-07-24T11:30:00+00:00,2026-07-24,61.14,1,0,0,0.4231,0.0,0.0,4.0,1
2026-07-24T11:40:00+00:00,2026-07-24,61.07,1,0,0,0.2532,0.0,0.0,4.0,1
2026-07-24T11:50:00+00:00,2026-07-24,60.87,1,0,0,0.4707,0.0,0.0,2.0,1
2026-07-24T12:00:00+00:00,2026-07-24,60.53,1,0,0,0.4666,0.0,0.0,0.0,1
2026-07-24T12:10:00+00:00,2026-07-24,60.06,1,0,1,0.9979,0.0,0.0,0.0,1
2026-07-24T12:20:00+00:00,2026-07-24,59.46,1,0,1,1.0249,0.0,0.0,0.0,1
2026-07-24T12:30:00+00:00,2026-07-24,58.74,1,0,1,1.0856,6.94,0.0,0.0,1
2026-07-24T12:40:00+00:00,2026-07-24,57.92,1,0,1,0.9193,0.0,0.0,0.0,1
2026-07-24T12:50:00+00:00,2026-07-24,57.0,1,0,1,1.3403,0.0,0.0,0.0,1
2026-07-24T13:00:00+00:00,2026-07-24,55.98,1,0,1,0.5467,19.44,0.0,,0
2026-07-24T13:10:00+00:00,2026-07-24,54.88,1,0,1,0.6573,22.22,0.0,0.0,1
2026-07-24T13:20:00+00:00,2026-07-24,53.71,1,0,1,3.5127,5.56,0.0,0.0,1
2026-07-24T13:30:00+00:00,2026-07-24,52.47,1,0,1,1.7139,4.17,0.0,0.0,1
2026-07-24T13:40:00+00:00,2026-07-24,51.17,1,0,1,0.4663,8.33,0.0,0.0,1
2026-07-24T13:50:00+00:00,2026-07-24,49.82,1,0,1,2.4377,1.39,0.0,0.0,1
2026-07-24T14:00:00+00:00,2026-07-24,48.42,1,0,1,2.3619,0.0,0.0,0.0,1
2026-07-24T14:10:00+00:00,2026-07-24,46.98,1,0,1,1.4229,0.0,0.0,0.0,1
2026-07-24T14:20:00+00:00,2026-07-24,45.5,1,0,1,0.5589,9.72,0.0,5.0,1
2026-07-24T14:30:00+00:00,2026-07-24,43.99,1,0,1,0.9415,0.0,0.0,11.0,1
2026-07-24T14:40:00+00:00,2026-07-24,42.45,1,0,1,1.0038,5.56,0.0,11.0,1
2026-07-24T14:50:00+00:00,2026-07-24,40.89,1,0,1,6.5037,38.89,0.0,16.0,1
2026-07-24T15:00:00+00:00,2026-07-24,39.31,1,0,1,21.2869,50.0,0.0,21.0,1
2026-07-24T15:10:00+00:00,2026-07-24,37.72,1,0,1,19.5729,25.0,25.0,21.0,1
2026-07-24T15:20:00+00:00,2026-07-24,36.1,1,0,1,17.5001,15.28,25.0,29.0,1
2026-07-24T15:30:00+00:00,2026-07-24,34.48,1,0,1,24.2156,47.22,25.0,36.0,1
2026-07-24T15:40:00+00:00,2026-07-24,32.84,1,0,1,30.2568,41.67,0.0,36.0,1
2026-07-24T15:50:00+00:00,2026-07-24,31.2,1,0,1,30.6396,23.61,0.0,44.0,1
2026-07-24T16:00:00+00:00,2026-07-24,29.56,1,0,1,28.7882,33.33,0.0,51.0,1
2026-07-24T16:10:00+00:00,2026-07-24,27.91,1,0,1,25.047,29.17,0.0,51.0,1
2026-07-24T16:20:00+00:00,2026-07-24,26.26,1,0,1,21.3839,9.72,0.0,38.0,1
2026-07-24T16:30:00+00:00,2026-07-24,24.61,1,0,1,15.7272,2.78,0.0,9.0,1
2026-07-24T16:40:00+00:00,2026-07-24,22.96,1,0,1,15.4752,26.39,25.0,9.0,1
2026-07-24T16:50:00+00:00,2026-07-24,21.32,1,0,1,23.7513,31.94,25.0,9.0,1
2026-07-24T17:00:00+00:00,2026-07-24,19.69,1,0,1,22.9157,4.17,25.0,9.0,1
2026-07-24T17:10:00+00:00,2026-07-24,18.06,1,0,1,19.0989,23.61,25.0,9.0,1
2026-07-24T17:20:00+00:00,2026-07-24,16.44,1,0,1,23.423,19.44,25.0,32.0,1
2026-07-24T17:30:00+00:00,2026-07-24,14.83,1,0,1,31.2565,47.22,25.0,55.0,1
2026-07-24T17:40:00+00:00,2026-07-24,13.24,1,0,1,51.2086,90.28,100.0,55.0,1
2026-07-24T17:50:00+00:00,2026-07-24,11.66,1,0,1,55.4416,61.11,100.0,77.0,1
2026-07-24T18:00:00+00:00,2026-07-24,10.1,1,0,1,57.9943,65.28,100.0,100.0,1
2026-07-24T18:10:00+00:00,2026-07-24,8.55,1,0,0,64.7241,79.17,100.0,100.0,1
2026-07-24T18:20:00+00:00,2026-07-24,7.03,1,0,0,72.0842,77.78,100.0,100.0,1
2026-07-24T18:30:00+00:00,2026-07-24,5.54,1,0,0,87.1014,88.89,100.0,100.0,1
2026-07-24T18:40:00+00:00,2026-07-24,4.08,0,0,,,90.28,88.0,100.0,0
2026-07-24T18:50:00+00:00,2026-07-24,2.67,0,0,,,88.89,88.0,100.0,0
2026-07-24T19:00:00+00:00,2026-07-24,1.33,0,0,,,100.0,88.0,100.0,0
2026-07-24T19:10:00+00:00,2026-07-24,0.09,0,0,,,100.0,100.0,100.0,0
2026-07-24T19:20:00+00:00,2026-07-24,-1.86,0,0,,,100.0,100.0,100.0,0
2026-07-24T19:30:00+00:00,2026-07-24,-3.22,0,0,,,100.0,100.0,100.0,0
2026-07-24T19:40:00+00:00,2026-07-24,-4.56,0,0,,,100.0,100.0,100.0,0
2026-07-24T19:50:00+00:00,2026-07-24,-5.86,0,0,,,100.0,100.0,100.0,0
2026-07-24T20:00:00+00:00,2026-07-24,-7.12,0,0,,,100.0,100.0,100.0,0
2026-07-24T20:10:00+00:00,2026-07-24,-8.35,0,0,,,100.0,100.0,100.0,0
2026-07-24T20:20:00+00:00,2026-07-24,-9.53,0,0,,,100.0,100.0,100.0,0
2026-07-24T20:30:00+00:00,2026-07-24,-10.68,0,0,,,100.0,100.0,100.0,0
2026-07-24T20:40:00+00:00,2026-07-24,-11.78,0,0,,,,100.0,100.0,0
2026-07-24T20:50:00+00:00,2026-07-24,-12.83,0,0,,,100.0,100.0,100.0,0
2026-07-24T21:00:00+00:00,2026-07-24,-13.83,0,0,,,100.0,100.0,100.0,0
2026-07-24T21:10:00+00:00,2026-07-24,-14.79,0,0,,,100.0,100.0,100.0,0
2026-07-24T21:20:00+00:00,2026-07-24,-15.68,0,0,,,100.0,100.0,100.0,0
2026-07-24T21:30:00+00:00,2026-07-24,-16.53,0,0,,,100.0,100.0,100.0,0
2026-07-24T21:40:00+00:00,2026-07-24,-17.31,0,0,,,100.0,100.0,100.0,0
2026-07-24T21:50:00+00:00,2026-07-24,-18.04,0,0,,,100.0,100.0,100.0,0
2026-07-24T22:00:00+00:00,2026-07-24,-18.7,0,0,,,100.0,100.0,100.0,0
2026-07-24T22:10:00+00:00,2026-07-24,-19.3,0,0,,,,100.0,100.0,0
2026-07-24T22:20:00+00:00,2026-07-24,-19.84,0,0,,,100.0,100.0,100.0,0
2026-07-24T22:30:00+00:00,2026-07-24,-20.31,0,0,,,100.0,100.0,100.0,0
2026-07-24T22:40:00+00:00,2026-07-24,-20.7,0,0,,,100.0,100.0,100.0,0
2026-07-24T22:50:00+00:00,2026-07-24,-21.03,0,0,,,100.0,100.0,100.0,0
2026-07-24T23:00:00+00:00,2026-07-24,-21.29,0,0,,,100.0,100.0,100.0,0
2026-07-24T23:10:00+00:00,2026-07-24,-21.48,0,0,,,100.0,100.0,100.0,0
2026-07-24T23:20:00+00:00,2026-07-24,-21.59,0,0,,,100.0,100.0,100.0,0
2026-07-24T23:30:00+00:00,2026-07-24,-21.63,0,0,,,100.0,100.0,100.0,0
2026-07-24T23:40:00+00:00,2026-07-24,-21.6,0,0,,,100.0,100.0,100.0,0
2026-07-24T23:50:00+00:00,2026-07-24,-21.5,0,0,,,100.0,100.0,100.0,0
2026-07-25T00:00:00+00:00,2026-07-25,-21.32,0,0,,,100.0,100.0,100.0,0
2026-07-25T00:10:00+00:00,2026-07-25,-21.07,0,0,,,100.0,100.0,100.0,0
2026-07-25T00:20:00+00:00,2026-07-25,-20.75,0,0,,,100.0,100.0,100.0,0
2026-07-25T00:30:00+00:00,2026-07-25,-20.36,0,0,,,100.0,100.0,100.0,0
2026-07-25T00:40:00+00:00,2026-07-25,-19.9,0,0,,,100.0,100.0,100.0,0
2026-07-25T00:50:00+00:00,2026-07-25,-19.38,0,0,,,100.0,100.0,100.0,0
2026-07-25T01:00:00+00:00,2026-07-25,-18.79,0,0,,,100.0,100.0,100.0,0
2026-07-25T01:10:00+00:00,2026-07-25,-18.13,0,0,,,100.0,100.0,100.0,0
2026-07-25T01:20:00+00:00,2026-07-25,-17.41,0,0,,,100.0,100.0,100.0,0
2026-07-25T01:30:00+00:00,2026-07-25,-16.64,0,0,,,100.0,100.0,100.0,0
2026-07-25T01:40:00+00:00,2026-07-25,-15.8,0,0,,,100.0,100.0,100.0,0
2026-07-25T01:50:00+00:00,2026-07-25,-14.91,0,0,,,100.0,100.0,100.0,0
2026-07-25T02:00:00+00:00,2026-07-25,-13.96,0,0,,,100.0,100.0,100.0,0
2026-07-25T02:10:00+00:00,2026-07-25,-12.97,0,0,,,100.0,100.0,100.0,0
2026-07-25T02:20:00+00:00,2026-07-25,-11.92,0,0,,,100.0,100.0,95.0,0
2026-07-25T02:30:00+00:00,2026-07-25,-10.83,0,0,,,100.0,100.0,89.0,0
2026-07-25T02:40:00+00:00,2026-07-25,-9.69,0,0,,,100.0,100.0,89.0,0
2026-07-25T02:50:00+00:00,2026-07-25,-8.51,0,0,,,100.0,100.0,84.0,0
2026-07-25T03:00:00+00:00,2026-07-25,-7.29,0,0,,,100.0,100.0,78.0,0
2026-07-25T03:10:00+00:00,2026-07-25,-6.03,0,0,,,100.0,100.0,78.0,0
2026-07-25T03:20:00+00:00,2026-07-25,-4.74,0,0,,,100.0,100.0,77.0,0
2026-07-25T03:30:00+00:00,2026-07-25,-3.41,0,0,,,95.83,100.0,77.0,0
2026-07-25T03:40:00+00:00,2026-07-25,-2.05,0,0,,,87.5,88.0,77.0,0
2026-07-25T03:50:00+00:00,2026-07-25,-0.07,0,0,,,41.67,88.0,76.0,0
2026-07-25T04:00:00+00:00,2026-07-25,1.15,0,0,,,31.94,88.0,75.0,0
2026-07-25T04:10:00+00:00,2026-07-25,2.48,0,0,,,19.44,38.0,75.0,0
2026-07-25T04:20:00+00:00,2026-07-25,3.88,0,0,,,8.33,38.0,56.0,0
2026-07-25T04:30:00+00:00,2026-07-25,5.34,1,0,0,6.0788,1.39,38.0,1.0,1
2026-07-25T04:40:00+00:00,2026-07-25,6.82,1,0,0,0.3735,0.0,13.0,1.0,1
2026-07-25T04:50:00+00:00,2026-07-25,8.34,1,0,0,0.0112,0.0,13.0,0.0,1
2026-07-25T05:00:00+00:00,2026-07-25,9.88,1,0,0,0.0,0.0,13.0,0.0,1
2026-07-25T05:10:00+00:00,2026-07-25,11.44,1,0,0,0.0,0.0,75.0,0.0,1
2026-07-25T05:20:00+00:00,2026-07-25,13.01,1,0,0,0.0,0.0,75.0,0.0,1
2026-07-25T05:30:00+00:00,2026-07-25,14.61,1,0,0,0.0001,0.0,75.0,0.0,1
2026-07-25T05:40:00+00:00,2026-07-25,16.21,1,0,0,0.0,0.0,75.0,0.0,1
2026-07-25T05:50:00+00:00,2026-07-25,17.83,1,0,0,0.0,0.0,75.0,0.0,1
2026-07-25T06:00:00+00:00,2026-07-25,19.45,1,0,0,0.0,0.0,75.0,0.0,1
2026-07-25T06:10:00+00:00,2026-07-25,21.08,1,0,0,0.0,0.0,88.0,0.0,1
2026-07-25T06:20:00+00:00,2026-07-25,22.72,1,0,0,0.0,0.0,88.0,0.0,1
2026-07-25T06:30:00+00:00,2026-07-25,24.37,1,0,0,0.0,0.0,88.0,0.0,1
2026-07-25T06:40:00+00:00,2026-07-25,26.01,1,0,0,0.0,0.0,0.0,0.0,1
2026-07-25T06:50:00+00:00,2026-07-25,27.66,1,0,0,0.0,0.0,0.0,0.0,1
2026-07-25T07:00:00+00:00,2026-07-25,29.31,1,0,0,0.0,0.0,0.0,0.0,1
2026-07-25T07:10:00+00:00,2026-07-25,30.95,1,0,0,0.0,0.0,0.0,0.0,1
2026-07-25T07:20:00+00:00,2026-07-25,32.59,1,0,0,0.0,0.0,0.0,8.0,1
2026-07-25T07:30:00+00:00,2026-07-25,34.22,1,0,0,0.0,0.0,0.0,0.0,1
2026-07-25T07:40:00+00:00,2026-07-25,35.85,1,0,0,0.0,0.0,0.0,0.0,1
2026-07-25T07:50:00+00:00,2026-07-25,37.46,1,0,0,0.0,0.0,0.0,0.0,1
2026-07-25T08:00:00+00:00,2026-07-25,39.05,1,0,0,0.0,0.0,0.0,0.0,1
2026-07-25T08:10:00+00:00,2026-07-25,40.63,1,0,0,0.0001,0.0,0.0,0.0,1
2026-07-25T08:20:00+00:00,2026-07-25,42.19,1,0,0,0.0,0.0,0.0,1.0,1
2026-07-25T08:30:00+00:00,2026-07-25,43.73,1,0,0,0.0,0.0,0.0,1.0,1
2026-07-25T08:40:00+00:00,2026-07-25,45.24,1,0,0,0.0,0.0,0.0,1.0,1
2026-07-25T08:50:00+00:00,2026-07-25,46.71,1,0,0,0.0003,0.0,0.0,2.0,1
2026-07-25T09:00:00+00:00,2026-07-25,48.15,1,0,0,0.0,0.0,0.0,2.0,1
2026-07-25T09:10:00+00:00,2026-07-25,49.55,1,0,0,0.0002,0.0,0.0,2.0,1
2026-07-25T09:20:00+00:00,2026-07-25,50.9,1,0,0,0.0012,0.0,0.0,7.0,1
2026-07-25T09:30:00+00:00,2026-07-25,52.2,1,0,0,0.0007,0.0,0.0,12.0,1
2026-07-25T09:40:00+00:00,2026-07-25,53.44,1,0,0,0.0007,0.0,0.0,12.0,1
2026-07-25T09:50:00+00:00,2026-07-25,54.62,1,0,0,0.0004,0.0,0.0,16.0,1
2026-07-25T10:00:00+00:00,2026-07-25,55.72,1,0,0,0.0007,0.0,0.0,21.0,1
2026-07-25T10:10:00+00:00,2026-07-25,56.73,1,0,0,0.0006,0.0,0.0,21.0,1
2026-07-25T10:20:00+00:00,2026-07-25,57.66,1,0,0,0.0003,0.0,0.0,16.0,1
2026-07-25T10:30:00+00:00,2026-07-25,58.49,1,0,0,0.0001,0.0,0.0,0.0,1
2026-07-25T10:40:00+00:00,2026-07-25,59.21,1,0,0,0.0008,0.0,0.0,0.0,1
2026-07-25T10:50:00+00:00,2026-07-25,59.81,1,0,0,0.001,0.0,0.0,0.0,1
2026-07-25T11:00:00+00:00,2026-07-25,60.29,1,0,0,0.0008,13.89,0.0,0.0,1
2026-07-25T11:10:00+00:00,2026-07-25,60.63,1,0,0,0.0016,12.5,0.0,0.0,1
2026-07-25T11:20:00+00:00,2026-07-25,60.85,1,0,0,0.0144,0.0,0.0,0.0,1
2026-07-25T11:30:00+00:00,2026-07-25,60.92,1,0,0,0.2379,0.0,0.0,0.0,1
2026-07-25T11:40:00+00:00,2026-07-25,60.86,1,0,0,0.189,0.0,0.0,0.0,1
2026-07-25T11:50:00+00:00,2026-07-25,60.65,1,0,0,0.0866,12.5,0.0,0.0,1
2026-07-25T12:00:00+00:00,2026-07-25,60.32,1,0,0,0.9373,9.72,0.0,0.0,1
2026-07-25T12:10:00+00:00,2026-07-25,59.85,1,0,1,1.3811,30.56,0.0,0.0,1
2026-07-25T12:20:00+00:00,2026-07-25,59.25,1,0,1,4.0941,51.39,0.0,8.0,1
2026-07-25T12:30:00+00:00,2026-07-25,58.54,1,0,1,7.7224,55.56,0.0,16.0,1
2026-07-25T12:40:00+00:00,2026-07-25,57.72,1,0,1,12.8315,43.06,0.0,16.0,1
2026-07-25T12:50:00+00:00,2026-07-25,56.8,1,0,1,25.15,43.06,0.0,24.0,1
2026-07-25T13:00:00+00:00,2026-07-25,55.79,1,0,1,23.7851,36.11,0.0,32.0,1
2026-07-25T13:10:00+00:00,2026-07-25,54.7,1,0,1,20.7082,37.5,50.0,32.0,1
2026-07-25T13:20:00+00:00,2026-07-25,53.53,1,0,1,31.2658,36.11,50.0,46.0,1
2026-07-25T13:30:00+00:00,2026-07-25,52.29,1,0,1,23.5929,40.28,50.0,44.0,1
2026-07-25T13:40:00+00:00,2026-07-25,51.0,1,0,1,56.0074,48.61,88.0,44.0,1
2026-07-25T13:50:00+00:00,2026-07-25,49.65,1,0,1,58.4402,77.78,88.0,59.0,1
2026-07-25T14:00:00+00:00,2026-07-25,48.25,1,0,1,86.8754,84.72,88.0,73.0,1
2026-07-25T14:10:00+00:00,2026-07-25,46.81,1,0,1,99.8807,97.22,100.0,73.0,1
2026-07-25T14:20:00+00:00,2026-07-25,45.34,1,0,1,100.0,98.61,100.0,80.0,1
2026-07-25T14:30:00+00:00,2026-07-25,43.83,1,0,1,99.76,95.83,100.0,86.0,1
2026-07-25T14:40:00+00:00,2026-07-25,42.29,1,0,1,79.0627,90.28,100.0,86.0,1
2026-07-25T14:50:00+00:00,2026-07-25,40.74,1,0,1,71.144,86.11,100.0,93.0,1
2026-07-25T15:00:00+00:00,2026-07-25,39.16,1,0,1,87.7031,87.5,100.0,99.0,1
2026-07-25T15:10:00+00:00,2026-07-25,37.56,1,0,1,94.8264,75.0,100.0,99.0,1
2026-07-25T15:20:00+00:00,2026-07-25,35.95,1,0,1,58.4054,80.56,100.0,99.0,1
2026-07-25T15:30:00+00:00,2026-07-25,34.32,1,0,1,85.2825,77.78,100.0,100.0,1
2026-07-25T15:40:00+00:00,2026-07-25,32.69,1,0,1,89.821,51.39,100.0,100.0,1
2026-07-25T15:50:00+00:00,2026-07-25,31.05,1,0,1,83.1379,90.28,100.0,100.0,1
2026-07-25T16:00:00+00:00,2026-07-25,29.41,1,0,1,91.3717,90.28,100.0,100.0,1
2026-07-25T16:10:00+00:00,2026-07-25,27.76,1,0,1,86.4308,76.39,100.0,100.0,1
2026-07-25T16:20:00+00:00,2026-07-25,26.11,1,0,1,98.0226,40.28,100.0,100.0,1
2026-07-25T16:30:00+00:00,2026-07-25,24.46,1,0,1,96.5983,25.0,100.0,91.0,1
2026-07-25T16:40:00+00:00,2026-07-25,22.81,1,0,1,99.4228,34.72,88.0,91.0,1
2026-07-25T16:50:00+00:00,2026-07-25,21.17,1,0,1,95.2135,59.72,88.0,93.0,1
2026-07-25T17:00:00+00:00,2026-07-25,19.53,1,0,1,94.6589,63.89,88.0,95.0,1
2026-07-25T17:10:00+00:00,2026-07-25,17.9,1,0,1,95.0055,75.0,0.0,95.0,1
2026-07-25T17:20:00+00:00,2026-07-25,16.29,1,0,1,85.6546,91.67,0.0,84.0,1
2026-07-25T17:30:00+00:00,2026-07-25,14.68,1,0,1,91.3703,81.94,0.0,73.0,1
2026-07-25T17:40:00+00:00,2026-07-25,13.08,1,0,1,93.0661,43.06,50.0,73.0,1
2026-07-25T17:50:00+00:00,2026-07-25,11.5,1,0,1,94.3565,23.61,50.0,62.0,1
2026-07-25T18:00:00+00:00,2026-07-25,9.94,1,0,1,73.3466,44.44,50.0,51.0,1
2026-07-25T18:10:00+00:00,2026-07-25,8.39,1,0,0,86.7266,75.0,50.0,51.0,1
2026-07-25T18:20:00+00:00,2026-07-25,6.87,1,0,0,86.9882,68.06,50.0,58.0,1
2026-07-25T18:30:00+00:00,2026-07-25,5.38,1,0,0,93.0722,87.5,50.0,66.0,1
2026-07-25T18:40:00+00:00,2026-07-25,3.92,0,0,,,90.28,63.0,66.0,0
2026-07-25T18:50:00+00:00,2026-07-25,2.51,0,0,,,97.22,63.0,73.0,0
2026-07-25T19:00:00+00:00,2026-07-25,1.17,0,0,,,100.0,63.0,80.0,0
2026-07-25T19:10:00+00:00,2026-07-25,-0.06,0,0,,,100.0,88.0,80.0,0
2026-07-25T19:20:00+00:00,2026-07-25,-2.03,0,0,,,100.0,88.0,81.0,0
2026-07-25T19:30:00+00:00,2026-07-25,-3.4,0,0,,,100.0,88.0,71.0,0
2026-07-25T19:40:00+00:00,2026-07-25,-4.74,0,0,,,100.0,100.0,71.0,0
2026-07-25T19:50:00+00:00,2026-07-25,-6.04,0,0,,,100.0,100.0,67.0,0
2026-07-25T20:00:00+00:00,2026-07-25,-7.3,0,0,,,100.0,100.0,64.0,0
2026-07-25T20:10:00+00:00,2026-07-25,-8.53,0,0,,,,100.0,64.0,0
2026-07-25T20:20:00+00:00,2026-07-25,-9.72,0,0,,,,100.0,59.0,0
2026-07-25T20:30:00+00:00,2026-07-25,-10.87,0,0,,,100.0,100.0,54.0,0
2026-07-25T20:40:00+00:00,2026-07-25,-11.97,0,0,,,93.06,100.0,54.0,0
2026-07-25T20:50:00+00:00,2026-07-25,-13.02,0,0,,,90.28,100.0,49.0,0
2026-07-25T21:00:00+00:00,2026-07-25,-14.03,0,0,,,94.44,100.0,44.0,0
2026-07-25T21:10:00+00:00,2026-07-25,-14.98,0,0,,,94.44,100.0,44.0,0
2026-07-25T21:20:00+00:00,2026-07-25,-15.88,0,0,,,68.06,100.0,47.0,0
2026-07-25T21:30:00+00:00,2026-07-25,-16.73,0,0,,,76.39,100.0,49.0,0
2026-07-25T21:40:00+00:00,2026-07-25,-17.52,0,0,,,83.33,100.0,49.0,0
2026-07-25T21:50:00+00:00,2026-07-25,-18.24,0,0,,,68.06,100.0,52.0,0
2026-07-25T22:00:00+00:00,2026-07-25,-18.91,0,0,,,48.61,100.0,54.0,0
2026-07-25T22:10:00+00:00,2026-07-25,-19.51,0,0,,,51.39,100.0,54.0,0
2026-07-25T22:20:00+00:00,2026-07-25,-20.05,0,0,,,40.28,100.0,43.0,0
2026-07-25T22:30:00+00:00,2026-07-25,-20.52,0,0,,,16.67,100.0,72.0,0
2026-07-25T22:40:00+00:00,2026-07-25,-20.92,0,0,,,6.94,75.0,72.0,0
2026-07-25T22:50:00+00:00,2026-07-25,-21.25,0,0,,,9.72,75.0,80.0,0
2026-07-25T23:00:00+00:00,2026-07-25,-21.51,0,0,,,11.11,75.0,87.0,0
2026-07-25T23:10:00+00:00,2026-07-25,-21.69,0,0,,,8.33,0.0,87.0,0
2026-07-25T23:20:00+00:00,2026-07-25,-21.81,0,0,,,5.56,0.0,77.0,0
2026-07-25T23:30:00+00:00,2026-07-25,-21.85,0,0,,,80.56,0.0,68.0,0
2026-07-25T23:40:00+00:00,2026-07-25,-21.82,0,0,,,73.61,0.0,68.0,0
2026-07-25T23:50:00+00:00,2026-07-25,-21.71,0,0,,,77.78,0.0,58.0,0
2026-07-26T00:00:00+00:00,2026-07-26,-21.54,0,0,,,55.56,0.0,48.0,0
2026-07-26T00:10:00+00:00,2026-07-26,-21.29,0,0,,,30.56,75.0,48.0,0
2026-07-26T00:20:00+00:00,2026-07-26,-20.97,0,0,,,26.39,75.0,46.0,0
2026-07-26T00:30:00+00:00,2026-07-26,-20.58,0,0,,,23.61,75.0,45.0,0
2026-07-26T00:40:00+00:00,2026-07-26,-20.12,0,0,,,16.67,75.0,45.0,0
2026-07-26T00:50:00+00:00,2026-07-26,-19.59,0,0,,,16.67,75.0,43.0,0
2026-07-26T01:00:00+00:00,2026-07-26,-19.0,0,0,,,1.39,75.0,41.0,0
2026-07-26T01:10:00+00:00,2026-07-26,-18.34,0,0,,,2.78,0.0,41.0,0
2026-07-26T01:20:00+00:00,2026-07-26,-17.62,0,0,,,0.0,0.0,40.0,0
2026-07-26T01:30:00+00:00,2026-07-26,-16.84,0,0,,,1.39,0.0,14.0,0
2026-07-26T01:40:00+00:00,2026-07-26,-16.0,0,0,,,0.0,0.0,14.0,0
2026-07-26T01:50:00+00:00,2026-07-26,-15.11,0,0,,,1.39,0.0,7.0,0
2026-07-26T02:00:00+00:00,2026-07-26,-14.16,0,0,,,0.0,0.0,0.0,0
2026-07-26T02:10:00+00:00,2026-07-26,-13.16,0,0,,,0.0,0.0,0.0,0
2026-07-26T02:20:00+00:00,2026-07-26,-12.12,0,0,,,0.0,0.0,3.0,0
2026-07-26T02:30:00+00:00,2026-07-26,-11.02,0,0,,,4.17,0.0,6.0,0
2026-07-26T02:40:00+00:00,2026-07-26,-9.88,0,0,,,16.67,0.0,6.0,0
2026-07-26T02:50:00+00:00,2026-07-26,-8.7,0,0,,,30.56,0.0,8.0,0
2026-07-26T03:00:00+00:00,2026-07-26,-7.48,0,0,,,47.22,0.0,11.0,0
2026-07-26T03:10:00+00:00,2026-07-26,-6.22,0,0,,,79.17,0.0,11.0,0
2026-07-26T03:20:00+00:00,2026-07-26,-4.92,0,0,,,95.83,0.0,8.0,0
2026-07-26T03:30:00+00:00,2026-07-26,-3.59,0,0,,,95.83,0.0,6.0,0
2026-07-26T03:40:00+00:00,2026-07-26,-2.22,0,0,,,98.61,0.0,6.0,0
2026-07-26T03:50:00+00:00,2026-07-26,-0.22,0,0,,,97.22,0.0,3.0,0
2026-07-26T04:00:00+00:00,2026-07-26,0.99,0,0,,,98.61,0.0,0.0,0
2026-07-26T04:10:00+00:00,2026-07-26,2.32,0,0,,,100.0,50.0,0.0,0
2026-07-26T04:20:00+00:00,2026-07-26,3.72,0,0,,,100.0,50.0,0.0,0
2026-07-26T04:30:00+00:00,2026-07-26,5.17,1,0,0,99.8383,100.0,50.0,9.0,1
2026-07-26T04:40:00+00:00,2026-07-26,6.66,1,0,0,97.4711,100.0,100.0,9.0,1
2026-07-26T04:50:00+00:00,2026-07-26,8.18,1,0,0,74.1194,97.22,100.0,5.0,1
2026-07-26T05:00:00+00:00,2026-07-26,9.72,1,0,0,93.6537,87.5,100.0,0.0,1
2026-07-26T05:10:00+00:00,2026-07-26,11.28,1,0,0,69.2505,80.56,100.0,0.0,1
2026-07-26T05:20:00+00:00,2026-07-26,12.85,1,0,0,41.9402,48.61,100.0,7.0,1
2026-07-26T05:30:00+00:00,2026-07-26,14.45,1,0,0,34.519,22.22,100.0,15.0,1
2026-07-26T05:40:00+00:00,2026-07-26,16.05,1,0,0,20.5875,12.5,63.0,15.0,1
2026-07-26T05:50:00+00:00,2026-07-26,17.67,1,0,0,0.5956,13.89,63.0,22.0,1
2026-07-26T06:00:00+00:00,2026-07-26,19.29,1,0,0,1.586,19.44,63.0,29.0,1
2026-07-26T06:10:00+00:00,2026-07-26,20.93,1,0,0,2.7886,20.83,25.0,29.0,1
2026-07-26T06:20:00+00:00,2026-07-26,22.57,1,0,0,3.2495,23.61,25.0,26.0,1
2026-07-26T06:30:00+00:00,2026-07-26,24.21,1,0,0,1.6465,25.0,25.0,22.0,1
2026-07-26T06:40:00+00:00,2026-07-26,25.86,1,0,0,5.4485,20.83,0.0,22.0,1
2026-07-26T06:50:00+00:00,2026-07-26,27.51,1,0,0,8.4849,11.11,0.0,19.0,1
2026-07-26T07:00:00+00:00,2026-07-26,29.15,1,0,0,2.6196,2.78,0.0,15.0,1
2026-07-26T07:10:00+00:00,2026-07-26,30.8,1,0,0,0.0286,6.94,75.0,15.0,1
2026-07-26T07:20:00+00:00,2026-07-26,32.43,1,0,0,0.0125,12.5,75.0,21.0,1
2026-07-26T07:30:00+00:00,2026-07-26,34.06,1,0,0,3.7752,4.17,75.0,24.0,1
2026-07-26T07:40:00+00:00,2026-07-26,35.69,1,0,0,6.8574,11.11,25.0,24.0,1
2026-07-26T07:50:00+00:00,2026-07-26,37.3,1,0,0,2.6429,23.61,25.0,30.0,1
2026-07-26T08:00:00+00:00,2026-07-26,38.89,1,0,0,28.404,38.89,25.0,36.0,1
2026-07-26T08:10:00+00:00,2026-07-26,40.47,1,0,0,54.2749,79.17,0.0,36.0,1
2026-07-26T08:20:00+00:00,2026-07-26,42.03,1,0,0,88.9047,88.89,0.0,45.0,1
2026-07-26T08:30:00+00:00,2026-07-26,43.56,1,0,0,58.9298,72.22,0.0,54.0,1
2026-07-26T08:40:00+00:00,2026-07-26,45.07,1,0,0,36.9357,63.89,0.0,54.0,1
2026-07-26T08:50:00+00:00,2026-07-26,46.54,1,0,0,28.9486,56.94,0.0,63.0,1
2026-07-26T09:00:00+00:00,2026-07-26,47.98,1,0,0,25.6392,45.83,0.0,72.0,1
2026-07-26T09:10:00+00:00,2026-07-26,49.37,1,0,0,14.247,34.72,13.0,72.0,1
2026-07-26T09:20:00+00:00,2026-07-26,50.72,1,0,0,19.0545,50.0,13.0,68.0,1
2026-07-26T09:30:00+00:00,2026-07-26,52.02,1,0,0,34.1676,56.94,13.0,64.0,1
2026-07-26T09:40:00+00:00,2026-07-26,53.26,1,0,0,16.4706,36.11,88.0,64.0,1
2026-07-26T09:50:00+00:00,2026-07-26,54.43,1,0,0,40.2821,27.78,88.0,59.0,1
2026-07-26T10:00:00+00:00,2026-07-26,55.52,1,0,0,26.619,37.5,88.0,55.0,1
2026-07-26T10:10:00+00:00,2026-07-26,56.53,1,0,0,33.1644,51.39,75.0,55.0,1
2026-07-26T10:20:00+00:00,2026-07-26,57.46,1,0,0,26.5333,62.5,75.0,56.0,1
2026-07-26T10:30:00+00:00,2026-07-26,58.28,1,0,0,22.9711,70.83,75.0,74.0,1
2026-07-26T10:40:00+00:00,2026-07-26,59.0,1,0,0,31.0534,68.06,50.0,74.0,1
2026-07-26T10:50:00+00:00,2026-07-26,59.59,1,0,0,22.7409,69.44,50.0,67.0,1
2026-07-26T11:00:00+00:00,2026-07-26,60.07,1,0,0,20.6668,55.56,50.0,59.0,1
2026-07-26T11:10:00+00:00,2026-07-26,60.42,1,0,0,25.9458,19.44,63.0,59.0,1
2026-07-26T11:20:00+00:00,2026-07-26,60.63,1,0,0,6.8771,18.06,63.0,55.0,1
2026-07-26T11:30:00+00:00,2026-07-26,60.7,1,0,0,11.8192,30.56,63.0,51.0,1
2026-07-26T11:40:00+00:00,2026-07-26,60.64,1,0,0,31.145,48.61,75.0,51.0,1
2026-07-26T11:50:00+00:00,2026-07-26,60.44,1,0,0,31.6033,79.17,75.0,46.0,1
2026-07-26T12:00:00+00:00,2026-07-26,60.1,1,0,0,33.2393,54.17,75.0,42.0,1
2026-07-26T12:10:00+00:00,2026-07-26,59.63,1,0,1,22.8418,61.11,38.0,42.0,1
2026-07-26T12:20:00+00:00,2026-07-26,59.04,1,0,1,21.9169,52.78,38.0,55.0,1
2026-07-26T12:30:00+00:00,2026-07-26,58.33,1,0,1,45.9645,38.89,38.0,67.0,1
2026-07-26T12:40:00+00:00,2026-07-26,57.52,1,0,1,41.2858,25.0,88.0,67.0,1
2026-07-26T12:50:00+00:00,2026-07-26,56.6,1,0,1,47.7131,26.39,88.0,80.0,1
2026-07-26T13:00:00+00:00,2026-07-26,55.6,1,0,1,46.2379,30.56,88.0,92.0,1
2026-07-26T13:10:00+00:00,2026-07-26,54.5,1,0,1,33.9249,44.44,88.0,92.0,1
2026-07-26T13:20:00+00:00,2026-07-26,53.34,1,0,1,30.9115,58.33,88.0,69.0,1
2026-07-26T13:30:00+00:00,2026-07-26,52.11,1,0,1,46.4529,83.33,88.0,49.0,1
2026-07-26T13:40:00+00:00,2026-07-26,50.81,1,0,1,38.531,80.56,13.0,49.0,1
2026-07-26T13:50:00+00:00,2026-07-26,49.47,1,0,1,33.7756,70.83,13.0,26.0,1
2026-07-26T14:00:00+00:00,2026-07-26,48.07,1,0,1,26.0482,68.06,13.0,2.0,1
2026-07-26T14:10:00+00:00,2026-07-26,46.64,1,0,1,52.289,61.11,50.0,2.0,1
2026-07-26T14:20:00+00:00,2026-07-26,45.17,1,0,1,52.1182,63.89,50.0,9.0,1
2026-07-26T14:30:00+00:00,2026-07-26,43.66,1,0,1,29.265,52.78,50.0,15.0,1
2026-07-26T14:40:00+00:00,2026-07-26,42.13,1,0,1,5.3979,36.11,25.0,15.0,1
2026-07-26T14:50:00+00:00,2026-07-26,40.57,1,0,1,4.0567,16.67,25.0,22.0,1
2026-07-26T15:00:00+00:00,2026-07-26,38.99,1,0,1,8.8977,8.33,25.0,28.0,1
2026-07-26T15:10:00+00:00,2026-07-26,37.4,1,0,1,6.8316,6.94,50.0,28.0,1
2026-07-26T15:20:00+00:00,2026-07-26,35.79,1,0,1,5.0662,0.0,50.0,21.0,1
2026-07-26T15:30:00+00:00,2026-07-26,34.16,1,0,1,2.3264,0.0,50.0,14.0,1
2026-07-26T15:40:00+00:00,2026-07-26,32.53,1,0,1,0.5573,5.56,38.0,14.0,1
2026-07-26T15:50:00+00:00,2026-07-26,30.89,1,0,1,0.8388,8.33,38.0,7.0,1
2026-07-26T16:00:00+00:00,2026-07-26,29.25,1,0,1,6.6974,36.11,38.0,0.0,1
2026-07-26T16:10:00+00:00,2026-07-26,27.6,1,0,1,18.777,73.61,0.0,0.0,1
2026-07-26T16:20:00+00:00,2026-07-26,25.95,1,0,1,72.1945,83.33,0.0,20.0,1
2026-07-26T16:30:00+00:00,2026-07-26,24.3,1,0,1,79.8164,97.22,0.0,52.0,1
2026-07-26T16:40:00+00:00,2026-07-26,22.65,1,0,1,98.3769,100.0,13.0,52.0,1
2026-07-26T16:50:00+00:00,2026-07-26,21.01,1,0,1,99.9022,100.0,13.0,76.0,1
2026-07-26T17:00:00+00:00,2026-07-26,19.37,1,0,1,99.9993,100.0,13.0,100.0,1
2026-07-26T17:10:00+00:00,2026-07-26,17.75,1,0,1,94.6035,98.61,75.0,100.0,1
2026-07-26T17:20:00+00:00,2026-07-26,16.13,1,0,1,91.7252,100.0,75.0,98.0,1
2026-07-26T17:30:00+00:00,2026-07-26,14.52,1,0,1,76.8973,97.22,75.0,96.0,1
2026-07-26T17:40:00+00:00,2026-07-26,12.92,1,0,1,98.4816,100.0,100.0,96.0,1
2026-07-26T17:50:00+00:00,2026-07-26,11.34,1,0,1,99.1972,100.0,100.0,93.0,1
2026-07-26T18:00:00+00:00,2026-07-26,9.77,1,0,1,99.7044,94.44,100.0,91.0,1
2026-07-26T18:10:00+00:00,2026-07-26,8.23,1,0,0,98.4967,97.22,100.0,91.0,1
2026-07-26T18:20:00+00:00,2026-07-26,6.71,1,0,0,99.9101,100.0,100.0,86.0,1
2026-07-26T18:30:00+00:00,2026-07-26,5.21,1,0,0,96.4188,100.0,100.0,82.0,1
2026-07-26T18:40:00+00:00,2026-07-26,3.76,0,0,,,100.0,100.0,,0
2026-07-26T18:50:00+00:00,2026-07-26,2.35,0,0,,,98.61,100.0,77.0,0
2026-07-26T19:00:00+00:00,2026-07-26,1.02,0,0,,,91.67,100.0,72.0,0
2026-07-26T19:10:00+00:00,2026-07-26,-0.2,0,0,,,97.22,100.0,72.0,0
2026-07-26T19:20:00+00:00,2026-07-26,-2.21,0,0,,,97.22,100.0,68.0,0
2026-07-26T19:30:00+00:00,2026-07-26,-3.58,0,0,,,98.61,100.0,89.0,0
2026-07-26T19:40:00+00:00,2026-07-26,-4.92,0,0,,,100.0,88.0,89.0,0
2026-07-26T19:50:00+00:00,2026-07-26,-6.22,0,0,,,100.0,88.0,94.0,0
2026-07-26T20:00:00+00:00,2026-07-26,-7.49,0,0,,,100.0,88.0,98.0,0
2026-07-26T20:10:00+00:00,2026-07-26,-8.72,0,0,,,100.0,88.0,98.0,0
2026-07-26T20:20:00+00:00,2026-07-26,-9.91,0,0,,,100.0,88.0,94.0,0
2026-07-26T20:30:00+00:00,2026-07-26,-11.06,0,0,,,100.0,88.0,91.0,0
2026-07-26T20:40:00+00:00,2026-07-26,-12.17,0,0,,,100.0,100.0,91.0,0
2026-07-26T20:50:00+00:00,2026-07-26,-13.22,0,0,,,100.0,100.0,87.0,0
2026-07-26T21:00:00+00:00,2026-07-26,-14.23,0,0,,,100.0,100.0,83.0,0
2026-07-26T21:10:00+00:00,2026-07-26,-15.19,0,0,,,100.0,88.0,83.0,0
2026-07-26T21:20:00+00:00,2026-07-26,-16.09,0,0,,,90.28,88.0,80.0,0
2026-07-26T21:30:00+00:00,2026-07-26,-16.94,0,0,,,83.33,88.0,76.0,0
2026-07-26T21:40:00+00:00,2026-07-26,-17.73,0,0,,,81.94,100.0,76.0,0
2026-07-26T21:50:00+00:00,2026-07-26,-18.46,0,0,,,80.56,100.0,73.0,0
2026-07-26T22:00:00+00:00,2026-07-26,-19.12,0,0,,,68.06,100.0,69.0,0
2026-07-26T22:10:00+00:00,2026-07-26,-19.73,0,0,,,62.5,100.0,69.0,0
2026-07-26T22:20:00+00:00,2026-07-26,-20.27,0,0,,,56.94,100.0,52.0,0
2026-07-26T22:30:00+00:00,2026-07-26,-20.74,0,0,,,66.67,100.0,62.0,0
2026-07-26T22:40:00+00:00,2026-07-26,-21.14,0,0,,,47.22,88.0,62.0,0
2026-07-26T22:50:00+00:00,2026-07-26,-21.47,0,0,,,40.28,88.0,46.0,0
2026-07-26T23:00:00+00:00,2026-07-26,-21.73,0,0,,,34.72,88.0,31.0,0
2026-07-26T23:10:00+00:00,2026-07-26,-21.92,0,0,,,25.0,88.0,31.0,0
2026-07-26T23:20:00+00:00,2026-07-26,-22.03,0,0,,,23.61,88.0,42.0,0
2026-07-26T23:30:00+00:00,2026-07-26,-22.07,0,0,,,36.11,88.0,52.0,0
2026-07-26T23:40:00+00:00,2026-07-26,-22.04,0,0,,,25.0,75.0,52.0,0
2026-07-26T23:50:00+00:00,2026-07-26,-21.94,0,0,,,16.67,75.0,63.0,0
2026-07-27T00:00:00+00:00,2026-07-27,-21.76,0,0,,,55.56,75.0,73.0,0
2026-07-27T00:10:00+00:00,2026-07-27,-21.51,0,0,,,86.11,0.0,73.0,0
2026-07-27T00:20:00+00:00,2026-07-27,-21.19,0,0,,,95.83,0.0,73.0,0
2026-07-27T00:30:00+00:00,2026-07-27,-20.8,0,0,,,88.89,0.0,73.0,0
2026-07-27T00:40:00+00:00,2026-07-27,-20.33,0,0,,,77.78,38.0,73.0,0
2026-07-27T00:50:00+00:00,2026-07-27,-19.81,0,0,,,70.83,38.0,73.0,0
2026-07-27T01:00:00+00:00,2026-07-27,-19.21,0,0,,,48.61,38.0,73.0,0
2026-07-27T01:10:00+00:00,2026-07-27,-18.55,0,0,,,19.44,88.0,73.0,0
2026-07-27T01:20:00+00:00,2026-07-27,-17.83,0,0,,,38.89,88.0,80.0,0
2026-07-27T01:30:00+00:00,2026-07-27,-17.05,0,0,,,69.44,88.0,69.0,0
2026-07-27T01:40:00+00:00,2026-07-27,-16.21,0,0,,,94.44,100.0,69.0,0
2026-07-27T01:50:00+00:00,2026-07-27,-15.31,0,0,,,100.0,100.0,84.0,0
2026-07-27T02:00:00+00:00,2026-07-27,-14.37,0,0,,,100.0,100.0,100.0,0
2026-07-27T02:10:00+00:00,2026-07-27,-13.36,0,0,,,95.83,50.0,100.0,0
2026-07-27T02:20:00+00:00,2026-07-27,-12.31,0,0,,,98.61,50.0,94.0,0
2026-07-27T02:30:00+00:00,2026-07-27,-11.22,0,0,,,100.0,50.0,88.0,0
2026-07-27T02:40:00+00:00,2026-07-27,-10.07,0,0,,,91.67,88.0,88.0,0
2026-07-27T02:50:00+00:00,2026-07-27,-8.89,0,0,,,97.22,88.0,81.0,0
2026-07-27T03:00:00+00:00,2026-07-27,-7.67,0,0,,,94.44,88.0,75.0,0
2026-07-27T03:10:00+00:00,2026-07-27,-6.4,0,0,,,97.22,100.0,75.0,0
2026-07-27T03:20:00+00:00,2026-07-27,-5.1,0,0,,,94.44,100.0,81.0,0
2026-07-27T03:30:00+00:00,2026-07-27,-3.77,0,0,,,100.0,100.0,88.0,0
2026-07-27T03:40:00+00:00,2026-07-27,-2.4,0,0,,,100.0,88.0,88.0,0
2026-07-27T03:50:00+00:00,2026-07-27,-1.01,0,0,,,100.0,88.0,94.0,0
2026-07-27T04:00:00+00:00,2026-07-27,0.84,0,0,,,97.22,88.0,100.0,0
2026-07-27T04:10:00+00:00,2026-07-27,2.15,0,0,,,100.0,100.0,100.0,0
2026-07-27T04:20:00+00:00,2026-07-27,3.55,0,0,,,100.0,100.0,100.0,0
2026-07-27T04:30:00+00:00,2026-07-27,5.0,1,0,0,100.0,95.83,100.0,96.0,1
2026-07-27T04:40:00+00:00,2026-07-27,6.49,1,0,0,99.2916,88.89,100.0,96.0,1
2026-07-27T04:50:00+00:00,2026-07-27,8.01,1,0,0,74.2685,90.28,100.0,94.0,1
2026-07-27T05:00:00+00:00,2026-07-27,9.55,1,0,0,99.3548,80.56,100.0,92.0,1
2026-07-27T05:10:00+00:00,2026-07-27,11.11,1,0,0,87.6295,68.06,88.0,92.0,1
2026-07-27T05:20:00+00:00,2026-07-27,12.69,1,0,0,14.5373,59.72,88.0,88.0,1
2026-07-27T05:30:00+00:00,2026-07-27,14.28,1,1,0,,79.17,88.0,85.0,0
2026-07-27T05:40:00+00:00,2026-07-27,15.89,1,0,0,53.4338,79.17,88.0,85.0,1
2026-07-27T05:50:00+00:00,2026-07-27,17.51,1,0,0,92.9399,75.0,88.0,81.0,1
2026-07-27T06:00:00+00:00,2026-07-27,19.13,1,0,0,77.9559,81.94,88.0,77.0,1
2026-07-27T06:10:00+00:00,2026-07-27,20.77,1,0,0,68.4644,95.83,38.0,77.0,1
2026-07-27T06:20:00+00:00,2026-07-27,22.41,1,0,0,94.3726,94.44,38.0,75.0,1
2026-07-27T06:30:00+00:00,2026-07-27,24.05,1,0,0,92.9114,91.67,38.0,73.0,1
2026-07-27T06:40:00+00:00,2026-07-27,25.7,1,0,0,78.2582,66.67,100.0,73.0,1
2026-07-27T06:50:00+00:00,2026-07-27,27.35,1,0,0,35.2263,55.56,100.0,70.0,1
2026-07-27T07:00:00+00:00,2026-07-27,28.99,1,0,0,65.3929,61.11,100.0,68.0,1
2026-07-27T07:10:00+00:00,2026-07-27,30.64,1,0,0,88.8118,41.67,100.0,68.0,1
2026-07-27T07:20:00+00:00,2026-07-27,32.27,1,0,0,50.7654,26.39,100.0,63.0,1
2026-07-27T07:30:00+00:00,2026-07-27,33.9,1,0,0,67.257,26.39,100.0,73.0,1
2026-07-27T07:40:00+00:00,2026-07-27,35.52,1,0,0,6.5728,29.17,88.0,73.0,1
2026-07-27T07:50:00+00:00,2026-07-27,37.13,1,0,0,3.9015,45.83,88.0,65.0,1
2026-07-27T08:00:00+00:00,2026-07-27,38.73,1,0,0,0.0,45.83,88.0,56.0,1
2026-07-27T08:10:00+00:00,2026-07-27,40.3,1,0,0,13.5758,48.61,38.0,56.0,1
2026-07-27T08:20:00+00:00,2026-07-27,41.86,1,0,0,64.547,58.33,38.0,49.0,1
2026-07-27T08:30:00+00:00,2026-07-27,43.39,1,0,0,65.9995,54.17,38.0,41.0,1
2026-07-27T08:40:00+00:00,2026-07-27,44.89,1,0,0,65.0286,37.5,75.0,41.0,1
2026-07-27T08:50:00+00:00,2026-07-27,46.36,1,0,0,29.3567,43.06,75.0,34.0,1
2026-07-27T09:00:00+00:00,2026-07-27,47.8,1,0,0,57.3295,44.44,75.0,26.0,1
2026-07-27T09:10:00+00:00,2026-07-27,49.19,1,0,0,43.1678,52.78,50.0,26.0,1
2026-07-27T09:20:00+00:00,2026-07-27,50.54,1,0,0,52.1999,61.11,50.0,42.0,1
2026-07-27T09:30:00+00:00,2026-07-27,51.83,1,0,0,49.3699,66.67,50.0,58.0,1
2026-07-27T09:40:00+00:00,2026-07-27,53.06,1,0,0,26.894,66.67,25.0,58.0,1
2026-07-27T09:50:00+00:00,2026-07-27,54.23,1,0,0,5.9006,62.5,25.0,74.0,1
2026-07-27T10:00:00+00:00,2026-07-27,55.32,1,1,0,,76.39,25.0,90.0,0
2026-07-27T10:10:00+00:00,2026-07-27,56.33,1,0,0,9.3453,83.33,25.0,90.0,1
2026-07-27T10:20:00+00:00,2026-07-27,57.25,1,0,0,22.4395,88.89,25.0,88.0,1
2026-07-27T10:30:00+00:00,2026-07-27,58.07,1,0,0,42.7991,91.67,25.0,90.0,1
2026-07-27T10:40:00+00:00,2026-07-27,58.78,1,0,0,82.6642,94.44,75.0,90.0,1
2026-07-27T10:50:00+00:00,2026-07-27,59.38,1,0,0,52.498,94.44,75.0,94.0,1
2026-07-27T11:00:00+00:00,2026-07-27,59.85,1,0,0,87.8135,98.61,75.0,97.0,1
2026-07-27T11:10:00+00:00,2026-07-27,60.19,1,0,0,99.8698,97.22,63.0,97.0,1
2026-07-27T11:20:00+00:00,2026-07-27,60.4,1,0,0,99.7836,100.0,63.0,98.0,1
2026-07-27T11:30:00+00:00,2026-07-27,60.48,1,0,0,97.6958,100.0,63.0,99.0,1
2026-07-27T11:40:00+00:00,2026-07-27,60.41,1,0,0,79.5784,100.0,88.0,99.0,1
2026-07-27T11:50:00+00:00,2026-07-27,60.21,1,0,0,51.035,97.22,88.0,99.0,1
2026-07-27T12:00:00+00:00,2026-07-27,59.88,1,0,0,76.7285,97.22,88.0,100.0,1
2026-07-27T12:10:00+00:00,2026-07-27,59.41,1,0,1,89.4799,97.22,88.0,100.0,1
2026-07-27T12:20:00+00:00,2026-07-27,58.83,1,0,1,82.0146,100.0,88.0,100.0,1
2026-07-27T12:30:00+00:00,2026-07-27,58.12,1,0,1,51.1496,100.0,88.0,100.0,1
2026-07-27T12:40:00+00:00,2026-07-27,57.31,1,0,1,73.367,97.22,63.0,100.0,1
2026-07-27T12:50:00+00:00,2026-07-27,56.4,1,0,1,53.7691,91.67,63.0,100.0,1
2026-07-27T13:00:00+00:00,2026-07-27,55.39,1,0,1,43.9863,94.44,63.0,100.0,1
2026-07-27T13:10:00+00:00,2026-07-27,54.31,1,0,1,41.7148,100.0,50.0,100.0,1
2026-07-27T13:20:00+00:00,2026-07-27,53.14,1,0,1,79.6544,95.83,50.0,100.0,1
2026-07-27T13:30:00+00:00,2026-07-27,51.92,1,0,1,97.6486,98.61,50.0,93.0,1
2026-07-27T13:40:00+00:00,2026-07-27,50.63,1,0,1,95.826,95.83,75.0,93.0,1
2026-07-27T13:50:00+00:00,2026-07-27,49.28,1,0,1,55.4922,100.0,75.0,96.0,1
2026-07-27T14:00:00+00:00,2026-07-27,47.89,1,0,1,22.8355,93.06,75.0,100.0,1
2026-07-27T14:10:00+00:00,2026-07-27,46.46,1,0,1,39.2824,88.89,88.0,100.0,1
2026-07-27T14:20:00+00:00,2026-07-27,44.99,1,0,1,79.7915,98.61,88.0,85.0,1
2026-07-27T14:30:00+00:00,2026-07-27,43.49,1,0,1,78.2143,94.44,88.0,70.0,1
2026-07-27T14:40:00+00:00,2026-07-27,41.96,1,0,1,95.2275,87.5,63.0,70.0,1
2026-07-27T14:50:00+00:00,2026-07-27,40.4,1,0,1,48.08,81.94,63.0,55.0,1
2026-07-27T15:00:00+00:00,2026-07-27,38.82,1,0,1,80.0573,86.11,63.0,40.0,1
2026-07-27T15:10:00+00:00,2026-07-27,37.23,1,0,1,11.4517,66.67,50.0,40.0,1
2026-07-27T15:20:00+00:00,2026-07-27,35.62,1,0,1,25.1121,83.33,50.0,40.0,1
2026-07-27T15:30:00+00:00,2026-07-27,34.0,1,0,1,81.9373,81.94,50.0,39.0,1
2026-07-27T15:40:00+00:00,2026-07-27,32.37,1,0,1,46.2881,70.83,75.0,39.0,1
2026-07-27T15:50:00+00:00,2026-07-27,30.73,1,0,1,51.048,69.44,75.0,39.0,1
2026-07-27T16:00:00+00:00,2026-07-27,29.08,1,0,1,53.2375,72.22,75.0,38.0,1
2026-07-27T16:10:00+00:00,2026-07-27,27.44,1,0,1,81.5465,77.78,63.0,38.0,1
2026-07-27T16:20:00+00:00,2026-07-27,25.79,1,0,1,91.836,84.72,63.0,29.0,1
2026-07-27T16:30:00+00:00,2026-07-27,24.14,1,0,1,74.9488,98.61,63.0,0.0,1
2026-07-27T16:40:00+00:00,2026-07-27,22.49,1,0,1,94.3319,95.83,88.0,0.0,1
2026-07-27T16:50:00+00:00,2026-07-27,20.85,1,0,1,92.1508,97.22,88.0,0.0,1
2026-07-27T17:00:00+00:00,2026-07-27,19.21,1,0,1,95.1279,88.89,88.0,0.0,1
2026-07-27T17:10:00+00:00,2026-07-27,17.58,1,0,1,89.2815,81.94,63.0,0.0,1
2026-07-27T17:20:00+00:00,2026-07-27,15.96,1,0,1,81.8527,70.83,63.0,0.0,1
2026-07-27T17:30:00+00:00,2026-07-27,14.35,1,0,1,78.3504,65.28,63.0,0.0,1
2026-07-27T17:40:00+00:00,2026-07-27,12.75,1,1,1,,58.33,88.0,0.0,0
2026-07-27T17:50:00+00:00,2026-07-27,11.17,1,0,1,61.9807,30.56,88.0,0.0,1
2026-07-27T18:00:00+00:00,2026-07-27,9.6,1,0,1,55.1324,11.11,88.0,0.0,1
2026-07-27T18:10:00+00:00,2026-07-27,8.06,1,0,0,30.2203,15.28,63.0,0.0,1
2026-07-27T18:20:00+00:00,2026-07-27,6.54,1,0,0,45.7908,4.17,63.0,1.0,1
2026-07-27T18:30:00+00:00,2026-07-27,5.04,1,0,0,51.0763,0.0,63.0,1.0,1
2026-07-27T18:40:00+00:00,2026-07-27,3.58,0,0,,,0.0,75.0,1.0,0
2026-07-27T18:50:00+00:00,2026-07-27,2.18,0,0,,,2.78,75.0,2.0,0
2026-07-27T19:00:00+00:00,2026-07-27,0.86,0,0,,,0.0,75.0,2.0,0
2026-07-27T19:10:00+00:00,2026-07-27,-0.99,0,0,,,0.0,50.0,2.0,0
2026-07-27T19:20:00+00:00,2026-07-27,-2.4,0,0,,,13.89,50.0,2.0,0
2026-07-27T19:30:00+00:00,2026-07-27,-3.77,0,0,,,18.06,50.0,0.0,0
2026-07-27T19:40:00+00:00,2026-07-27,-5.11,0,0,,,11.11,25.0,0.0,0
2026-07-27T19:50:00+00:00,2026-07-27,-6.42,0,0,,,13.89,25.0,0.0,0
2026-07-27T20:00:00+00:00,2026-07-27,-7.69,0,0,,,1.39,25.0,0.0,0
2026-07-27T20:10:00+00:00,2026-07-27,-8.92,0,0,,,20.83,63.0,0.0,0
2026-07-27T20:20:00+00:00,2026-07-27,-10.11,0,0,,,2.78,63.0,0.0,0
2026-07-27T20:30:00+00:00,2026-07-27,-11.26,0,0,,,0.0,63.0,0.0,0
2026-07-27T20:40:00+00:00,2026-07-27,-12.37,0,0,,,0.0,38.0,0.0,0
2026-07-27T20:50:00+00:00,2026-07-27,-13.43,0,0,,,0.0,38.0,0.0,0
2026-07-27T21:00:00+00:00,2026-07-27,-14.44,0,0,,,0.0,38.0,0.0,0
2026-07-27T21:10:00+00:00,2026-07-27,-15.4,0,0,,,0.0,0.0,0.0,0
2026-07-27T21:20:00+00:00,2026-07-27,-16.3,0,0,,,0.0,0.0,0.0,0
2026-07-27T21:30:00+00:00,2026-07-27,-17.15,0,0,,,0.0,0.0,0.0,0
2026-07-27T21:40:00+00:00,2026-07-27,-17.94,0,0,,,0.0,0.0,0.0,0
2026-07-27T21:50:00+00:00,2026-07-27,-18.68,0,0,,,0.0,0.0,0.0,0
2026-07-27T22:00:00+00:00,2026-07-27,-19.34,0,0,,,0.0,0.0,0.0,0
2026-07-27T22:10:00+00:00,2026-07-27,-19.95,0,0,,,0.0,0.0,0.0,0
2026-07-27T22:20:00+00:00,2026-07-27,-20.49,0,0,,,0.0,0.0,0.0,0
2026-07-27T22:30:00+00:00,2026-07-27,-20.96,0,0,,,0.0,0.0,0.0,0
2026-07-27T22:40:00+00:00,2026-07-27,-21.36,0,0,,,0.0,0.0,0.0,0
2026-07-27T22:50:00+00:00,2026-07-27,-21.7,0,0,,,0.0,0.0,0.0,0
2026-07-27T23:00:00+00:00,2026-07-27,-21.96,0,0,,,0.0,0.0,0.0,0
2026-07-27T23:10:00+00:00,2026-07-27,-22.14,0,0,,,0.0,0.0,0.0,0
2026-07-27T23:20:00+00:00,2026-07-27,-22.26,0,0,,,0.0,0.0,0.0,0
2026-07-27T23:30:00+00:00,2026-07-27,-22.3,0,0,,,0.0,0.0,0.0,0
2026-07-27T23:40:00+00:00,2026-07-27,-22.27,0,0,,,0.0,0.0,0.0,0
2026-07-27T23:50:00+00:00,2026-07-27,-22.16,0,0,,,0.0,0.0,0.0,0
2026-07-28T00:00:00+00:00,2026-07-28,-21.99,0,0,,,0.0,0.0,0.0,0
2026-07-28T00:10:00+00:00,2026-07-28,-21.73,0,0,,,0.0,0.0,0.0,0
2026-07-28T00:20:00+00:00,2026-07-28,-21.41,0,0,,,0.0,0.0,0.0,0
2026-07-28T00:30:00+00:00,2026-07-28,-21.02,0,0,,,0.0,0.0,0.0,0
2026-07-28T00:40:00+00:00,2026-07-28,-20.56,0,0,,,0.0,0.0,0.0,0
2026-07-28T00:50:00+00:00,2026-07-28,-20.03,0,0,,,0.0,0.0,0.0,0
2026-07-28T01:00:00+00:00,2026-07-28,-19.43,0,0,,,0.0,0.0,0.0,0
2026-07-28T01:10:00+00:00,2026-07-28,-18.77,0,0,,,0.0,0.0,0.0,0
2026-07-28T01:20:00+00:00,2026-07-28,-18.05,0,0,,,0.0,0.0,0.0,0
2026-07-28T01:30:00+00:00,2026-07-28,-17.26,0,0,,,0.0,0.0,0.0,0
2026-07-28T01:40:00+00:00,2026-07-28,-16.42,0,0,,,0.0,0.0,0.0,0
2026-07-28T01:50:00+00:00,2026-07-28,-15.52,0,0,,,0.0,0.0,0.0,0
2026-07-28T02:00:00+00:00,2026-07-28,-14.57,0,0,,,0.0,0.0,0.0,0
2026-07-28T02:10:00+00:00,2026-07-28,-13.57,0,0,,,0.0,0.0,0.0,0
2026-07-28T02:20:00+00:00,2026-07-28,-12.52,0,0,,,0.0,0.0,0.0,0
2026-07-28T02:30:00+00:00,2026-07-28,-11.42,0,0,,,0.0,0.0,0.0,0
2026-07-28T02:40:00+00:00,2026-07-28,-10.27,0,0,,,0.0,0.0,0.0,0
2026-07-28T02:50:00+00:00,2026-07-28,-9.08,0,0,,,0.0,0.0,0.0,0
2026-07-28T03:00:00+00:00,2026-07-28,-7.86,0,0,,,0.0,0.0,,0
2026-07-28T03:10:00+00:00,2026-07-28,-6.59,0,0,,,0.0,0.0,0.0,0
2026-07-28T03:20:00+00:00,2026-07-28,-5.29,0,0,,,0.0,0.0,0.0,0
2026-07-28T03:30:00+00:00,2026-07-28,-3.95,0,0,,,0.0,0.0,0.0,0
2026-07-28T03:40:00+00:00,2026-07-28,-2.59,0,0,,,0.0,0.0,0.0,0
2026-07-28T03:50:00+00:00,2026-07-28,-1.19,0,0,,,0.0,0.0,0.0,0
2026-07-28T04:00:00+00:00,2026-07-28,0.68,0,0,,,0.0,0.0,0.0,0
2026-07-28T04:10:00+00:00,2026-07-28,1.99,0,0,,,0.0,0.0,0.0,0
2026-07-28T04:20:00+00:00,2026-07-28,3.39,0,0,,,0.0,0.0,0.0,0
2026-07-28T04:30:00+00:00,2026-07-28,4.84,0,0,,,0.0,0.0,0.0,0
2026-07-28T04:40:00+00:00,2026-07-28,6.32,1,0,0,0.0,0.0,0.0,0.0,1
2026-07-28T04:50:00+00:00,2026-07-28,7.84,1,0,0,0.0,0.0,0.0,0.0,1
2026-07-28T05:00:00+00:00,2026-07-28,9.38,1,0,0,0.0,0.0,0.0,0.0,1
2026-07-28T05:10:00+00:00,2026-07-28,10.95,1,0,0,0.0,0.0,0.0,0.0,1
2026-07-28T05:20:00+00:00,2026-07-28,12.53,1,0,0,0.0,0.0,0.0,0.0,1
2026-07-28T05:30:00+00:00,2026-07-28,14.12,1,0,0,0.0,0.0,0.0,0.0,1
2026-07-28T05:40:00+00:00,2026-07-28,15.73,1,0,0,0.0,0.0,0.0,0.0,1
2026-07-28T05:50:00+00:00,2026-07-28,17.34,1,0,0,0.0,0.0,0.0,0.0,1
2026-07-28T06:00:00+00:00,2026-07-28,18.97,1,0,0,0.0,0.0,0.0,0.0,1
2026-07-28T06:10:00+00:00,2026-07-28,20.61,1,0,0,0.0,0.0,0.0,0.0,1
2026-07-28T06:20:00+00:00,2026-07-28,22.25,1,0,0,0.0,0.0,0.0,0.0,1
2026-07-28T06:30:00+00:00,2026-07-28,23.89,1,0,0,0.0,0.0,0.0,0.0,1
2026-07-28T06:40:00+00:00,2026-07-28,25.54,1,0,0,0.0,0.0,0.0,0.0,1
2026-07-28T06:50:00+00:00,2026-07-28,27.19,1,0,0,0.0,0.0,0.0,0.0,1
2026-07-28T07:00:00+00:00,2026-07-28,28.83,1,0,0,0.013,0.0,0.0,0.0,1
2026-07-28T07:10:00+00:00,2026-07-28,30.47,1,0,0,0.0,0.0,0.0,0.0,1
2026-07-28T07:20:00+00:00,2026-07-28,32.11,1,1,0,,0.0,0.0,0.0,0
2026-07-28T07:30:00+00:00,2026-07-28,33.74,1,0,0,0.0,0.0,0.0,0.0,1
2026-07-28T07:40:00+00:00,2026-07-28,35.36,1,0,0,0.0,0.0,0.0,0.0,1
2026-07-28T07:50:00+00:00,2026-07-28,36.97,1,0,0,0.0,0.0,0.0,0.0,1
2026-07-28T08:00:00+00:00,2026-07-28,38.56,1,0,0,0.0,0.0,0.0,0.0,1
2026-07-28T08:10:00+00:00,2026-07-28,40.13,1,0,0,0.0,0.0,0.0,0.0,1
2026-07-28T08:20:00+00:00,2026-07-28,41.69,1,0,0,0.0,0.0,0.0,0.0,1
2026-07-28T08:30:00+00:00,2026-07-28,43.22,1,0,0,0.0,0.0,0.0,0.0,1
2026-07-28T08:40:00+00:00,2026-07-28,44.72,1,0,0,0.0002,2.78,0.0,0.0,1
2026-07-28T08:50:00+00:00,2026-07-28,46.19,1,0,0,0.0001,0.0,0.0,0.0,1
2026-07-28T09:00:00+00:00,2026-07-28,47.62,1,0,0,0.0,0.0,0.0,0.0,1
2026-07-28T09:10:00+00:00,2026-07-28,49.01,1,0,0,0.0,0.0,0.0,0.0,1
2026-07-28T09:20:00+00:00,2026-07-28,50.35,1,0,0,0.0,0.0,0.0,1.0,1
2026-07-28T09:30:00+00:00,2026-07-28,51.64,1,0,0,0.0,0.0,0.0,1.0,1
2026-07-28T09:40:00+00:00,2026-07-28,52.87,1,0,0,0.0,0.0,0.0,1.0,1
2026-07-28T09:50:00+00:00,2026-07-28,54.03,1,0,0,0.0001,0.0,0.0,2.0,1
2026-07-28T10:00:00+00:00,2026-07-28,55.12,1,0,0,0.0,0.0,0.0,2.0,1
2026-07-28T10:10:00+00:00,2026-07-28,56.12,1,0,0,0.0,0.0,0.0,2.0,1
2026-07-28T10:20:00+00:00,2026-07-28,57.04,1,0,0,0.0002,0.0,0.0,4.0,1
2026-07-28T10:30:00+00:00,2026-07-28,57.85,1,0,0,0.0002,0.0,0.0,1.0,1
2026-07-28T10:40:00+00:00,2026-07-28,58.56,1,0,0,0.0,0.0,0.0,1.0,1
2026-07-28T10:50:00+00:00,2026-07-28,59.15,1,0,0,0.0,1.39,0.0,1.0,1
2026-07-28T11:00:00+00:00,2026-07-28,59.62,1,0,0,0.0,1.39,0.0,1.0,1
2026-07-28T11:10:00+00:00,2026-07-28,59.97,1,0,0,0.0,1.39,0.0,1.0,1
2026-07-28T11:20:00+00:00,2026-07-28,60.17,1,0,0,0.0045,1.39,0.0,1.0,1
2026-07-28T11:30:00+00:00,2026-07-28,60.25,1,0,0,0.3249,0.0,0.0,1.0,1
2026-07-28T11:40:00+00:00,2026-07-28,60.18,1,0,0,0.4589,0.0,0.0,1.0,1
2026-07-28T11:50:00+00:00,2026-07-28,59.98,1,0,0,0.5719,0.0,0.0,0.0,1
2026-07-28T12:00:00+00:00,2026-07-28,59.65,1,0,0,0.502,0.0,0.0,0.0,1
2026-07-28T12:10:00+00:00,2026-07-28,59.19,1,0,1,0.9279,0.0,0.0,0.0,1
2026-07-28T12:20:00+00:00,2026-07-28,58.6,1,0,1,1.1886,0.0,0.0,0.0,1
2026-07-28T12:30:00+00:00,2026-07-28,57.9,1,0,1,0.8488,0.0,0.0,0.0,1
2026-07-28T12:40:00+00:00,2026-07-28,57.09,1,0,1,1.1803,,0.0,0.0,0
2026-07-28T12:50:00+00:00,2026-07-28,56.18,1,0,1,0.7572,,0.0,0.0,0
2026-07-28T13:00:00+00:00,2026-07-28,55.18,1,0,1,0.3735,,0.0,0.0,0
2026-07-28T13:10:00+00:00,2026-07-28,54.1,1,0,1,0.3625,,0.0,0.0,0
2026-07-28T13:20:00+00:00,2026-07-28,52.94,1,0,1,0.3257,0.0,0.0,0.0,1
2026-07-28T13:30:00+00:00,2026-07-28,51.72,1,0,1,0.2728,0.0,0.0,0.0,1
2026-07-28T13:40:00+00:00,2026-07-28,50.43,1,0,1,0.4261,0.0,0.0,0.0,1
2026-07-28T13:50:00+00:00,2026-07-28,49.09,1,0,1,0.3423,0.0,0.0,0.0,1
2026-07-28T14:00:00+00:00,2026-07-28,47.7,1,0,1,0.3659,0.0,0.0,0.0,1
2026-07-28T14:10:00+00:00,2026-07-28,46.27,1,0,1,0.4077,0.0,0.0,0.0,1
2026-07-28T14:20:00+00:00,2026-07-28,44.81,1,0,1,0.4185,0.0,0.0,0.0,1
2026-07-28T14:30:00+00:00,2026-07-28,43.31,1,0,1,0.3464,0.0,0.0,0.0,1
2026-07-28T14:40:00+00:00,2026-07-28,41.78,1,0,1,0.5253,0.0,0.0,0.0,1
2026-07-28T14:50:00+00:00,2026-07-28,40.22,1,0,1,0.4352,0.0,0.0,0.0,1
2026-07-28T15:00:00+00:00,2026-07-28,38.65,1,0,1,0.6464,0.0,0.0,0.0,1
2026-07-28T15:10:00+00:00,2026-07-28,37.06,1,0,1,0.4713,0.0,0.0,0.0,1
2026-07-28T15:20:00+00:00,2026-07-28,35.45,1,1,1,,0.0,0.0,0.0,0
2026-07-28T15:30:00+00:00,2026-07-28,33.83,1,0,1,0.4563,0.0,0.0,0.0,1
2026-07-28T15:40:00+00:00,2026-07-28,32.2,1,0,1,0.6018,0.0,0.0,0.0,1
2026-07-28T15:50:00+00:00,2026-07-28,30.56,1,0,1,0.6123,0.0,0.0,,0
2026-07-28T16:00:00+00:00,2026-07-28,28.92,1,0,1,0.8692,0.0,0.0,0.0,1
2026-07-28T16:10:00+00:00,2026-07-28,27.27,1,0,1,0.9356,0.0,0.0,0.0,1
2026-07-28T16:20:00+00:00,2026-07-28,25.62,1,0,1,0.9641,0.0,0.0,0.0,1
2026-07-28T16:30:00+00:00,2026-07-28,23.97,1,0,1,1.1714,0.0,0.0,0.0,1
2026-07-28T16:40:00+00:00,2026-07-28,22.32,1,0,1,1.3666,0.0,0.0,0.0,1
2026-07-28T16:50:00+00:00,2026-07-28,20.68,1,0,1,1.3939,0.0,0.0,0.0,1
2026-07-28T17:00:00+00:00,2026-07-28,19.04,1,0,1,1.8994,0.0,0.0,0.0,1
2026-07-28T17:10:00+00:00,2026-07-28,17.41,1,0,1,1.9683,0.0,0.0,0.0,1
2026-07-28T17:20:00+00:00,2026-07-28,15.79,1,0,1,2.1678,0.0,0.0,0.0,1
2026-07-28T17:30:00+00:00,2026-07-28,14.18,1,0,1,2.0198,0.0,0.0,0.0,1
2026-07-28T17:40:00+00:00,2026-07-28,12.58,1,0,1,1.8736,0.0,0.0,0.0,1
2026-07-28T17:50:00+00:00,2026-07-28,11.0,1,0,1,2.9006,0.0,0.0,0.0,1
2026-07-28T18:00:00+00:00,2026-07-28,9.43,1,0,1,5.7699,0.0,0.0,0.0,1
2026-07-28T18:10:00+00:00,2026-07-28,7.88,1,0,0,14.7066,0.0,0.0,0.0,1
2026-07-28T18:20:00+00:00,2026-07-28,6.36,1,0,0,26.0491,0.0,0.0,0.0,1
2026-07-28T18:30:00+00:00,2026-07-28,4.87,0,0,,,0.0,0.0,0.0,0
2026-07-28T18:40:00+00:00,2026-07-28,3.41,0,0,,,0.0,0.0,0.0,0
2026-07-28T18:50:00+00:00,2026-07-28,2.01,0,0,,,0.0,0.0,0.0,0
2026-07-28T19:00:00+00:00,2026-07-28,0.69,0,0,,,0.0,0.0,0.0,0
2026-07-28T19:10:00+00:00,2026-07-28,-1.18,0,0,,,0.0,0.0,0.0,0
2026-07-28T19:20:00+00:00,2026-07-28,-2.59,0,0,,,0.0,0.0,0.0,0
2026-07-28T19:30:00+00:00,2026-07-28,-3.96,0,0,,,0.0,0.0,0.0,0
2026-07-28T19:40:00+00:00,2026-07-28,-5.3,0,0,,,0.0,0.0,0.0,0
2026-07-28T19:50:00+00:00,2026-07-28,-6.61,0,0,,,0.0,0.0,0.0,0
2026-07-28T20:00:00+00:00,2026-07-28,-7.89,0,0,,,0.0,0.0,0.0,0
2026-07-28T20:10:00+00:00,2026-07-28,-9.12,0,0,,,0.0,0.0,0.0,0
2026-07-28T20:20:00+00:00,2026-07-28,-10.32,0,0,,,0.0,0.0,0.0,0
2026-07-28T20:30:00+00:00,2026-07-28,-11.47,0,0,,,0.0,0.0,0.0,0
2026-07-28T20:40:00+00:00,2026-07-28,-12.58,0,0,,,0.0,0.0,0.0,0
2026-07-28T20:50:00+00:00,2026-07-28,-13.64,0,0,,,0.0,0.0,0.0,0
2026-07-28T21:00:00+00:00,2026-07-28,-14.65,0,0,,,0.0,0.0,0.0,0
2026-07-28T21:10:00+00:00,2026-07-28,-15.61,0,0,,,0.0,0.0,0.0,0
2026-07-28T21:20:00+00:00,2026-07-28,-16.52,0,0,,,0.0,0.0,0.0,0
2026-07-28T21:30:00+00:00,2026-07-28,-17.37,0,0,,,0.0,0.0,0.0,0
2026-07-28T21:40:00+00:00,2026-07-28,-18.17,0,0,,,0.0,0.0,0.0,0
2026-07-28T21:50:00+00:00,2026-07-28,-18.9,0,0,,,0.0,0.0,0.0,0
2026-07-28T22:00:00+00:00,2026-07-28,-19.57,0,0,,,0.0,0.0,0.0,0
2026-07-28T22:10:00+00:00,2026-07-28,-20.18,0,0,,,0.0,0.0,0.0,0
2026-07-28T22:20:00+00:00,2026-07-28,-20.72,0,0,,,0.0,0.0,0.0,0
2026-07-28T22:30:00+00:00,2026-07-28,-21.19,0,0,,,0.0,0.0,0.0,0
2026-07-28T22:40:00+00:00,2026-07-28,-21.59,0,0,,,0.0,0.0,0.0,0
2026-07-28T22:50:00+00:00,2026-07-28,-21.93,0,0,,,0.0,0.0,0.0,0
2026-07-28T23:00:00+00:00,2026-07-28,-22.19,0,0,,,0.0,0.0,0.0,0
2026-07-28T23:10:00+00:00,2026-07-28,-22.38,0,0,,,0.0,0.0,0.0,0
2026-07-28T23:20:00+00:00,2026-07-28,-22.49,0,0,,,0.0,0.0,0.0,0
2026-07-28T23:30:00+00:00,2026-07-28,-22.53,0,0,,,0.0,0.0,0.0,0
2026-07-28T23:40:00+00:00,2026-07-28,-22.5,0,0,,,0.0,0.0,0.0,0
2026-07-28T23:50:00+00:00,2026-07-28,-22.4,0,0,,,0.0,0.0,0.0,0
2026-07-29T00:00:00+00:00,2026-07-29,-22.22,0,0,,,0.0,0.0,0.0,0
2026-07-29T00:10:00+00:00,2026-07-29,-21.96,0,0,,,0.0,0.0,0.0,0
2026-07-29T00:20:00+00:00,2026-07-29,-21.64,0,0,,,0.0,0.0,0.0,0
2026-07-29T00:30:00+00:00,2026-07-29,-21.25,0,0,,,0.0,0.0,0.0,0
2026-07-29T00:40:00+00:00,2026-07-29,-20.78,0,0,,,0.0,0.0,0.0,0
2026-07-29T00:50:00+00:00,2026-07-29,-20.25,0,0,,,0.0,0.0,0.0,0
2026-07-29T01:00:00+00:00,2026-07-29,-19.65,0,0,,,0.0,0.0,0.0,0
2026-07-29T01:10:00+00:00,2026-07-29,-18.99,0,0,,,0.0,0.0,0.0,0
2026-07-29T01:20:00+00:00,2026-07-29,-18.27,0,0,,,0.0,0.0,0.0,0
2026-07-29T01:30:00+00:00,2026-07-29,-17.48,0,0,,,0.0,0.0,0.0,0
2026-07-29T01:40:00+00:00,2026-07-29,-16.64,0,0,,,0.0,0.0,0.0,0
2026-07-29T01:50:00+00:00,2026-07-29,-15.74,0,0,,,0.0,0.0,0.0,0
2026-07-29T02:00:00+00:00,2026-07-29,-14.78,0,0,,,0.0,0.0,0.0,0
2026-07-29T02:10:00+00:00,2026-07-29,-13.78,0,0,,,0.0,0.0,0.0,0
2026-07-29T02:20:00+00:00,2026-07-29,-12.72,0,0,,,0.0,0.0,0.0,0
2026-07-29T02:30:00+00:00,2026-07-29,-11.62,0,0,,,0.0,0.0,0.0,0
2026-07-29T02:40:00+00:00,2026-07-29,-10.47,0,0,,,0.0,0.0,0.0,0
2026-07-29T02:50:00+00:00,2026-07-29,-9.28,0,0,,,0.0,0.0,0.0,0
2026-07-29T03:00:00+00:00,2026-07-29,-8.05,0,0,,,0.0,0.0,0.0,0
2026-07-29T03:10:00+00:00,2026-07-29,-6.78,0,0,,,0.0,0.0,0.0,0
2026-07-29T03:20:00+00:00,2026-07-29,-5.48,0,0,,,0.0,0.0,0.0,0
2026-07-29T03:30:00+00:00,2026-07-29,-4.14,0,0,,,0.0,0.0,0.0,0
2026-07-29T03:40:00+00:00,2026-07-29,-2.77,0,0,,,0.0,0.0,0.0,0
2026-07-29T03:50:00+00:00,2026-07-29,-1.37,0,0,,,0.0,0.0,0.0,0
2026-07-29T04:00:00+00:00,2026-07-29,0.52,0,0,,,0.0,0.0,0.0,0
2026-07-29T04:10:00+00:00,2026-07-29,1.82,0,0,,,0.0,0.0,0.0,0
2026-07-29T04:20:00+00:00,2026-07-29,3.22,0,0,,,0.0,0.0,0.0,0
2026-07-29T04:30:00+00:00,2026-07-29,4.66,0,0,,,0.0,0.0,0.0,0
2026-07-29T04:40:00+00:00,2026-07-29,6.15,1,0,0,0.0007,0.0,0.0,0.0,1
2026-07-29T04:50:00+00:00,2026-07-29,7.67,1,0,0,0.0,0.0,0.0,0.0,1
2026-07-29T05:00:00+00:00,2026-07-29,9.21,1,0,0,0.0,0.0,0.0,0.0,1
2026-07-29T05:10:00+00:00,2026-07-29,10.78,1,0,0,0.0,0.0,0.0,0.0,1
2026-07-29T05:20:00+00:00,2026-07-29,12.36,1,0,0,0.0,0.0,0.0,0.0,1
2026-07-29T05:30:00+00:00,2026-07-29,13.95,1,0,0,0.0,0.0,0.0,0.0,1
2026-07-29T05:40:00+00:00,2026-07-29,15.56,1,0,0,0.0,0.0,0.0,0.0,1
2026-07-29T05:50:00+00:00,2026-07-29,17.18,1,0,0,0.0,0.0,0.0,0.0,1
2026-07-29T06:00:00+00:00,2026-07-29,18.81,1,0,0,0.0,0.0,0.0,0.0,1
2026-07-29T06:10:00+00:00,2026-07-29,20.44,1,0,0,0.0,0.0,0.0,0.0,1
2026-07-29T06:20:00+00:00,2026-07-29,22.08,1,0,0,0.0,0.0,0.0,0.0,1
2026-07-29T06:30:00+00:00,2026-07-29,23.73,1,0,0,0.0,0.0,0.0,0.0,1
2026-07-29T06:40:00+00:00,2026-07-29,25.38,1,0,0,0.0,0.0,0.0,0.0,1
2026-07-29T06:50:00+00:00,2026-07-29,27.02,1,0,0,0.0,0.0,0.0,0.0,1
2026-07-29T07:00:00+00:00,2026-07-29,28.67,1,0,0,0.0,0.0,0.0,0.0,1
2026-07-29T07:10:00+00:00,2026-07-29,30.31,1,0,0,0.0,0.0,0.0,0.0,1
2026-07-29T07:20:00+00:00,2026-07-29,31.95,1,0,0,0.0,0.0,0.0,0.0,1
2026-07-29T07:30:00+00:00,2026-07-29,33.58,1,0,0,0.0,0.0,0.0,0.0,1
2026-07-29T07:40:00+00:00,2026-07-29,35.19,1,0,0,0.0,0.0,0.0,0.0,1
2026-07-29T07:50:00+00:00,2026-07-29,36.8,1,0,0,0.0,0.0,0.0,0.0,1
2026-07-29T08:00:00+00:00,2026-07-29,38.39,1,0,0,0.0,0.0,0.0,0.0,1
2026-07-29T08:10:00+00:00,2026-07-29,39.96,1,0,0,0.0,0.0,0.0,0.0,1
2026-07-29T08:20:00+00:00,2026-07-29,41.51,1,0,0,0.001,0.0,0.0,0.0,1
2026-07-29T08:30:00+00:00,2026-07-29,43.04,1,0,0,0.0029,0.0,0.0,0.0,1
2026-07-29T08:40:00+00:00,2026-07-29,44.54,1,0,0,0.0032,0.0,0.0,0.0,1
2026-07-29T08:50:00+00:00,2026-07-29,46.0,1,1,0,,0.0,0.0,0.0,0
2026-07-29T09:00:00+00:00,2026-07-29,47.43,1,0,0,0.0043,0.0,0.0,0.0,1
2026-07-29T09:10:00+00:00,2026-07-29,48.82,1,0,0,0.004,0.0,0.0,0.0,1
2026-07-29T09:20:00+00:00,2026-07-29,50.16,1,0,0,0.0047,0.0,0.0,0.0,1
2026-07-29T09:30:00+00:00,2026-07-29,51.44,1,0,0,0.0054,0.0,0.0,0.0,1
2026-07-29T09:40:00+00:00,2026-07-29,52.67,1,0,0,0.0066,0.0,0.0,0.0,1
2026-07-29T09:50:00+00:00,2026-07-29,53.83,1,0,0,0.0055,0.0,0.0,0.0,1
2026-07-29T10:00:00+00:00,2026-07-29,54.91,1,0,0,0.0063,0.0,0.0,0.0,1
2026-07-29T10:10:00+00:00,2026-07-29,55.91,1,0,0,0.008,0.0,0.0,0.0,1
2026-07-29T10:20:00+00:00,2026-07-29,56.82,1,0,0,0.0073,2.78,0.0,19.0,1
2026-07-29T10:30:00+00:00,2026-07-29,57.63,1,0,0,0.0093,9.72,0.0,0.0,1
2026-07-29T10:40:00+00:00,2026-07-29,58.34,1,0,0,0.4771,11.11,0.0,0.0,1
2026-07-29T10:50:00+00:00,2026-07-29,58.93,1,0,0,3.0524,12.5,0.0,0.0,1
2026-07-29T11:00:00+00:00,2026-07-29,59.39,1,1,0,,18.06,0.0,0.0,0
2026-07-29T11:10:00+00:00,2026-07-29,59.73,1,0,0,3.1205,20.83,0.0,0.0,1
2026-07-29T11:20:00+00:00,2026-07-29,59.94,1,0,0,11.9113,34.72,0.0,0.0,1
2026-07-29T11:30:00+00:00,2026-07-29,60.01,1,0,0,31.5154,43.06,0.0,0.0,1
2026-07-29T11:40:00+00:00,2026-07-29,59.95,1,0,0,26.195,43.06,0.0,0.0,1
2026-07-29T11:50:00+00:00,2026-07-29,59.75,1,0,0,13.5179,45.83,0.0,0.0,1
2026-07-29T12:00:00+00:00,2026-07-29,59.42,1,0,0,22.1421,51.39,0.0,0.0,1
2026-07-29T12:10:00+00:00,2026-07-29,58.96,1,0,1,25.3049,48.61,13.0,0.0,1
2026-07-29T12:20:00+00:00,2026-07-29,58.37,1,0,1,27.3275,59.72,13.0,0.0,1
2026-07-29T12:30:00+00:00,2026-07-29,57.68,1,0,1,5.9458,37.5,13.0,0.0,1
2026-07-29T12:40:00+00:00,2026-07-29,56.87,1,0,1,6.489,40.28,50.0,0.0,1
2026-07-29T12:50:00+00:00,2026-07-29,55.97,1,0,1,0.8706,45.83,50.0,0.0,1
2026-07-29T13:00:00+00:00,2026-07-29,54.97,1,0,1,2.2967,50.0,50.0,0.0,1
2026-07-29T13:10:00+00:00,2026-07-29,53.89,1,0,1,6.789,61.11,50.0,0.0,1
2026-07-29T13:20:00+00:00,2026-07-29,52.74,1,0,1,18.9762,61.11,50.0,4.0,1
2026-07-29T13:30:00+00:00,2026-07-29,51.51,1,0,1,24.9213,70.83,50.0,35.0,1
2026-07-29T13:40:00+00:00,2026-07-29,50.23,1,0,1,24.7535,66.67,63.0,35.0,1
2026-07-29T13:50:00+00:00,2026-07-29,48.89,1,0,1,16.7947,52.78,63.0,53.0,1
2026-07-29T14:00:00+00:00,2026-07-29,47.51,1,0,1,18.4857,58.33,63.0,70.0,1
2026-07-29T14:10:00+00:00,2026-07-29,46.08,1,0,1,22.0143,47.22,25.0,70.0,1
2026-07-29T14:20:00+00:00,2026-07-29,44.62,1,0,1,2.767,38.89,25.0,53.0,1
2026-07-29T14:30:00+00:00,2026-07-29,43.12,1,0,1,1.9498,40.28,25.0,35.0,1
2026-07-29T14:40:00+00:00,2026-07-29,41.59,1,0,1,5.5316,40.28,50.0,35.0,1
2026-07-29T14:50:00+00:00,2026-07-29,40.04,1,0,1,16.2088,33.33,50.0,18.0,1
2026-07-29T15:00:00+00:00,2026-07-29,38.47,1,0,1,0.1845,37.5,50.0,0.0,1
2026-07-29T15:10:00+00:00,2026-07-29,36.88,1,0,1,5.0161,31.94,13.0,0.0,1
2026-07-29T15:20:00+00:00,2026-07-29,35.27,1,0,1,12.6296,45.83,13.0,4.0,1
2026-07-29T15:30:00+00:00,2026-07-29,33.65,1,0,1,20.7536,43.06,13.0,8.0,1
2026-07-29T15:40:00+00:00,2026-07-29,32.02,1,0,1,21.3953,43.06,0.0,8.0,1
2026-07-29T15:50:00+00:00,2026-07-29,30.38,1,0,1,36.9099,36.11,0.0,12.0,1
2026-07-29T16:00:00+00:00,2026-07-29,28.74,1,0,1,18.0104,43.06,0.0,16.0,1
2026-07-29T16:10:00+00:00,2026-07-29,27.09,1,0,1,15.1314,38.89,13.0,16.0,1
2026-07-29T16:20:00+00:00,2026-07-29,25.44,1,0,1,26.7623,30.56,13.0,22.0,1
2026-07-29T16:30:00+00:00,2026-07-29,23.79,1,0,1,13.0104,26.39,13.0,0.0,1
2026-07-29T16:40:00+00:00,2026-07-29,22.15,1,0,1,22.5042,26.39,0.0,0.0,1
2026-07-29T16:50:00+00:00,2026-07-29,20.5,1,0,1,46.0812,37.5,0.0,0.0,1
2026-07-29T17:00:00+00:00,2026-07-29,18.87,1,0,1,58.7652,33.33,0.0,0.0,1
2026-07-29T17:10:00+00:00,2026-07-29,17.23,1,0,1,54.6906,20.83,0.0,0.0,1
2026-07-29T17:20:00+00:00,2026-07-29,15.61,1,0,1,55.5046,9.72,0.0,0.0,1
2026-07-29T17:30:00+00:00,2026-07-29,14.0,1,0,1,62.6491,6.94,0.0,0.0,1
2026-07-29T17:40:00+00:00,2026-07-29,12.4,1,0,1,57.4113,0.0,0.0,0.0,1
2026-07-29T17:50:00+00:00,2026-07-29,10.82,1,0,1,58.5637,0.0,0.0,0.0,1
2026-07-29T18:00:00+00:00,2026-07-29,9.25,1,0,1,56.1106,0.0,0.0,0.0,1
2026-07-29T18:10:00+00:00,2026-07-29,7.7,1,0,0,59.904,4.17,0.0,0.0,1
2026-07-29T18:20:00+00:00,2026-07-29,6.18,1,0,0,71.0421,6.94,0.0,0.0,1
2026-07-29T18:30:00+00:00,2026-07-29,4.68,0,0,,,2.78,0.0,0.0,0
2026-07-29T18:40:00+00:00,2026-07-29,3.23,0,0,,,0.0,0.0,0.0,0
2026-07-29T18:50:00+00:00,2026-07-29,1.83,0,0,,,0.0,0.0,0.0,0
2026-07-29T19:00:00+00:00,2026-07-29,0.53,0,0,,,0.0,0.0,0.0,0
2026-07-29T19:10:00+00:00,2026-07-29,-1.38,0,0,,,0.0,0.0,0.0,0
2026-07-29T19:20:00+00:00,2026-07-29,-2.78,0,0,,,0.0,0.0,0.0,0
2026-07-29T19:30:00+00:00,2026-07-29,-4.16,0,0,,,0.0,0.0,0.0,0
2026-07-29T19:40:00+00:00,2026-07-29,-5.5,0,0,,,0.0,0.0,0.0,0
2026-07-29T19:50:00+00:00,2026-07-29,-6.82,0,0,,,0.0,0.0,0.0,0
2026-07-29T20:00:00+00:00,2026-07-29,-8.09,0,0,,,0.0,0.0,0.0,0
2026-07-29T20:10:00+00:00,2026-07-29,-9.33,0,0,,,0.0,0.0,0.0,0
2026-07-29T20:20:00+00:00,2026-07-29,-10.53,0,0,,,0.0,0.0,0.0,0
2026-07-29T20:30:00+00:00,2026-07-29,-11.68,0,0,,,0.0,0.0,0.0,0
2026-07-29T20:40:00+00:00,2026-07-29,-12.79,0,0,,,0.0,0.0,0.0,0
2026-07-29T20:50:00+00:00,2026-07-29,-13.86,0,0,,,0.0,0.0,0.0,0
2026-07-29T21:00:00+00:00,2026-07-29,-14.87,0,0,,,0.0,0.0,0.0,0
2026-07-29T21:10:00+00:00,2026-07-29,-15.83,0,0,,,0.0,0.0,0.0,0
2026-07-29T21:20:00+00:00,2026-07-29,-16.74,0,0,,,0.0,0.0,1.0,0
2026-07-29T21:30:00+00:00,2026-07-29,-17.6,0,0,,,1.39,0.0,2.0,0
2026-07-29T21:40:00+00:00,2026-07-29,-18.39,0,0,,,0.0,0.0,2.0,0
2026-07-29T21:50:00+00:00,2026-07-29,-19.13,0,0,,,0.0,0.0,3.0,0
2026-07-29T22:00:00+00:00,2026-07-29,-19.8,0,0,,,0.0,0.0,4.0,0
2026-07-29T22:10:00+00:00,2026-07-29,-20.41,0,0,,,0.0,0.0,4.0,0
2026-07-29T22:20:00+00:00,2026-07-29,-20.95,0,0,,,0.0,0.0,3.0,0
2026-07-29T22:30:00+00:00,2026-07-29,-21.43,0,0,,,0.0,0.0,24.0,0
2026-07-29T22:40:00+00:00,2026-07-29,-21.83,0,0,,,0.0,0.0,24.0,0
2026-07-29T22:50:00+00:00,2026-07-29,-22.16,0,0,,,2.78,0.0,12.0,0
2026-07-29T23:00:00+00:00,2026-07-29,-22.43,0,0,,,1.39,0.0,0.0,0
2026-07-29T23:10:00+00:00,2026-07-29,-22.61,0,0,,,0.0,0.0,0.0,0
2026-07-29T23:20:00+00:00,2026-07-29,-22.73,0,0,,,6.94,0.0,0.0,0
2026-07-29T23:30:00+00:00,2026-07-29,-22.77,0,0,,,1.39,0.0,0.0,0
2026-07-29T23:40:00+00:00,2026-07-29,-22.74,0,0,,,0.0,0.0,0.0,0
2026-07-29T23:50:00+00:00,2026-07-29,-22.63,0,0,,,0.0,0.0,0.0,0
2026-07-30T00:00:00+00:00,2026-07-30,-22.45,0,0,,,0.0,0.0,0.0,0
2026-07-30T00:10:00+00:00,2026-07-30,-22.2,0,0,,,0.0,38.0,0.0,0
2026-07-30T00:20:00+00:00,2026-07-30,-21.88,0,0,,,0.0,38.0,0.0,0
2026-07-30T00:30:00+00:00,2026-07-30,-21.48,0,0,,,0.0,38.0,0.0,0
2026-07-30T00:40:00+00:00,2026-07-30,-21.01,0,0,,,0.0,0.0,0.0,0
2026-07-30T00:50:00+00:00,2026-07-30,-20.48,0,0,,,0.0,0.0,0.0,0
2026-07-30T01:00:00+00:00,2026-07-30,-19.88,0,0,,,0.0,0.0,0.0,0
2026-07-30T01:10:00+00:00,2026-07-30,-19.22,0,0,,,0.0,0.0,0.0,0
2026-07-30T01:20:00+00:00,2026-07-30,-18.49,0,0,,,0.0,0.0,0.0,0
2026-07-30T01:30:00+00:00,2026-07-30,-17.7,0,0,,,0.0,0.0,0.0,0
2026-07-30T01:40:00+00:00,2026-07-30,-16.85,0,0,,,0.0,0.0,0.0,0
2026-07-30T01:50:00+00:00,2026-07-30,-15.95,0,0,,,0.0,0.0,0.0,0
2026-07-30T02:00:00+00:00,2026-07-30,-14.99,0,0,,,0.0,0.0,0.0,0
2026-07-30T02:10:00+00:00,2026-07-30,-13.99,0,0,,,0.0,0.0,0.0,0
2026-07-30T02:20:00+00:00,2026-07-30,-12.93,0,0,,,0.0,0.0,0.0,0
2026-07-30T02:30:00+00:00,2026-07-30,-11.82,0,0,,,0.0,0.0,0.0,0
2026-07-30T02:40:00+00:00,2026-07-30,-10.68,0,0,,,0.0,0.0,0.0,0
2026-07-30T02:50:00+00:00,2026-07-30,-9.48,0,0,,,0.0,0.0,0.0,0
2026-07-30T03:00:00+00:00,2026-07-30,-8.25,0,0,,,0.0,0.0,0.0,0
2026-07-30T03:10:00+00:00,2026-07-30,-6.98,0,0,,,0.0,0.0,0.0,0
2026-07-30T03:20:00+00:00,2026-07-30,-5.67,0,0,,,0.0,0.0,0.0,0
2026-07-30T03:30:00+00:00,2026-07-30,-4.33,0,0,,,0.0,0.0,0.0,0
2026-07-30T03:40:00+00:00,2026-07-30,-2.96,0,0,,,0.0,0.0,0.0,0
2026-07-30T03:50:00+00:00,2026-07-30,-1.56,0,0,,,0.0,0.0,0.0,0
2026-07-30T04:00:00+00:00,2026-07-30,0.37,0,0,,,0.0,0.0,0.0,0
2026-07-30T04:10:00+00:00,2026-07-30,1.66,0,0,,,0.0,0.0,0.0,0
2026-07-30T04:20:00+00:00,2026-07-30,3.04,0,0,,,0.0,0.0,0.0,0
2026-07-30T04:30:00+00:00,2026-07-30,4.49,0,0,,,0.0,0.0,0.0,0
2026-07-30T04:40:00+00:00,2026-07-30,5.98,1,0,0,0.0153,0.0,0.0,0.0,1
2026-07-30T04:50:00+00:00,2026-07-30,7.5,1,0,0,0.0012,0.0,0.0,0.0,1
2026-07-30T05:00:00+00:00,2026-07-30,9.04,1,0,0,0.0001,0.0,0.0,0.0,1
2026-07-30T05:10:00+00:00,2026-07-30,10.61,1,0,0,0.0014,0.0,0.0,0.0,1
2026-07-30T05:20:00+00:00,2026-07-30,12.19,1,0,0,0.0001,0.0,0.0,0.0,1
2026-07-30T05:30:00+00:00,2026-07-30,13.78,1,0,0,0.0001,0.0,0.0,,0
2026-07-30T05:40:00+00:00,2026-07-30,15.39,1,0,0,0.0001,0.0,0.0,0.0,1
2026-07-30T05:50:00+00:00,2026-07-30,17.01,1,0,0,0.0001,0.0,0.0,0.0,1
2026-07-30T06:00:00+00:00,2026-07-30,18.64,1,0,0,0.0001,0.0,0.0,0.0,1
2026-07-30T06:10:00+00:00,2026-07-30,20.28,1,1,0,,0.0,0.0,0.0,0
2026-07-30T06:20:00+00:00,2026-07-30,21.92,1,0,0,0.0,0.0,0.0,0.0,1
2026-07-30T06:30:00+00:00,2026-07-30,23.56,1,0,0,0.0003,0.0,0.0,0.0,1
2026-07-30T06:40:00+00:00,2026-07-30,25.21,1,0,0,0.0001,0.0,0.0,0.0,1
2026-07-30T06:50:00+00:00,2026-07-30,26.86,1,0,0,0.0001,0.0,0.0,0.0,1
2026-07-30T07:00:00+00:00,2026-07-30,28.5,1,0,0,0.0,0.0,0.0,0.0,1
2026-07-30T07:10:00+00:00,2026-07-30,30.14,1,0,0,0.0,0.0,0.0,0.0,1
2026-07-30T07:20:00+00:00,2026-07-30,31.78,1,0,0,0.0005,0.0,0.0,0.0,1
2026-07-30T07:30:00+00:00,2026-07-30,33.41,1,0,0,0.0,0.0,0.0,0.0,1
2026-07-30T07:40:00+00:00,2026-07-30,35.02,1,0,0,0.0004,0.0,0.0,0.0,1
2026-07-30T07:50:00+00:00,2026-07-30,36.63,1,0,0,0.0003,0.0,0.0,0.0,1
2026-07-30T08:00:00+00:00,2026-07-30,38.22,1,0,0,0.0007,0.0,0.0,0.0,1
2026-07-30T08:10:00+00:00,2026-07-30,39.79,1,0,0,0.0008,0.0,0.0,0.0,1
2026-07-30T08:20:00+00:00,2026-07-30,41.34,1,0,0,0.0019,0.0,0.0,0.0,1
2026-07-30T08:30:00+00:00,2026-07-30,42.86,1,0,0,0.0047,0.0,0.0,0.0,1
2026-07-30T08:40:00+00:00,2026-07-30,44.36,1,0,0,0.005,0.0,0.0,0.0,1
2026-07-30T08:50:00+00:00,2026-07-30,45.82,1,0,0,0.1972,0.0,0.0,0.0,1
2026-07-30T09:00:00+00:00,2026-07-30,47.25,1,0,0,0.0084,0.0,0.0,0.0,1
2026-07-30T09:10:00+00:00,2026-07-30,48.63,1,0,0,0.0083,0.0,0.0,0.0,1
2026-07-30T09:20:00+00:00,2026-07-30,49.96,1,0,0,0.0156,0.0,0.0,0.0,1
2026-07-30T09:30:00+00:00,2026-07-30,51.24,1,0,0,0.0332,0.0,0.0,0.0,1
2026-07-30T09:40:00+00:00,2026-07-30,52.47,1,0,0,0.0621,0.0,0.0,0.0,1
2026-07-30T09:50:00+00:00,2026-07-30,53.62,1,0,0,0.1434,0.0,0.0,0.0,1
2026-07-30T10:00:00+00:00,2026-07-30,54.7,1,0,0,0.0729,0.0,0.0,0.0,1
2026-07-30T10:10:00+00:00,2026-07-30,55.69,1,0,0,0.2171,0.0,0.0,0.0,1
2026-07-30T10:20:00+00:00,2026-07-30,56.6,1,0,0,0.2888,0.0,0.0,24.0,1
2026-07-30T10:30:00+00:00,2026-07-30,57.41,1,0,0,0.2782,0.0,0.0,0.0,1
2026-07-30T10:40:00+00:00,2026-07-30,58.11,1,0,0,0.1974,0.0,0.0,0.0,1
2026-07-30T10:50:00+00:00,2026-07-30,58.69,1,0,0,0.1933,0.0,0.0,0.0,1
2026-07-30T11:00:00+00:00,2026-07-30,59.16,1,0,0,0.4325,0.0,0.0,0.0,1
2026-07-30T11:10:00+00:00,2026-07-30,59.5,1,0,0,0.6362,0.0,0.0,0.0,1
2026-07-30T11:20:00+00:00,2026-07-30,59.7,1,0,0,0.8528,0.0,0.0,0.0,1
2026-07-30T11:30:00+00:00,2026-07-30,59.77,1,0,0,1.1425,0.0,0.0,0.0,1
2026-07-30T11:40:00+00:00,2026-07-30,59.71,1,0,0,5.8519,0.0,0.0,0.0,1
2026-07-30T11:50:00+00:00,2026-07-30,59.51,1,0,0,15.0328,0.0,0.0,0.0,1
2026-07-30T12:00:00+00:00,2026-07-30,59.18,1,0,0,15.337,0.0,0.0,0.0,1
2026-07-30T12:10:00+00:00,2026-07-30,58.72,1,0,1,16.3093,0.0,0.0,0.0,1
2026-07-30T12:20:00+00:00,2026-07-30,58.14,1,0,1,11.5233,0.0,0.0,5.0,1
2026-07-30T12:30:00+00:00,2026-07-30,57.44,1,0,1,12.0316,0.0,0.0,9.0,1
2026-07-30T12:40:00+00:00,2026-07-30,56.64,1,0,1,20.3114,0.0,0.0,9.0,1
2026-07-30T12:50:00+00:00,2026-07-30,55.74,1,0,1,19.1972,0.0,0.0,14.0,1
2026-07-30T13:00:00+00:00,2026-07-30,54.75,1,0,1,21.2315,8.33,0.0,18.0,1
2026-07-30T13:10:00+00:00,2026-07-30,53.67,1,0,1,31.6525,23.61,0.0,18.0,1
2026-07-30T13:20:00+00:00,2026-07-30,52.52,1,0,1,35.0372,37.5,0.0,35.0,1
2026-07-30T13:30:00+00:00,2026-07-30,51.3,1,0,1,57.1579,38.89,0.0,44.0,1
2026-07-30T13:40:00+00:00,2026-07-30,50.03,1,0,1,59.8479,65.28,0.0,44.0,1
2026-07-30T13:50:00+00:00,2026-07-30,48.69,1,1,1,,77.78,0.0,66.0,0
2026-07-30T14:00:00+00:00,2026-07-30,47.31,1,0,1,79.6805,94.44,0.0,88.0,1
2026-07-30T14:10:00+00:00,2026-07-30,45.89,1,0,1,99.6679,100.0,0.0,88.0,1
2026-07-30T14:20:00+00:00,2026-07-30,44.42,1,0,1,99.9988,100.0,0.0,82.0,1
2026-07-30T14:30:00+00:00,2026-07-30,42.93,1,0,1,99.9941,100.0,0.0,,0
2026-07-30T14:40:00+00:00,2026-07-30,41.4,1,0,1,99.9668,100.0,0.0,76.0,1
2026-07-30T14:50:00+00:00,2026-07-30,39.86,1,0,1,99.9963,100.0,0.0,69.0,1
2026-07-30T15:00:00+00:00,2026-07-30,38.28,1,0,1,100.0,100.0,0.0,63.0,1
2026-07-30T15:10:00+00:00,2026-07-30,36.69,1,0,1,100.0,100.0,88.0,63.0,1
2026-07-30T15:20:00+00:00,2026-07-30,35.09,1,0,1,100.0,100.0,88.0,72.0,1
2026-07-30T15:30:00+00:00,2026-07-30,33.47,1,0,1,99.9999,100.0,88.0,82.0,1
2026-07-30T15:40:00+00:00,2026-07-30,31.84,1,0,1,99.9809,100.0,100.0,82.0,1
2026-07-30T15:50:00+00:00,2026-07-30,30.2,1,0,1,99.9994,100.0,100.0,91.0,1
2026-07-30T16:00:00+00:00,2026-07-30,28.56,1,0,1,99.9917,100.0,100.0,100.0,1
2026-07-30T16:10:00+00:00,2026-07-30,26.91,1,0,1,99.9826,100.0,100.0,100.0,1
2026-07-30T16:20:00+00:00,2026-07-30,25.26,1,0,1,99.9988,100.0,100.0,100.0,1
2026-07-30T16:30:00+00:00,2026-07-30,23.61,1,0,1,99.9992,100.0,100.0,100.0,1
2026-07-30T16:40:00+00:00,2026-07-30,21.97,1,0,1,99.9983,100.0,88.0,100.0,1
2026-07-30T16:50:00+00:00,2026-07-30,20.32,1,0,1,99.9982,100.0,88.0,100.0,1
2026-07-30T17:00:00+00:00,2026-07-30,18.68,1,1,1,,100.0,88.0,100.0,0
2026-07-30T17:10:00+00:00,2026-07-30,17.05,1,0,1,99.9996,86.11,100.0,100.0,1
2026-07-30T17:20:00+00:00,2026-07-30,15.43,1,0,1,99.9987,47.22,100.0,84.0,1
2026-07-30T17:30:00+00:00,2026-07-30,13.82,1,0,1,96.5066,33.33,100.0,68.0,1
2026-07-30T17:40:00+00:00,2026-07-30,12.22,1,0,1,89.0146,0.0,100.0,68.0,1
2026-07-30T17:50:00+00:00,2026-07-30,10.63,1,0,1,78.9259,23.61,100.0,52.0,1
2026-07-30T18:00:00+00:00,2026-07-30,9.06,1,0,0,81.1647,45.83,100.0,36.0,1
2026-07-30T18:10:00+00:00,2026-07-30,7.51,1,0,,,36.11,88.0,36.0,0
2026-07-30T18:20:00+00:00,2026-07-30,5.99,1,0,0,98.3514,5.56,88.0,27.0,1
2026-07-30T18:30:00+00:00,2026-07-30,4.5,0,0,,,0.0,88.0,18.0,0
2026-07-30T18:40:00+00:00,2026-07-30,3.04,0,0,,,0.0,25.0,18.0,0
2026-07-30T18:50:00+00:00,2026-07-30,1.65,0,0,,,0.0,25.0,9.0,0
2026-07-30T19:00:00+00:00,2026-07-30,0.36,0,0,,,0.0,25.0,0.0,0
2026-07-30T19:10:00+00:00,2026-07-30,-1.58,0,0,,,0.0,0.0,0.0,0
2026-07-30T19:20:00+00:00,2026-07-30,-2.98,0,0,,,0.0,0.0,0.0,0
2026-07-30T19:30:00+00:00,2026-07-30,-4.36,0,0,,,0.0,0.0,6.0,0
2026-07-30T19:40:00+00:00,2026-07-30,-5.71,0,0,,,0.0,13.0,6.0,0
2026-07-30T19:50:00+00:00,2026-07-30,-7.02,0,0,,,0.0,13.0,3.0,0
2026-07-30T20:00:00+00:00,2026-07-30,-8.3,0,0,,,0.0,13.0,0.0,0
2026-07-30T20:10:00+00:00,2026-07-30,-9.54,0,0,,,0.0,0.0,0.0,0
2026-07-30T20:20:00+00:00,2026-07-30,-10.74,0,0,,,0.0,0.0,0.0,0
2026-07-30T20:30:00+00:00,2026-07-30,-11.9,0,0,,,0.0,0.0,0.0,0
2026-07-30T20:40:00+00:00,2026-07-30,-13.01,0,0,,,0.0,0.0,0.0,0
2026-07-30T20:50:00+00:00,2026-07-30,-14.08,0,0,,,0.0,0.0,0.0,0
2026-07-30T21:00:00+00:00,2026-07-30,-15.1,0,0,,,0.0,0.0,0.0,0
2026-07-30T21:10:00+00:00,2026-07-30,-16.06,0,0,,,0.0,0.0,0.0,0
2026-07-30T21:20:00+00:00,2026-07-30,-16.97,0,0,,,0.0,0.0,0.0,0
2026-07-30T21:30:00+00:00,2026-07-30,-17.83,0,0,,,0.0,0.0,0.0,0
2026-07-30T21:40:00+00:00,2026-07-30,-18.63,0,0,,,0.0,0.0,0.0,0
2026-07-30T21:50:00+00:00,2026-07-30,-19.36,0,0,,,0.0,0.0,0.0,0
2026-07-30T22:00:00+00:00,2026-07-30,-20.04,0,0,,,0.0,0.0,0.0,0
2026-07-30T22:10:00+00:00,2026-07-30,-20.65,0,0,,,0.0,0.0,0.0,0
2026-07-30T22:20:00+00:00,2026-07-30,-21.19,0,0,,,0.0,0.0,0.0,0
2026-07-30T22:30:00+00:00,2026-07-30,-21.67,0,0,,,0.0,0.0,0.0,0
2026-07-30T22:40:00+00:00,2026-07-30,-22.07,0,0,,,0.0,0.0,0.0,0
2026-07-30T22:50:00+00:00,2026-07-30,-22.41,0,0,,,0.0,0.0,0.0,0
2026-07-30T23:00:00+00:00,2026-07-30,-22.67,0,0,,,0.0,0.0,0.0,0
2026-07-30T23:10:00+00:00,2026-07-30,-22.86,0,0,,,0.0,0.0,0.0,0
2026-07-30T23:20:00+00:00,2026-07-30,-22.97,0,0,,,0.0,0.0,0.0,0
2026-07-30T23:30:00+00:00,2026-07-30,-23.01,0,0,,,0.0,0.0,0.0,0
2026-07-30T23:40:00+00:00,2026-07-30,-22.98,0,0,,,0.0,0.0,0.0,0
2026-07-30T23:50:00+00:00,2026-07-30,-22.87,0,0,,,0.0,0.0,0.0,0
2026-07-31T00:00:00+00:00,2026-07-31,-22.69,0,0,,,0.0,0.0,0.0,0
2026-07-31T00:10:00+00:00,2026-07-31,-22.44,0,0,,,0.0,0.0,0.0,0
2026-07-31T00:20:00+00:00,2026-07-31,-22.11,0,0,,,0.0,0.0,13.0,0
2026-07-31T00:30:00+00:00,2026-07-31,-21.72,0,0,,,0.0,0.0,25.0,0
2026-07-31T00:40:00+00:00,2026-07-31,-21.25,0,0,,,0.0,0.0,25.0,0
2026-07-31T00:50:00+00:00,2026-07-31,-20.71,0,0,,,0.0,0.0,38.0,0
2026-07-31T01:00:00+00:00,2026-07-31,-20.11,0,0,,,0.0,0.0,50.0,0
2026-07-31T01:10:00+00:00,2026-07-31,-19.45,0,0,,,0.0,0.0,50.0,0
2026-07-31T01:20:00+00:00,2026-07-31,-18.72,0,0,,,9.72,0.0,56.0,0
2026-07-31T01:30:00+00:00,2026-07-31,-17.93,0,0,,,20.83,0.0,49.0,0
2026-07-31T01:40:00+00:00,2026-07-31,-17.08,0,0,,,27.78,0.0,49.0,0
2026-07-31T01:50:00+00:00,2026-07-31,-16.17,0,0,,,29.17,0.0,60.0,0
2026-07-31T02:00:00+00:00,2026-07-31,-15.21,0,0,,,38.89,0.0,70.0,0
2026-07-31T02:10:00+00:00,2026-07-31,-14.2,0,0,,,63.89,0.0,70.0,0
2026-07-31T02:20:00+00:00,2026-07-31,-13.14,0,0,,,58.33,0.0,75.0,0
2026-07-31T02:30:00+00:00,2026-07-31,-12.03,0,0,,,44.44,0.0,80.0,0
2026-07-31T02:40:00+00:00,2026-07-31,-10.88,0,0,,,43.06,50.0,80.0,0
2026-07-31T02:50:00+00:00,2026-07-31,-9.69,0,0,,,33.33,50.0,85.0,0
2026-07-31T03:00:00+00:00,2026-07-31,-8.45,0,0,,,36.11,50.0,90.0,0
2026-07-31T03:10:00+00:00,2026-07-31,-7.18,0,0,,,48.61,88.0,90.0,0
2026-07-31T03:20:00+00:00,2026-07-31,-5.87,0,0,,,48.61,88.0,82.0,0
2026-07-31T03:30:00+00:00,2026-07-31,-4.53,0,0,,,50.0,88.0,74.0,0
2026-07-31T03:40:00+00:00,2026-07-31,-3.15,0,0,,,51.39,88.0,74.0,0
2026-07-31T03:50:00+00:00,2026-07-31,-1.75,0,0,,,76.39,88.0,66.0,0
2026-07-31T04:00:00+00:00,2026-07-31,0.21,0,0,,,48.61,88.0,58.0,0
2026-07-31T04:10:00+00:00,2026-07-31,1.49,0,0,,,66.67,38.0,58.0,0
2026-07-31T04:20:00+00:00,2026-07-31,2.87,0,0,,,40.28,38.0,67.0,0
2026-07-31T04:30:00+00:00,2026-07-31,4.32,0,0,,,20.83,38.0,45.0,0
2026-07-31T04:40:00+00:00,2026-07-31,5.8,1,0,0,58.2286,36.11,63.0,45.0,1
2026-07-31T04:50:00+00:00,2026-07-31,7.32,1,0,0,29.0367,20.83,63.0,54.0,1
2026-07-31T05:00:00+00:00,2026-07-31,8.87,1,0,0,33.493,34.72,63.0,62.0,1
2026-07-31T05:10:00+00:00,2026-07-31,10.43,1,0,0,30.2411,80.56,75.0,62.0,1
2026-07-31T05:20:00+00:00,2026-07-31,12.02,1,0,0,99.745,97.22,75.0,72.0,1
2026-07-31T05:30:00+00:00,2026-07-31,13.61,1,0,0,87.4066,76.39,75.0,81.0,1
2026-07-31T05:40:00+00:00,2026-07-31,15.22,1,0,0,91.5616,69.44,63.0,81.0,1
2026-07-31T05:50:00+00:00,2026-07-31,16.84,1,0,0,32.1724,48.61,63.0,91.0,1
2026-07-31T06:00:00+00:00,2026-07-31,18.47,1,0,0,66.4414,25.0,63.0,100.0,1
2026-07-31T06:10:00+00:00,2026-07-31,20.11,1,0,0,1.9511,4.17,63.0,100.0,1
2026-07-31T06:20:00+00:00,2026-07-31,21.75,1,0,0,8.6921,0.0,63.0,96.0,1
2026-07-31T06:30:00+00:00,2026-07-31,23.4,1,0,0,0.5392,2.78,63.0,93.0,1
2026-07-31T06:40:00+00:00,2026-07-31,25.04,1,0,0,0.7349,4.17,100.0,93.0,1
2026-07-31T06:50:00+00:00,2026-07-31,26.69,1,0,0,1.0179,4.17,100.0,89.0,1
2026-07-31T07:00:00+00:00,2026-07-31,28.33,1,0,0,0.0057,0.0,100.0,85.0,1
2026-07-31T07:10:00+00:00,2026-07-31,29.98,1,0,0,0.0001,0.0,13.0,85.0,1
2026-07-31T07:20:00+00:00,2026-07-31,31.61,1,0,0,0.0001,0.0,13.0,73.0,1
2026-07-31T07:30:00+00:00,2026-07-31,33.24,1,0,0,0.0002,0.0,13.0,49.0,1
2026-07-31T07:40:00+00:00,2026-07-31,34.85,1,0,0,2.5166,22.22,25.0,49.0,1
2026-07-31T07:50:00+00:00,2026-07-31,36.46,1,0,0,12.4377,27.78,25.0,24.0,1
2026-07-31T08:00:00+00:00,2026-07-31,38.04,1,0,0,2.0097,4.17,25.0,0.0,1
2026-07-31T08:10:00+00:00,2026-07-31,39.61,1,0,0,0.1159,16.67,0.0,0.0,1
2026-07-31T08:20:00+00:00,2026-07-31,41.16,1,0,0,3.2105,38.89,0.0,2.0,1
2026-07-31T08:30:00+00:00,2026-07-31,42.68,1,0,0,0.083,20.83,0.0,5.0,1
2026-07-31T08:40:00+00:00,2026-07-31,44.17,1,1,0,,6.94,13.0,5.0,0
2026-07-31T08:50:00+00:00,2026-07-31,45.63,1,0,0,0.0015,0.0,13.0,7.0,1
2026-07-31T09:00:00+00:00,2026-07-31,47.06,1,0,0,0.0022,0.0,13.0,9.0,1
2026-07-31T09:10:00+00:00,2026-07-31,48.43,1,0,0,0.0005,0.0,75.0,9.0,1
2026-07-31T09:20:00+00:00,2026-07-31,49.77,1,0,0,0.0014,1.39,75.0,7.0,1
2026-07-31T09:30:00+00:00,2026-07-31,51.04,1,0,0,0.0004,5.56,75.0,5.0,1
2026-07-31T09:40:00+00:00,2026-07-31,52.26,1,0,0,0.0065,4.17,0.0,5.0,1
2026-07-31T09:50:00+00:00,2026-07-31,53.41,1,0,0,0.0131,12.5,0.0,2.0,1
2026-07-31T10:00:00+00:00,2026-07-31,54.48,1,0,0,0.1498,6.94,0.0,0.0,1
2026-07-31T10:10:00+00:00,2026-07-31,55.47,1,0,0,0.1297,5.56,0.0,0.0,1
2026-07-31T10:20:00+00:00,2026-07-31,56.38,1,0,0,0.1318,20.83,0.0,9.0,1
2026-07-31T10:30:00+00:00,2026-07-31,57.18,1,0,0,7.366,47.22,0.0,37.0,1
2026-07-31T10:40:00+00:00,2026-07-31,57.87,1,0,0,49.5998,77.78,0.0,37.0,1
2026-07-31T10:50:00+00:00,2026-07-31,58.46,1,0,0,69.1894,100.0,0.0,55.0,1
2026-07-31T11:00:00+00:00,2026-07-31,58.92,1,0,0,95.4704,100.0,0.0,73.0,1
2026-07-31T11:10:00+00:00,2026-07-31,59.25,1,0,0,91.5691,100.0,0.0,73.0,1
2026-07-31T11:20:00+00:00,2026-07-31,59.46,1,0,0,96.1755,100.0,0.0,80.0,1
2026-07-31T11:30:00+00:00,2026-07-31,59.53,1,0,0,88.93,100.0,0.0,87.0,1
2026-07-31T11:40:00+00:00,2026-07-31,59.46,1,0,0,75.2172,100.0,0.0,87.0,1
2026-07-31T11:50:00+00:00,2026-07-31,59.26,1,0,0,84.6106,100.0,0.0,93.0,1
2026-07-31T12:00:00+00:00,2026-07-31,58.93,1,0,0,93.2242,100.0,0.0,100.0,1
2026-07-31T12:10:00+00:00,2026-07-31,58.48,1,0,1,88.1483,100.0,75.0,100.0,1
2026-07-31T12:20:00+00:00,2026-07-31,57.9,1,0,1,97.9413,83.33,75.0,100.0,1
2026-07-31T12:30:00+00:00,2026-07-31,57.21,1,0,1,72.8631,62.5,75.0,100.0,1
2026-07-31T12:40:00+00:00,2026-07-31,56.41,1,0,1,68.4355,65.28,63.0,100.0,1
2026-07-31T12:50:00+00:00,2026-07-31,55.51,1,0,1,79.4671,72.22,63.0,100.0,1
2026-07-31T13:00:00+00:00,2026-07-31,54.52,1,0,1,40.7518,51.39,63.0,100.0,1
2026-07-31T13:10:00+00:00,2026-07-31,53.45,1,0,1,38.9562,69.44,38.0,100.0,1
2026-07-31T13:20:00+00:00,2026-07-31,52.3,1,0,1,78.5436,94.44,38.0,100.0,1
2026-07-31T13:30:00+00:00,2026-07-31,51.09,1,0,1,63.0906,100.0,38.0,57.0,1
2026-07-31T13:40:00+00:00,2026-07-31,49.81,1,0,1,52.9559,100.0,63.0,57.0,1
2026-07-31T13:50:00+00:00,2026-07-31,48.48,1,0,1,98.2337,100.0,63.0,70.0,1
2026-07-31T14:00:00+00:00,2026-07-31,47.1,1,0,1,96.4217,100.0,63.0,83.0,1
2026-07-31T14:10:00+00:00,2026-07-31,45.68,1,0,1,99.983,100.0,88.0,83.0,1
2026-07-31T14:20:00+00:00,2026-07-31,44.22,1,0,1,100.0,100.0,88.0,87.0,1
2026-07-31T14:30:00+00:00,2026-07-31,42.73,1,0,1,100.0,100.0,88.0,92.0,1
2026-07-31T14:40:00+00:00,2026-07-31,41.21,1,0,1,100.0,100.0,88.0,92.0,1
2026-07-31T14:50:00+00:00,2026-07-31,39.66,1,0,1,99.9995,100.0,88.0,96.0,1
2026-07-31T15:00:00+00:00,2026-07-31,38.09,1,0,1,100.0,100.0,88.0,100.0,1
2026-07-31T15:10:00+00:00,2026-07-31,36.5,1,0,1,100.0,100.0,100.0,100.0,1
2026-07-31T15:20:00+00:00,2026-07-31,34.9,1,0,1,99.9994,100.0,100.0,98.0,1
2026-07-31T15:30:00+00:00,2026-07-31,33.28,1,0,1,99.9928,100.0,100.0,96.0,1
2026-07-31T15:40:00+00:00,2026-07-31,31.65,1,0,1,99.9951,100.0,100.0,96.0,1
2026-07-31T15:50:00+00:00,2026-07-31,30.02,1,0,1,99.9844,100.0,100.0,94.0,1
2026-07-31T16:00:00+00:00,2026-07-31,28.37,1,0,1,99.9998,100.0,100.0,92.0,1
2026-07-31T16:10:00+00:00,2026-07-31,26.73,1,0,1,99.9999,100.0,100.0,92.0,1
2026-07-31T16:20:00+00:00,2026-07-31,25.08,1,0,1,99.9998,100.0,100.0,93.0,1
2026-07-31T16:30:00+00:00,2026-07-31,23.43,1,0,1,99.7776,100.0,100.0,87.0,1
2026-07-31T16:40:00+00:00,2026-07-31,21.78,1,0,1,99.8944,100.0,100.0,87.0,1
2026-07-31T16:50:00+00:00,2026-07-31,20.14,1,0,1,99.0631,100.0,100.0,80.0,1
2026-07-31T17:00:00+00:00,2026-07-31,18.5,1,0,1,97.3755,98.61,100.0,73.0,1
2026-07-31T17:10:00+00:00,2026-07-31,16.87,1,0,1,90.4279,68.06,100.0,73.0,1
2026-07-31T17:20:00+00:00,2026-07-31,15.24,1,0,1,8.3834,76.39,100.0,75.0,1
2026-07-31T17:30:00+00:00,2026-07-31,13.63,1,0,1,51.5187,95.83,100.0,78.0,1
2026-07-31T17:40:00+00:00,2026-07-31,12.03,1,0,1,99.8691,98.61,100.0,78.0,1
2026-07-31T17:50:00+00:00,2026-07-31,10.44,1,0,1,,100.0,100.0,80.0,0
2026-07-31T18:00:00+00:00,2026-07-31,8.87,1,0,0,72.9994,100.0,100.0,82.0,1
2026-07-31T18:10:00+00:00,2026-07-31,7.32,1,0,0,40.5952,100.0,100.0,82.0,1
2026-07-31T18:20:00+00:00,2026-07-31,5.8,1,0,0,99.8941,100.0,100.0,87.0,1
2026-07-31T18:30:00+00:00,2026-07-31,4.3,0,0,,,100.0,100.0,91.0,0
2026-07-31T18:40:00+00:00,2026-07-31,2.85,0,0,,,100.0,100.0,91.0,0
2026-07-31T18:50:00+00:00,2026-07-31,1.47,0,0,,,100.0,100.0,96.0,0
2026-07-31T19:00:00+00:00,2026-07-31,0.19,0,0,,,100.0,100.0,100.0,0
2026-07-31T19:10:00+00:00,2026-07-31,-1.78,0,0,,,100.0,100.0,100.0,0
2026-07-31T19:20:00+00:00,2026-07-31,-3.19,0,0,,,100.0,100.0,100.0,0
2026-07-31T19:30:00+00:00,2026-07-31,-4.57,0,0,,,100.0,100.0,100.0,0
2026-07-31T19:40:00+00:00,2026-07-31,-5.92,0,0,,,100.0,88.0,100.0,0
2026-07-31T19:50:00+00:00,2026-07-31,-7.24,0,0,,,100.0,88.0,100.0,0
2026-07-31T20:00:00+00:00,2026-07-31,-8.52,0,0,,,100.0,88.0,100.0,0
2026-07-31T20:10:00+00:00,2026-07-31,-9.76,0,0,,,100.0,100.0,100.0,0
2026-07-31T20:20:00+00:00,2026-07-31,-10.96,0,0,,,100.0,100.0,100.0,0
2026-07-31T20:30:00+00:00,2026-07-31,-12.12,0,0,,,100.0,100.0,100.0,0
2026-07-31T20:40:00+00:00,2026-07-31,-13.24,0,0,,,100.0,100.0,100.0,0
2026-07-31T20:50:00+00:00,2026-07-31,-14.31,0,0,,,100.0,100.0,100.0,0
2026-07-31T21:00:00+00:00,2026-07-31,-15.33,0,0,,,100.0,100.0,100.0,0
2026-07-31T21:10:00+00:00,2026-07-31,-16.29,0,0,,,100.0,100.0,100.0,0
2026-07-31T21:20:00+00:00,2026-07-31,-17.21,0,0,,,100.0,100.0,100.0,0
2026-07-31T21:30:00+00:00,2026-07-31,-18.07,0,0,,,100.0,100.0,100.0,0
2026-07-31T21:40:00+00:00,2026-07-31,-18.86,0,0,,,100.0,63.0,100.0,0
2026-07-31T21:50:00+00:00,2026-07-31,-19.6,0,0,,,100.0,63.0,100.0,0
2026-07-31T22:00:00+00:00,2026-07-31,-20.28,0,0,,,100.0,63.0,100.0,0
2026-07-31T22:10:00+00:00,2026-07-31,-20.89,0,0,,,100.0,88.0,100.0,0
2026-07-31T22:20:00+00:00,2026-07-31,-21.44,0,0,,,100.0,88.0,100.0,0
2026-07-31T22:30:00+00:00,2026-07-31,-21.91,0,0,,,100.0,88.0,100.0,0
2026-07-31T22:40:00+00:00,2026-07-31,-22.32,0,0,,,100.0,100.0,100.0,0
2026-07-31T22:50:00+00:00,2026-07-31,-22.65,0,0,,,100.0,100.0,100.0,0
2026-07-31T23:00:00+00:00,2026-07-31,-22.92,0,0,,,100.0,100.0,100.0,0
2026-07-31T23:10:00+00:00,2026-07-31,-23.11,0,0,,,100.0,100.0,100.0,0
2026-07-31T23:20:00+00:00,2026-07-31,-23.22,0,0,,,100.0,100.0,99.0,0
2026-07-31T23:30:00+00:00,2026-07-31,-23.26,0,0,,,100.0,100.0,98.0,0
2026-07-31T23:40:00+00:00,2026-07-31,-23.23,0,0,,,100.0,100.0,98.0,0
2026-07-31T23:50:00+00:00,2026-07-31,-23.12,0,0,,,100.0,100.0,97.0,0
2026-08-01T00:00:00+00:00,2026-08-01,-22.94,0,0,,,100.0,100.0,96.0,0
2026-08-01T00:10:00+00:00,2026-08-01,-22.68,0,0,,,100.0,100.0,96.0,0
2026-08-01T00:20:00+00:00,2026-08-01,-22.36,0,0,,,100.0,100.0,97.0,0
2026-08-01T00:30:00+00:00,2026-08-01,-21.96,0,0,,,100.0,100.0,98.0,0
2026-08-01T00:40:00+00:00,2026-08-01,-21.49,0,0,,,100.0,100.0,98.0,0
2026-08-01T00:50:00+00:00,2026-08-01,-20.95,0,0,,,100.0,100.0,99.0,0
2026-08-01T01:00:00+00:00,2026-08-01,-20.35,0,0,,,100.0,100.0,100.0,0
2026-08-01T01:10:00+00:00,2026-08-01,-19.68,0,0,,,100.0,100.0,100.0,0
2026-08-01T01:20:00+00:00,2026-08-01,-18.95,0,0,,,100.0,100.0,100.0,0
2026-08-01T01:30:00+00:00,2026-08-01,-18.15,0,0,,,100.0,100.0,96.0,0
2026-08-01T01:40:00+00:00,2026-08-01,-17.3,0,0,,,100.0,88.0,96.0,0
2026-08-01T01:50:00+00:00,2026-08-01,-16.39,0,0,,,100.0,88.0,98.0,0
2026-08-01T02:00:00+00:00,2026-08-01,-15.43,0,0,,,100.0,88.0,100.0,0
2026-08-01T02:10:00+00:00,2026-08-01,-14.42,0,0,,,100.0,88.0,100.0,0
2026-08-01T02:20:00+00:00,2026-08-01,-13.36,0,0,,,100.0,88.0,96.0,0
2026-08-01T02:30:00+00:00,2026-08-01,-12.25,0,0,,,100.0,88.0,91.0,0
2026-08-01T02:40:00+00:00,2026-08-01,-11.09,0,0,,,100.0,100.0,91.0,0
2026-08-01T02:50:00+00:00,2026-08-01,-9.89,0,0,,,100.0,100.0,87.0,0
2026-08-01T03:00:00+00:00,2026-08-01,-8.66,0,0,,,100.0,100.0,82.0,0
2026-08-01T03:10:00+00:00,2026-08-01,-7.38,0,0,,,100.0,100.0,82.0,0
2026-08-01T03:20:00+00:00,2026-08-01,-6.07,0,0,,,100.0,100.0,,0
2026-08-01T03:30:00+00:00,2026-08-01,-4.72,0,0,,,100.0,100.0,91.0,0
2026-08-01T03:40:00+00:00,2026-08-01,-3.35,0,0,,,100.0,100.0,91.0,0
2026-08-01T03:50:00+00:00,2026-08-01,-1.94,0,0,,,100.0,100.0,95.0,0
2026-08-01T04:00:00+00:00,2026-08-01,0.05,0,0,,,100.0,100.0,99.0,0
2026-08-01T04:10:00+00:00,2026-08-01,1.32,0,0,,,98.61,100.0,99.0,0
2026-08-01T04:20:00+00:00,2026-08-01,2.7,0,0,,,100.0,100.0,99.0,0
2026-08-01T04:30:00+00:00,2026-08-01,4.14,0,0,,,94.44,100.0,97.0,0
2026-08-01T04:40:00+00:00,2026-08-01,5.63,1,0,0,88.0429,83.33,100.0,97.0,1
2026-08-01T04:50:00+00:00,2026-08-01,7.15,1,0,0,40.1423,88.89,100.0,97.0,1
2026-08-01T05:00:00+00:00,2026-08-01,8.69,1,0,0,30.5481,94.44,100.0,97.0,1
2026-08-01T05:10:00+00:00,2026-08-01,10.26,1,0,0,36.956,100.0,100.0,97.0,1
2026-08-01T05:20:00+00:00,2026-08-01,11.84,1,0,0,86.7691,100.0,100.0,98.0,1
2026-08-01T05:30:00+00:00,2026-08-01,13.44,1,0,0,98.2882,98.61,100.0,98.0,1
2026-08-01T05:40:00+00:00,2026-08-01,15.05,1,0,0,99.9837,100.0,100.0,98.0,1
2026-08-01T05:50:00+00:00,2026-08-01,16.67,1,0,0,99.9412,100.0,100.0,99.0,1
2026-08-01T06:00:00+00:00,2026-08-01,18.3,1,0,0,99.9974,100.0,100.0,99.0,1
2026-08-01T06:10:00+00:00,2026-08-01,19.94,1,0,0,98.6572,100.0,100.0,99.0,1
2026-08-01T06:20:00+00:00,2026-08-01,21.58,1,0,0,98.7806,100.0,100.0,98.0,1
2026-08-01T06:30:00+00:00,2026-08-01,23.23,1,0,0,93.6628,98.61,100.0,96.0,1
2026-08-01T06:40:00+00:00,2026-08-01,24.87,1,0,0,99.9894,94.44,100.0,96.0,1
2026-08-01T06:50:00+00:00,2026-08-01,26.52,1,0,0,95.1123,95.83,100.0,95.0,1
2026-08-01T07:00:00+00:00,2026-08-01,28.16,1,0,0,82.5936,94.44,100.0,93.0,1
2026-08-01T07:10:00+00:00,2026-08-01,29.8,1,0,0,79.1777,88.89,88.0,93.0,1
2026-08-01T07:20:00+00:00,2026-08-01,31.44,1,0,0,98.3908,86.11,88.0,95.0,1
2026-08-01T07:30:00+00:00,2026-08-01,33.06,1,0,0,76.8063,62.5,88.0,96.0,1
2026-08-01T07:40:00+00:00,2026-08-01,34.68,1,0,0,24.612,47.22,100.0,96.0,1
2026-08-01T07:50:00+00:00,2026-08-01,36.28,1,0,0,15.8504,27.78,100.0,98.0,1
2026-08-01T08:00:00+00:00,2026-08-01,37.87,1,0,0,5.3445,25.0,100.0,100.0,1
2026-08-01T08:10:00+00:00,2026-08-01,39.43,1,0,0,9.5443,48.61,100.0,100.0,1
2026-08-01T08:20:00+00:00,2026-08-01,40.98,1,0,0,24.7327,61.11,100.0,98.0,1
2026-08-01T08:30:00+00:00,2026-08-01,42.5,1,0,0,15.6715,40.28,100.0,95.0,1
2026-08-01T08:40:00+00:00,2026-08-01,43.99,1,0,0,5.2518,68.06,88.0,95.0,1
2026-08-01T08:50:00+00:00,2026-08-01,45.44,1,0,0,33.0485,68.06,88.0,93.0,1
2026-08-01T09:00:00+00:00,2026-08-01,46.86,1,0,0,26.3612,76.39,88.0,90.0,1
2026-08-01T09:10:00+00:00,2026-08-01,48.24,1,0,0,35.7231,90.28,100.0,90.0,1
2026-08-01T09:20:00+00:00,2026-08-01,49.56,1,0,0,60.503,100.0,100.0,93.0,1
2026-08-01T09:30:00+00:00,2026-08-01,50.84,1,0,0,91.7421,100.0,100.0,95.0,1
2026-08-01T09:40:00+00:00,2026-08-01,52.05,1,0,0,98.8276,100.0,75.0,95.0,1
2026-08-01T09:50:00+00:00,2026-08-01,53.19,1,0,0,99.506,100.0,75.0,98.0,1
2026-08-01T10:00:00+00:00,2026-08-01,54.26,1,0,0,99.9665,100.0,75.0,100.0,1
2026-08-01T10:10:00+00:00,2026-08-01,55.25,1,0,0,99.9101,100.0,88.0,100.0,1
2026-08-01T10:20:00+00:00,2026-08-01,56.15,1,1,0,,100.0,88.0,98.0,0
2026-08-01T10:30:00+00:00,2026-08-01,56.95,1,0,0,91.9022,100.0,88.0,99.0,1
2026-08-01T10:40:00+00:00,2026-08-01,57.64,1,0,0,99.9967,100.0,88.0,99.0,1
2026-08-01T10:50:00+00:00,2026-08-01,58.22,1,0,0,99.9989,100.0,88.0,99.0,1
2026-08-01T11:00:00+00:00,2026-08-01,58.67,1,0,0,99.9983,100.0,88.0,98.0,1
2026-08-01T11:10:00+00:00,2026-08-01,59.01,1,0,0,92.8385,100.0,88.0,98.0,1
2026-08-01T11:20:00+00:00,2026-08-01,59.21,1,0,0,97.8883,97.22,88.0,95.0,1
2026-08-01T11:30:00+00:00,2026-08-01,59.28,1,0,0,90.2567,95.83,88.0,92.0,1
2026-08-01T11:40:00+00:00,2026-08-01,59.21,1,0,0,93.6448,81.94,88.0,92.0,1
2026-08-01T11:50:00+00:00,2026-08-01,59.01,1,0,0,93.2935,80.56,88.0,88.0,1
2026-08-01T12:00:00+00:00,2026-08-01,58.68,1,0,0,96.6257,94.44,88.0,85.0,1
2026-08-01T12:10:00+00:00,2026-08-01,58.23,1,0,1,70.9267,88.89,88.0,85.0,1
2026-08-01T12:20:00+00:00,2026-08-01,57.65,1,0,1,35.2459,100.0,88.0,85.0,1
2026-08-01T12:30:00+00:00,2026-08-01,56.97,1,0,1,28.5798,91.67,88.0,85.0,1
2026-08-01T12:40:00+00:00,2026-08-01,56.17,1,0,1,75.8289,90.28,63.0,85.0,1
2026-08-01T12:50:00+00:00,2026-08-01,55.27,1,0,1,51.6331,90.28,63.0,84.0,1
2026-08-01T13:00:00+00:00,2026-08-01,54.29,1,0,1,51.3322,95.83,63.0,84.0,1
2026-08-01T13:10:00+00:00,2026-08-01,53.22,1,0,1,51.9919,95.83,88.0,84.0,1
2026-08-01T13:20:00+00:00,2026-08-01,52.08,1,0,1,41.3846,98.61,88.0,82.0,1
2026-08-01T13:30:00+00:00,2026-08-01,50.87,1,0,1,63.3524,90.28,88.0,43.0,1
2026-08-01T13:40:00+00:00,2026-08-01,49.6,1,0,1,30.8863,84.72,88.0,43.0,1
2026-08-01T13:50:00+00:00,2026-08-01,48.27,1,0,1,57.9147,81.94,88.0,55.0,1
2026-08-01T14:00:00+00:00,2026-08-01,46.89,1,0,1,44.2574,81.94,88.0,67.0,1
2026-08-01T14:10:00+00:00,2026-08-01,45.47,1,0,1,49.3839,58.33,88.0,67.0,1
2026-08-01T14:20:00+00:00,2026-08-01,44.02,1,0,1,10.4136,41.67,88.0,66.0,1
2026-08-01T14:30:00+00:00,2026-08-01,42.53,1,0,1,55.4862,22.22,88.0,65.0,1
2026-08-01T14:40:00+00:00,2026-08-01,41.01,1,0,1,19.5012,12.5,0.0,65.0,1
2026-08-01T14:50:00+00:00,2026-08-01,39.46,1,0,1,14.0924,4.17,0.0,63.0,1
2026-08-01T15:00:00+00:00,2026-08-01,37.89,1,0,1,21.7661,0.0,0.0,62.0,1
2026-08-01T15:10:00+00:00,2026-08-01,36.31,1,0,1,26.6287,0.0,13.0,62.0,1
2026-08-01T15:20:00+00:00,2026-08-01,34.71,1,0,1,9.7922,0.0,13.0,58.0,1
2026-08-01T15:30:00+00:00,2026-08-01,33.09,1,0,1,17.1374,11.11,13.0,54.0,1
2026-08-01T15:40:00+00:00,2026-08-01,31.46,1,0,1,29.6407,2.78,0.0,54.0,1
2026-08-01T15:50:00+00:00,2026-08-01,29.83,1,0,1,36.2904,0.0,0.0,50.0,1
2026-08-01T16:00:00+00:00,2026-08-01,28.18,1,0,1,25.4339,5.56,0.0,46.0,1
2026-08-01T16:10:00+00:00,2026-08-01,26.54,1,0,1,45.8641,2.78,38.0,46.0,1
2026-08-01T16:20:00+00:00,2026-08-01,24.89,1,1,1,,1.39,38.0,41.0,0
2026-08-01T16:30:00+00:00,2026-08-01,23.24,1,0,1,18.9101,0.0,38.0,26.0,1
2026-08-01T16:40:00+00:00,2026-08-01,21.59,1,0,1,22.975,0.0,0.0,26.0,1
2026-08-01T16:50:00+00:00,2026-08-01,19.95,1,0,1,32.2269,0.0,0.0,14.0,1
2026-08-01T17:00:00+00:00,2026-08-01,18.31,1,0,1,27.4773,0.0,0.0,3.0,1
2026-08-01T17:10:00+00:00,2026-08-01,16.67,1,0,1,40.1672,0.0,0.0,3.0,1
2026-08-01T17:20:00+00:00,2026-08-01,15.05,1,0,1,44.354,0.0,0.0,2.0,1
2026-08-01T17:30:00+00:00,2026-08-01,13.43,1,0,1,49.0014,0.0,0.0,2.0,1
2026-08-01T17:40:00+00:00,2026-08-01,11.83,1,0,1,53.8548,0.0,0.0,2.0,1
2026-08-01T17:50:00+00:00,2026-08-01,10.24,1,0,1,57.7334,15.28,0.0,1.0,1
2026-08-01T18:00:00+00:00,2026-08-01,8.67,1,0,0,44.3399,25.0,0.0,0.0,1
2026-08-01T18:10:00+00:00,2026-08-01,7.12,1,0,0,23.881,11.11,0.0,0.0,1
2026-08-01T18:20:00+00:00,2026-08-01,5.6,1,0,0,60.4078,15.28,0.0,0.0,1
2026-08-01T18:30:00+00:00,2026-08-01,4.11,0,0,,,55.56,0.0,0.0,0
2026-08-01T18:40:00+00:00,2026-08-01,2.66,0,0,,,83.33,0.0,0.0,0
2026-08-01T18:50:00+00:00,2026-08-01,1.28,0,0,,,100.0,0.0,0.0,0
2026-08-01T19:00:00+00:00,2026-08-01,0.01,0,0,,,65.28,0.0,0.0,0
2026-08-01T19:10:00+00:00,2026-08-01,-1.99,0,0,,,25.0,38.0,0.0,0
2026-08-01T19:20:00+00:00,2026-08-01,-3.4,0,0,,,5.56,38.0,25.0,0
2026-08-01T19:30:00+00:00,2026-08-01,-4.79,0,0,,,19.44,38.0,50.0,0
2026-08-01T19:40:00+00:00,2026-08-01,-6.14,0,0,,,48.61,88.0,50.0,0
2026-08-01T19:50:00+00:00,2026-08-01,-7.46,0,0,,,75.0,88.0,75.0,0
2026-08-01T20:00:00+00:00,2026-08-01,-8.74,0,0,,,97.22,88.0,100.0,0
2026-08-01T20:10:00+00:00,2026-08-01,-9.99,0,0,,,100.0,0.0,100.0,0
2026-08-01T20:20:00+00:00,2026-08-01,-11.19,0,0,,,98.61,0.0,100.0,0
2026-08-01T20:30:00+00:00,2026-08-01,-12.35,0,0,,,83.33,0.0,100.0,0
2026-08-01T20:40:00+00:00,2026-08-01,-13.47,0,0,,,93.06,38.0,100.0,0
2026-08-01T20:50:00+00:00,2026-08-01,-14.54,0,0,,,98.61,38.0,100.0,0
2026-08-01T21:00:00+00:00,2026-08-01,-15.56,0,0,,,100.0,38.0,100.0,0
2026-08-01T21:10:00+00:00,2026-08-01,-16.53,0,0,,,100.0,100.0,100.0,0
2026-08-01T21:20:00+00:00,2026-08-01,-17.45,0,0,,,100.0,100.0,76.0,0
2026-08-01T21:30:00+00:00,2026-08-01,-18.31,0,0,,,100.0,100.0,52.0,0
2026-08-01T21:40:00+00:00,2026-08-01,-19.11,0,0,,,100.0,88.0,52.0,0
2026-08-01T21:50:00+00:00,2026-08-01,-19.85,0,0,,,100.0,88.0,28.0,0
2026-08-01T22:00:00+00:00,2026-08-01,-20.53,0,0,,,100.0,88.0,4.0,0
2026-08-01T22:10:00+00:00,2026-08-01,-21.14,0,0,,,100.0,88.0,4.0,0
2026-08-01T22:20:00+00:00,2026-08-01,-21.69,0,0,,,100.0,88.0,3.0,0
2026-08-01T22:30:00+00:00,2026-08-01,-22.16,0,0,,,100.0,88.0,2.0,0
2026-08-01T22:40:00+00:00,2026-08-01,-22.57,0,0,,,100.0,100.0,2.0,0
2026-08-01T22:50:00+00:00,2026-08-01,-22.91,0,0,,,94.44,100.0,1.0,0
2026-08-01T23:00:00+00:00,2026-08-01,-23.17,0,0,,,77.78,100.0,0.0,0
2026-08-01T23:10:00+00:00,2026-08-01,-23.36,0,0,,,13.89,88.0,0.0,0
2026-08-01T23:20:00+00:00,2026-08-01,-23.47,0,0,,,20.83,88.0,47.0,0
2026-08-01T23:30:00+00:00,2026-08-01,-23.52,0,0,,,41.67,88.0,36.0,0
2026-08-01T23:40:00+00:00,2026-08-01,-23.48,0,0,,,48.61,13.0,36.0,0
2026-08-01T23:50:00+00:00,2026-08-01,-23.37,0,0,,,18.06,13.0,24.0,0
2026-08-02T00:00:00+00:00,2026-08-02,-23.19,0,0,,,9.72,13.0,12.0,0
2026-08-02T00:10:00+00:00,2026-08-02,-22.93,0,0,,,5.56,0.0,12.0,0
2026-08-02T00:20:00+00:00,2026-08-02,-22.6,0,0,,,4.17,0.0,9.0,0
2026-08-02T00:30:00+00:00,2026-08-02,-22.2,0,0,,,4.17,0.0,6.0,0
2026-08-02T00:40:00+00:00,2026-08-02,-21.73,0,0,,,18.06,0.0,6.0,0
2026-08-02T00:50:00+00:00,2026-08-02,-21.19,0,0,,,25.0,0.0,3.0,0
2026-08-02T01:00:00+00:00,2026-08-02,-20.59,0,0,,,9.72,0.0,0.0,0
2026-08-02T01:10:00+00:00,2026-08-02,-19.92,0,0,,,12.5,13.0,0.0,0
2026-08-02T01:20:00+00:00,2026-08-02,-19.18,0,0,,,22.22,13.0,2.0,0
2026-08-02T01:30:00+00:00,2026-08-02,-18.39,0,0,,,52.78,13.0,4.0,0
2026-08-02T01:40:00+00:00,2026-08-02,-17.53,0,0,,,90.28,50.0,4.0,0
2026-08-02T01:50:00+00:00,2026-08-02,-16.62,0,0,,,97.22,50.0,5.0,0
2026-08-02T02:00:00+00:00,2026-08-02,-15.66,0,0,,,81.94,50.0,7.0,0
2026-08-02T02:10:00+00:00,2026-08-02,-14.64,0,0,,,69.44,50.0,6.0,0
2026-08-02T02:20:00+00:00,2026-08-02,-13.57,0,0,,,59.72,50.0,12.0,0
2026-08-02T02:30:00+00:00,2026-08-02,-12.46,0,0,,,51.39,50.0,18.0,0
2026-08-02T02:40:00+00:00,2026-08-02,-11.3,0,0,,,48.61,100.0,18.0,0
2026-08-02T02:50:00+00:00,2026-08-02,-10.1,0,0,,,47.22,100.0,24.0,0
2026-08-02T03:00:00+00:00,2026-08-02,-8.86,0,0,,,68.06,100.0,30.0,0
2026-08-02T03:10:00+00:00,2026-08-02,-7.58,0,0,,,37.5,63.0,,0
2026-08-02T03:20:00+00:00,2026-08-02,-6.27,0,0,,,2.78,63.0,23.0,0
2026-08-02T03:30:00+00:00,2026-08-02,-4.92,0,0,,,5.56,63.0,15.0,0
2026-08-02T03:40:00+00:00,2026-08-02,-3.54,0,0,,,8.33,88.0,15.0,0
2026-08-02T03:50:00+00:00,2026-08-02,-2.13,0,0,,,8.33,88.0,8.0,0
2026-08-02T04:00:00+00:00,2026-08-02,-0.11,0,0,,,0.0,88.0,0.0,0
2026-08-02T04:10:00+00:00,2026-08-02,1.15,0,0,,,2.78,100.0,0.0,0
2026-08-02T04:20:00+00:00,2026-08-02,2.52,0,0,,,0.0,100.0,0.0,0
2026-08-02T04:30:00+00:00,2026-08-02,3.96,0,0,,,4.17,100.0,33.0,0
2026-08-02T04:40:00+00:00,2026-08-02,5.45,1,0,0,0.0601,6.94,88.0,33.0,1
2026-08-02T04:50:00+00:00,2026-08-02,6.97,1,0,0,0.0059,0.0,88.0,16.0,1
2026-08-02T05:00:00+00:00,2026-08-02,8.52,1,0,0,0.0024,0.0,88.0,0.0,1
2026-08-02T05:10:00+00:00,2026-08-02,10.08,1,0,0,0.0,0.0,75.0,0.0,1
2026-08-02T05:20:00+00:00,2026-08-02,11.67,1,0,0,0.0,0.0,75.0,5.0,1
2026-08-02T05:30:00+00:00,2026-08-02,13.27,1,0,0,0.0,0.0,75.0,10.0,1
2026-08-02T05:40:00+00:00,2026-08-02,14.88,1,0,0,0.0,0.0,38.0,10.0,1
2026-08-02T05:50:00+00:00,2026-08-02,16.5,1,0,0,0.0,0.0,38.0,14.0,1
2026-08-02T06:00:00+00:00,2026-08-02,18.13,1,0,0,0.0,0.0,38.0,19.0,1
2026-08-02T06:10:00+00:00,2026-08-02,19.77,1,0,0,0.0,0.0,0.0,19.0,1
2026-08-02T06:20:00+00:00,2026-08-02,21.41,1,0,0,0.0,0.0,0.0,26.0,1
2026-08-02T06:30:00+00:00,2026-08-02,23.05,1,0,0,0.0,0.0,0.0,33.0,1
2026-08-02T06:40:00+00:00,2026-08-02,24.7,1,0,0,0.0,0.0,0.0,33.0,1
2026-08-02T06:50:00+00:00,2026-08-02,26.35,1,0,0,0.0,0.0,0.0,39.0,1
2026-08-02T07:00:00+00:00,2026-08-02,27.99,1,0,0,0.0,0.0,0.0,46.0,1
2026-08-02T07:10:00+00:00,2026-08-02,29.63,1,0,0,0.0,2.78,0.0,46.0,1
2026-08-02T07:20:00+00:00,2026-08-02,31.26,1,0,0,0.0,0.0,0.0,45.0,1
2026-08-02T07:30:00+00:00,2026-08-02,32.89,1,0,0,1.5926,0.0,0.0,38.0,1
2026-08-02T07:40:00+00:00,2026-08-02,34.5,1,0,0,13.026,2.78,13.0,38.0,1
2026-08-02T07:50:00+00:00,2026-08-02,36.1,1,0,0,0.0,0.0,13.0,41.0,1
2026-08-02T08:00:00+00:00,2026-08-02,37.69,1,0,0,0.0,0.0,13.0,44.0,1
2026-08-02T08:10:00+00:00,2026-08-02,39.25,1,0,0,0.0,0.0,88.0,44.0,1
2026-08-02T08:20:00+00:00,2026-08-02,40.79,1,0,0,0.0,0.0,88.0,34.0,1
2026-08-02T08:30:00+00:00,2026-08-02,42.31,1,0,0,0.0,0.0,88.0,24.0,1
2026-08-02T08:40:00+00:00,2026-08-02,43.8,1,0,0,0.0,0.0,13.0,24.0,1
2026-08-02T08:50:00+00:00,2026-08-02,45.25,1,0,0,0.0,0.0,13.0,14.0,1
2026-08-02T09:00:00+00:00,2026-08-02,46.66,1,0,0,0.0,0.0,13.0,4.0,1
2026-08-02T09:10:00+00:00,2026-08-02,48.04,1,0,0,0.0001,0.0,0.0,4.0,1
2026-08-02T09:20:00+00:00,2026-08-02,49.36,1,0,0,0.004,0.0,0.0,7.0,1
2026-08-02T09:30:00+00:00,2026-08-02,50.63,1,0,0,0.0,0.0,0.0,11.0,1
2026-08-02T09:40:00+00:00,2026-08-02,51.84,1,0,0,0.0001,0.0,0.0,11.0,1
2026-08-02T09:50:00+00:00,2026-08-02,52.98,1,0,0,0.0001,0.0,0.0,14.0,1
2026-08-02T10:00:00+00:00,2026-08-02,54.04,1,0,0,0.0013,0.0,0.0,17.0,1
2026-08-02T10:10:00+00:00,2026-08-02,55.02,1,0,0,0.2663,0.0,0.0,17.0,1
2026-08-02T10:20:00+00:00,2026-08-02,55.91,1,0,0,0.0,0.0,0.0,15.0,1
2026-08-02T10:30:00+00:00,2026-08-02,56.71,1,0,0,0.0,0.0,0.0,37.0,1
2026-08-02T10:40:00+00:00,2026-08-02,57.4,1,0,0,0.0,0.0,0.0,37.0,1
2026-08-02T10:50:00+00:00,2026-08-02,57.97,1,0,0,0.0,0.0,0.0,35.0,1
2026-08-02T11:00:00+00:00,2026-08-02,58.42,1,0,0,0.0,0.0,0.0,34.0,1
2026-08-02T11:10:00+00:00,2026-08-02,58.75,1,0,0,0.0001,0.0,0.0,34.0,1
2026-08-02T11:20:00+00:00,2026-08-02,58.95,1,0,0,0.0004,0.0,0.0,29.0,1
2026-08-02T11:30:00+00:00,2026-08-02,59.02,1,0,0,0.0,2.78,0.0,24.0,1
2026-08-02T11:40:00+00:00,2026-08-02,58.96,1,0,0,0.0047,0.0,0.0,24.0,1
2026-08-02T11:50:00+00:00,2026-08-02,58.76,1,0,0,0.0061,0.0,0.0,18.0,1
2026-08-02T12:00:00+00:00,2026-08-02,58.43,1,0,0,0.0065,0.0,0.0,13.0,1
2026-08-02T12:10:00+00:00,2026-08-02,57.98,1,0,1,0.0137,0.0,0.0,13.0,1
2026-08-02T12:20:00+00:00,2026-08-02,57.4,1,0,1,0.022,0.0,0.0,10.0,1
2026-08-02T12:30:00+00:00,2026-08-02,56.72,1,0,1,0.0414,0.0,0.0,7.0,1
2026-08-02T12:40:00+00:00,2026-08-02,55.92,1,0,1,0.0397,0.0,25.0,7.0,1
2026-08-02T12:50:00+00:00,2026-08-02,55.03,1,0,1,0.038,0.0,25.0,3.0,1
2026-08-02T13:00:00+00:00,2026-08-02,54.05,1,0,1,0.0275,0.0,25.0,0.0,1
2026-08-02T13:10:00+00:00,2026-08-02,52.99,1,0,1,0.0334,0.0,0.0,0.0,1
2026-08-02T13:20:00+00:00,2026-08-02,51.85,1,0,1,0.0328,0.0,0.0,0.0,1
2026-08-02T13:30:00+00:00,2026-08-02,50.64,1,0,1,0.0878,0.0,0.0,0.0,1
2026-08-02T13:40:00+00:00,2026-08-02,49.37,1,1,1,,0.0,0.0,0.0,0
2026-08-02T13:50:00+00:00,2026-08-02,48.05,1,0,1,0.2976,0.0,0.0,0.0,1
2026-08-02T14:00:00+00:00,2026-08-02,46.68,1,0,1,0.2865,0.0,0.0,0.0,1
2026-08-02T14:10:00+00:00,2026-08-02,45.26,1,0,1,0.3029,0.0,13.0,0.0,1
2026-08-02T14:20:00+00:00,2026-08-02,43.81,1,0,1,0.3174,0.0,13.0,0.0,1
2026-08-02T14:30:00+00:00,2026-08-02,42.32,1,0,1,0.3435,0.0,13.0,0.0,1
2026-08-02T14:40:00+00:00,2026-08-02,40.8,1,0,1,0.3171,0.0,0.0,0.0,1
2026-08-02T14:50:00+00:00,2026-08-02,39.26,1,0,1,0.2984,0.0,0.0,0.0,1
2026-08-02T15:00:00+00:00,2026-08-02,37.69,1,0,1,0.3082,0.0,0.0,0.0,1
2026-08-02T15:10:00+00:00,2026-08-02,36.11,1,0,1,0.2966,0.0,0.0,0.0,1
2026-08-02T15:20:00+00:00,2026-08-02,34.51,1,0,1,0.3946,0.0,0.0,0.0,1
2026-08-02T15:30:00+00:00,2026-08-02,32.89,1,0,1,0.3366,0.0,0.0,0.0,1
2026-08-02T15:40:00+00:00,2026-08-02,31.26,1,0,1,0.4838,0.0,0.0,0.0,1
2026-08-02T15:50:00+00:00,2026-08-02,29.63,1,0,1,0.4691,0.0,0.0,0.0,1
2026-08-02T16:00:00+00:00,2026-08-02,27.99,1,0,1,1.016,0.0,0.0,0.0,1
2026-08-02T16:10:00+00:00,2026-08-02,26.34,1,0,1,0.9894,0.0,0.0,0.0,1
2026-08-02T16:20:00+00:00,2026-08-02,24.69,1,0,1,1.207,0.0,0.0,0.0,1
2026-08-02T16:30:00+00:00,2026-08-02,23.04,1,0,1,1.3037,0.0,0.0,1.0,1
2026-08-02T16:40:00+00:00,2026-08-02,21.39,1,0,1,1.8101,0.0,0.0,1.0,1
2026-08-02T16:50:00+00:00,2026-08-02,19.75,1,0,1,4.6287,0.0,0.0,2.0,1
2026-08-02T17:00:00+00:00,2026-08-02,18.11,1,0,1,8.0318,0.0,0.0,2.0,1
2026-08-02T17:10:00+00:00,2026-08-02,16.47,1,0,1,13.912,0.0,0.0,2.0,1
2026-08-02T17:20:00+00:00,2026-08-02,14.85,1,0,1,33.9551,0.0,0.0,2.0,1
2026-08-02T17:30:00+00:00,2026-08-02,13.23,1,0,1,40.4032,0.0,0.0,1.0,1
2026-08-02T17:40:00+00:00,2026-08-02,11.63,1,0,1,48.8289,0.0,0.0,1.0,1
2026-08-02T17:50:00+00:00,2026-08-02,10.04,1,0,1,51.6411,0.0,0.0,1.0,1
2026-08-02T18:00:00+00:00,2026-08-02,8.47,1,0,0,56.4723,0.0,0.0,0.0,1
2026-08-02T18:10:00+00:00,2026-08-02,6.92,1,0,0,66.6727,0.0,0.0,0.0,1
2026-08-02T18:20:00+00:00,2026-08-02,5.4,1,0,0,80.987,0.0,0.0,0.0,1
2026-08-02T18:30:00+00:00,2026-08-02,3.91,0,0,,,0.0,0.0,0.0,0
2026-08-02T18:40:00+00:00,2026-08-02,2.46,0,0,,,0.0,0.0,0.0,0
2026-08-02T18:50:00+00:00,2026-08-02,1.09,0,0,,,0.0,0.0,0.0,0
2026-08-02T19:00:00+00:00,2026-08-02,-0.17,0,0,,,0.0,0.0,0.0,0
2026-08-02T19:10:00+00:00,2026-08-02,-2.21,0,0,,,0.0,0.0,0.0,0
2026-08-02T19:20:00+00:00,2026-08-02,-3.62,0,0,,,0.0,0.0,0.0,0
2026-08-02T19:30:00+00:00,2026-08-02,-5.01,0,0,,,0.0,0.0,9.0,0
2026-08-02T19:40:00+00:00,2026-08-02,-6.36,0,0,,,0.0,0.0,9.0,0
2026-08-02T19:50:00+00:00,2026-08-02,-7.68,0,0,,,0.0,0.0,5.0,0
2026-08-02T20:00:00+00:00,2026-08-02,-8.97,0,0,,,0.0,0.0,0.0,0
2026-08-02T20:10:00+00:00,2026-08-02,-10.21,0,0,,,0.0,0.0,0.0,0
2026-08-02T20:20:00+00:00,2026-08-02,-11.42,0,0,,,0.0,0.0,0.0,0
2026-08-02T20:30:00+00:00,2026-08-02,-12.59,0,0,,,0.0,0.0,0.0,0
2026-08-02T20:40:00+00:00,2026-08-02,-13.71,0,0,,,0.0,0.0,0.0,0
2026-08-02T20:50:00+00:00,2026-08-02,-14.78,0,0,,,0.0,0.0,0.0,0
2026-08-02T21:00:00+00:00,2026-08-02,-15.8,0,0,,,0.0,0.0,0.0,0
2026-08-02T21:10:00+00:00,2026-08-02,-16.77,0,0,,,0.0,0.0,0.0,0
2026-08-02T21:20:00+00:00,2026-08-02,-17.69,0,0,,,0.0,0.0,0.0,0
2026-08-02T21:30:00+00:00,2026-08-02,-18.55,0,0,,,0.0,0.0,0.0,0
2026-08-02T21:40:00+00:00,2026-08-02,-19.36,0,0,,,0.0,0.0,0.0,0
2026-08-02T21:50:00+00:00,2026-08-02,-20.1,0,0,,,0.0,0.0,0.0,0
2026-08-02T22:00:00+00:00,2026-08-02,-20.78,0,0,,,0.0,0.0,0.0,0
2026-08-02T22:10:00+00:00,2026-08-02,-21.39,0,0,,,0.0,0.0,0.0,0
2026-08-02T22:20:00+00:00,2026-08-02,-21.94,0,0,,,0.0,0.0,0.0,0
2026-08-02T22:30:00+00:00,2026-08-02,-22.42,0,0,,,0.0,0.0,0.0,0
2026-08-02T22:40:00+00:00,2026-08-02,-22.83,0,0,,,0.0,0.0,0.0,0
2026-08-02T22:50:00+00:00,2026-08-02,-23.16,0,0,,,0.0,0.0,0.0,0
2026-08-02T23:00:00+00:00,2026-08-02,-23.43,0,0,,,0.0,0.0,0.0,0
2026-08-02T23:10:00+00:00,2026-08-02,-23.62,0,0,,,0.0,0.0,0.0,0
2026-08-02T23:20:00+00:00,2026-08-02,-23.73,0,0,,,0.0,0.0,0.0,0
2026-08-02T23:30:00+00:00,2026-08-02,-23.77,0,0,,,0.0,0.0,0.0,0
2026-08-02T23:40:00+00:00,2026-08-02,-23.74,0,0,,,0.0,0.0,0.0,0
2026-08-02T23:50:00+00:00,2026-08-02,-23.63,0,0,,,0.0,0.0,0.0,0
2026-08-03T00:00:00+00:00,2026-08-03,-23.45,0,0,,,0.0,0.0,0.0,0
2026-08-03T00:10:00+00:00,2026-08-03,-23.19,0,0,,,0.0,0.0,0.0,0
2026-08-03T00:20:00+00:00,2026-08-03,-22.86,0,0,,,0.0,0.0,0.0,0
2026-08-03T00:30:00+00:00,2026-08-03,-22.45,0,0,,,0.0,0.0,0.0,0
2026-08-03T00:40:00+00:00,2026-08-03,-21.98,0,0,,,0.0,0.0,0.0,0
2026-08-03T00:50:00+00:00,2026-08-03,-21.44,0,0,,,0.0,0.0,0.0,0
2026-08-03T01:00:00+00:00,2026-08-03,-20.83,0,0,,,0.0,0.0,0.0,0
2026-08-03T01:10:00+00:00,2026-08-03,-20.16,0,0,,,0.0,0.0,0.0,0
2026-08-03T01:20:00+00:00,2026-08-03,-19.42,0,0,,,0.0,0.0,0.0,0
2026-08-03T01:30:00+00:00,2026-08-03,-18.62,0,0,,,0.0,0.0,0.0,0
2026-08-03T01:40:00+00:00,2026-08-03,-17.76,0,0,,,0.0,0.0,0.0,0
2026-08-03T01:50:00+00:00,2026-08-03,-16.85,0,0,,,0.0,0.0,0.0,0
2026-08-03T02:00:00+00:00,2026-08-03,-15.88,0,0,,,0.0,0.0,,0
2026-08-03T02:10:00+00:00,2026-08-03,-14.86,0,0,,,0.0,0.0,0.0,0
2026-08-03T02:20:00+00:00,2026-08-03,-13.8,0,0,,,0.0,0.0,24.0,0
2026-08-03T02:30:00+00:00,2026-08-03,-12.68,0,0,,,0.0,0.0,48.0,0
2026-08-03T02:40:00+00:00,2026-08-03,-11.52,0,0,,,2.78,0.0,48.0,0
2026-08-03T02:50:00+00:00,2026-08-03,-10.32,0,0,,,23.61,0.0,71.0,0
2026-08-03T03:00:00+00:00,2026-08-03,-9.07,0,0,,,56.94,0.0,95.0,0
2026-08-03T03:10:00+00:00,2026-08-03,-7.79,0,0,,,65.28,0.0,95.0,0
2026-08-03T03:20:00+00:00,2026-08-03,-6.47,0,0,,,50.0,0.0,94.0,0
2026-08-03T03:30:00+00:00,2026-08-03,-5.12,0,0,,,55.56,0.0,94.0,0
2026-08-03T03:40:00+00:00,2026-08-03,-3.74,0,0,,,47.22,0.0,94.0,0
2026-08-03T03:50:00+00:00,2026-08-03,-2.33,0,0,,,59.72,0.0,93.0,0
2026-08-03T04:00:00+00:00,2026-08-03,-0.89,0,0,,,65.28,0.0,92.0,0
2026-08-03T04:10:00+00:00,2026-08-03,0.98,0,0,,,69.44,50.0,92.0,0
2026-08-03T04:20:00+00:00,2026-08-03,2.34,0,0,,,73.61,50.0,92.0,0
2026-08-03T04:30:00+00:00,2026-08-03,3.78,0,0,,,77.78,50.0,70.0,0
2026-08-03T04:40:00+00:00,2026-08-03,5.27,1,0,0,70.4031,100.0,88.0,70.0,1
2026-08-03T04:50:00+00:00,2026-08-03,6.79,1,0,0,93.9068,100.0,88.0,78.0,1
2026-08-03T05:00:00+00:00,2026-08-03,8.34,1,0,0,99.7327,100.0,88.0,86.0,1
2026-08-03T05:10:00+00:00,2026-08-03,9.9,1,0,0,99.9927,100.0,88.0,86.0,1
2026-08-03T05:20:00+00:00,2026-08-03,11.49,1,0,0,99.9344,100.0,88.0,89.0,1
2026-08-03T05:30:00+00:00,2026-08-03,13.09,1,0,0,99.9383,100.0,88.0,91.0,1
2026-08-03T05:40:00+00:00,2026-08-03,14.7,1,0,0,99.7178,100.0,100.0,91.0,1
2026-08-03T05:50:00+00:00,2026-08-03,16.32,1,0,0,99.9876,100.0,100.0,94.0,1
2026-08-03T06:00:00+00:00,2026-08-03,17.96,1,0,0,99.9971,100.0,100.0,96.0,1
2026-08-03T06:10:00+00:00,2026-08-03,19.59,1,0,0,99.9521,100.0,100.0,96.0,1
2026-08-03T06:20:00+00:00,2026-08-03,21.24,1,0,0,99.5268,100.0,100.0,90.0,1
2026-08-03T06:30:00+00:00,2026-08-03,22.88,1,0,0,99.5334,100.0,100.0,84.0,1
2026-08-03T06:40:00+00:00,2026-08-03,24.53,1,0,0,99.6458,100.0,100.0,84.0,1
2026-08-03T06:50:00+00:00,2026-08-03,26.17,1,0,0,99.7041,100.0,100.0,77.0,1
2026-08-03T07:00:00+00:00,2026-08-03,27.82,1,0,0,99.9804,100.0,100.0,71.0,1
2026-08-03T07:10:00+00:00,2026-08-03,29.46,1,0,0,99.9879,100.0,100.0,71.0,1
2026-08-03T07:20:00+00:00,2026-08-03,31.09,1,0,0,99.9757,100.0,100.0,77.0,1
2026-08-03T07:30:00+00:00,2026-08-03,32.71,1,0,0,99.9505,100.0,100.0,100.0,1
2026-08-03T07:40:00+00:00,2026-08-03,34.32,1,0,0,99.9557,100.0,100.0,100.0,1
2026-08-03T07:50:00+00:00,2026-08-03,35.92,1,0,0,99.9504,100.0,100.0,100.0,1
2026-08-03T08:00:00+00:00,2026-08-03,37.5,1,0,0,99.9164,98.61,100.0,100.0,1
2026-08-03T08:10:00+00:00,2026-08-03,39.07,1,0,0,99.4675,91.67,88.0,100.0,1
2026-08-03T08:20:00+00:00,2026-08-03,40.61,1,0,0,87.9204,80.56,88.0,92.0,1
2026-08-03T08:30:00+00:00,2026-08-03,42.12,1,0,0,66.743,81.94,88.0,84.0,1
2026-08-03T08:40:00+00:00,2026-08-03,43.6,1,0,0,75.2659,84.72,100.0,84.0,1
2026-08-03T08:50:00+00:00,2026-08-03,45.05,1,0,0,85.5634,83.33,100.0,76.0,1
2026-08-03T09:00:00+00:00,2026-08-03,46.47,1,0,0,86.7684,79.17,100.0,68.0,1
2026-08-03T09:10:00+00:00,2026-08-03,47.83,1,0,0,55.572,88.89,100.0,68.0,1
2026-08-03T09:20:00+00:00,2026-08-03,49.15,1,0,0,37.7086,80.56,100.0,58.0,1
2026-08-03T09:30:00+00:00,2026-08-03,50.42,1,0,0,59.1673,80.56,100.0,48.0,1
2026-08-03T09:40:00+00:00,2026-08-03,51.62,1,0,0,62.7016,80.56,75.0,48.0,1
2026-08-03T09:50:00+00:00,2026-08-03,52.75,1,0,0,48.0296,48.61,75.0,38.0,1
2026-08-03T10:00:00+00:00,2026-08-03,53.81,1,0,0,74.5231,50.0,75.0,28.0,1
2026-08-03T10:10:00+00:00,2026-08-03,54.79,1,0,0,38.8796,68.06,63.0,28.0,1
2026-08-03T10:20:00+00:00,2026-08-03,55.68,1,0,0,41.932,50.0,63.0,21.0,1
2026-08-03T10:30:00+00:00,2026-08-03,56.47,1,1,0,,38.89,63.0,26.0,0
2026-08-03T10:40:00+00:00,2026-08-03,57.15,1,0,0,31.5689,20.83,63.0,26.0,1
2026-08-03T10:50:00+00:00,2026-08-03,57.72,1,0,0,8.5585,2.78,63.0,13.0,1
2026-08-03T11:00:00+00:00,2026-08-03,58.17,1,0,0,3.4357,0.0,63.0,0.0,1
2026-08-03T11:10:00+00:00,2026-08-03,58.5,1,0,0,2.7859,0.0,13.0,0.0,1
2026-08-03T11:20:00+00:00,2026-08-03,58.7,1,0,0,0.0226,0.0,13.0,5.0,1
2026-08-03T11:30:00+00:00,2026-08-03,58.76,1,0,0,0.9979,0.0,13.0,10.0,1
2026-08-03T11:40:00+00:00,2026-08-03,58.69,1,0,0,1.2675,11.11,13.0,10.0,1
2026-08-03T11:50:00+00:00,2026-08-03,58.5,1,0,0,0.014,12.5,13.0,15.0,1
2026-08-03T12:00:00+00:00,2026-08-03,58.17,1,0,0,0.016,26.39,13.0,20.0,1
2026-08-03T12:10:00+00:00,2026-08-03,57.72,1,0,1,0.5009,31.94,0.0,20.0,1
2026-08-03T12:20:00+00:00,2026-08-03,57.15,1,0,1,4.9712,58.33,0.0,18.0,1
2026-08-03T12:30:00+00:00,2026-08-03,56.46,1,0,1,5.8328,88.89,0.0,16.0,1
2026-08-03T12:40:00+00:00,2026-08-03,55.67,1,0,1,14.4664,94.44,0.0,16.0,1
2026-08-03T12:50:00+00:00,2026-08-03,54.79,1,0,1,23.2387,91.67,0.0,13.0,1
2026-08-03T13:00:00+00:00,2026-08-03,53.81,1,0,1,20.608,84.72,0.0,11.0,1
2026-08-03T13:10:00+00:00,2026-08-03,52.75,1,0,1,25.4463,90.28,0.0,11.0,1
2026-08-03T13:20:00+00:00,2026-08-03,51.61,1,0,1,18.4448,100.0,0.0,33.0,1
2026-08-03T13:30:00+00:00,2026-08-03,50.41,1,0,1,70.5581,100.0,0.0,37.0,1
2026-08-03T13:40:00+00:00,2026-08-03,49.14,1,1,1,,100.0,75.0,37.0,0
2026-08-03T13:50:00+00:00,2026-08-03,47.82,1,0,1,82.177,91.67,75.0,53.0,1
2026-08-03T14:00:00+00:00,2026-08-03,46.45,1,0,1,86.5674,86.11,75.0,70.0,1
2026-08-03T14:10:00+00:00,2026-08-03,45.04,1,0,1,67.0173,84.72,75.0,70.0,1
2026-08-03T14:20:00+00:00,2026-08-03,43.59,1,0,1,70.8153,97.22,75.0,62.0,1
2026-08-03T14:30:00+00:00,2026-08-03,42.1,1,0,1,63.1834,100.0,75.0,55.0,1
2026-08-03T14:40:00+00:00,2026-08-03,40.59,1,0,1,68.1499,100.0,100.0,55.0,1
2026-08-03T14:50:00+00:00,2026-08-03,39.05,1,0,1,84.4029,100.0,100.0,47.0,1
2026-08-03T15:00:00+00:00,2026-08-03,37.48,1,0,1,95.9441,100.0,100.0,39.0,1
2026-08-03T15:10:00+00:00,2026-08-03,35.9,1,0,1,99.2031,100.0,75.0,39.0,1
2026-08-03T15:20:00+00:00,2026-08-03,34.3,1,0,1,93.1686,93.06,75.0,48.0,1
2026-08-03T15:30:00+00:00,2026-08-03,32.69,1,0,1,74.5485,93.06,75.0,58.0,1
2026-08-03T15:40:00+00:00,2026-08-03,31.06,1,0,1,66.9211,76.39,88.0,58.0,1
2026-08-03T15:50:00+00:00,2026-08-03,29.43,1,0,1,73.4303,69.44,88.0,67.0,1
2026-08-03T16:00:00+00:00,2026-08-03,27.78,1,0,1,56.9192,91.67,88.0,76.0,1
2026-08-03T16:10:00+00:00,2026-08-03,26.14,1,0,1,36.0601,100.0,75.0,76.0,1
2026-08-03T16:20:00+00:00,2026-08-03,24.49,1,0,1,93.3082,98.61,75.0,78.0,1
2026-08-03T16:30:00+00:00,2026-08-03,22.84,1,0,1,99.1384,100.0,75.0,72.0,1
2026-08-03T16:40:00+00:00,2026-08-03,21.19,1,0,1,98.3955,100.0,100.0,72.0,1
2026-08-03T16:50:00+00:00,2026-08-03,19.55,1,0,1,99.235,100.0,100.0,86.0,1
2026-08-03T17:00:00+00:00,2026-08-03,17.91,1,0,1,96.7673,100.0,100.0,100.0,1
2026-08-03T17:10:00+00:00,2026-08-03,16.27,1,0,1,96.917,100.0,100.0,100.0,1
2026-08-03T17:20:00+00:00,2026-08-03,14.65,1,0,1,94.0949,100.0,100.0,100.0,1
2026-08-03T17:30:00+00:00,2026-08-03,13.03,1,0,1,98.0039,100.0,100.0,100.0,1
2026-08-03T17:40:00+00:00,2026-08-03,11.43,1,0,1,85.9171,100.0,100.0,100.0,1
2026-08-03T17:50:00+00:00,2026-08-03,9.84,1,0,1,94.2132,100.0,100.0,100.0,1
2026-08-03T18:00:00+00:00,2026-08-03,8.27,1,0,0,99.9985,100.0,100.0,100.0,1
2026-08-03T18:10:00+00:00,2026-08-03,6.72,1,0,0,100.0,100.0,100.0,100.0,1
2026-08-03T18:20:00+00:00,2026-08-03,5.19,1,0,0,100.0,100.0,100.0,100.0,1
2026-08-03T18:30:00+00:00,2026-08-03,3.7,0,0,,,100.0,100.0,100.0,0
2026-08-03T18:40:00+00:00,2026-08-03,2.26,0,0,,,100.0,100.0,100.0,0
2026-08-03T18:50:00+00:00,2026-08-03,0.9,0,0,,,100.0,100.0,,0
2026-08-03T19:00:00+00:00,2026-08-03,-0.98,0,0,,,100.0,100.0,100.0,0
2026-08-03T19:10:00+00:00,2026-08-03,-2.43,0,0,,,98.61,100.0,100.0,0
2026-08-03T19:20:00+00:00,2026-08-03,-3.85,0,0,,,100.0,100.0,100.0,0
2026-08-03T19:30:00+00:00,2026-08-03,-5.23,0,0,,,100.0,100.0,90.0,0
2026-08-03T19:40:00+00:00,2026-08-03,-6.59,0,0,,,100.0,100.0,90.0,0
2026-08-03T19:50:00+00:00,2026-08-03,-7.91,0,0,,,100.0,100.0,89.0,0
2026-08-03T20:00:00+00:00,2026-08-03,-9.2,0,0,,,100.0,100.0,88.0,0
2026-08-03T20:10:00+00:00,2026-08-03,-10.45,0,0,,,100.0,100.0,88.0,0
2026-08-03T20:20:00+00:00,2026-08-03,-11.66,0,0,,,100.0,100.0,91.0,0
2026-08-03T20:30:00+00:00,2026-08-03,-12.83,0,0,,,100.0,100.0,94.0,0
2026-08-03T20:40:00+00:00,2026-08-03,-13.95,0,0,,,100.0,100.0,94.0,0
2026-08-03T20:50:00+00:00,2026-08-03,-15.02,0,0,,,100.0,100.0,97.0,0
2026-08-03T21:00:00+00:00,2026-08-03,-16.05,0,0,,,100.0,100.0,100.0,0
2026-08-03T21:10:00+00:00,2026-08-03,-17.02,0,0,,,100.0,100.0,100.0,0
2026-08-03T21:20:00+00:00,2026-08-03,-17.94,0,0,,,100.0,100.0,100.0,0
2026-08-03T21:30:00+00:00,2026-08-03,-18.81,0,0,,,100.0,100.0,100.0,0
2026-08-03T21:40:00+00:00,2026-08-03,-19.61,0,0,,,100.0,100.0,100.0,0
2026-08-03T21:50:00+00:00,2026-08-03,-20.36,0,0,,,100.0,100.0,100.0,0
2026-08-03T22:00:00+00:00,2026-08-03,-21.04,0,0,,,100.0,100.0,100.0,0
2026-08-03T22:10:00+00:00,2026-08-03,-21.65,0,0,,,100.0,100.0,100.0,0
2026-08-03T22:20:00+00:00,2026-08-03,-22.2,0,0,,,100.0,100.0,100.0,0
2026-08-03T22:30:00+00:00,2026-08-03,-22.68,0,0,,,100.0,100.0,100.0,0
2026-08-03T22:40:00+00:00,2026-08-03,-23.09,0,0,,,100.0,100.0,100.0,0
2026-08-03T22:50:00+00:00,2026-08-03,-23.43,0,0,,,100.0,100.0,100.0,0
2026-08-03T23:00:00+00:00,2026-08-03,-23.69,0,0,,,100.0,100.0,100.0,0
2026-08-03T23:10:00+00:00,2026-08-03,-23.88,0,0,,,100.0,100.0,100.0,0
2026-08-03T23:20:00+00:00,2026-08-03,-24.0,0,0,,,100.0,100.0,100.0,0
2026-08-03T23:30:00+00:00,2026-08-03,-24.04,0,0,,,91.67,100.0,100.0,0
2026-08-03T23:40:00+00:00,2026-08-03,-24.0,0,0,,,76.39,100.0,100.0,0
2026-08-03T23:50:00+00:00,2026-08-03,-23.89,0,0,,,73.61,100.0,100.0,0
2026-08-04T00:00:00+00:00,2026-08-04,-23.71,0,0,,,76.39,100.0,100.0,0
2026-08-04T00:10:00+00:00,2026-08-04,-23.45,0,0,,,88.89,100.0,100.0,0
2026-08-04T00:20:00+00:00,2026-08-04,-23.11,0,0,,,100.0,100.0,100.0,0
2026-08-04T00:30:00+00:00,2026-08-04,-22.71,0,0,,,100.0,100.0,100.0,0
2026-08-04T00:40:00+00:00,2026-08-04,-22.23,0,0,,,100.0,88.0,100.0,0
2026-08-04T00:50:00+00:00,2026-08-04,-21.69,0,0,,,90.28,88.0,100.0,0
2026-08-04T01:00:00+00:00,2026-08-04,-21.08,0,0,,,91.67,88.0,100.0,0
2026-08-04T01:10:00+00:00,2026-08-04,-20.4,0,0,,,100.0,75.0,100.0,0
2026-08-04T01:20:00+00:00,2026-08-04,-19.66,0,0,,,100.0,75.0,100.0,0
2026-08-04T01:30:00+00:00,2026-08-04,-18.86,0,0,,,100.0,75.0,100.0,0
2026-08-04T01:40:00+00:00,2026-08-04,-18.0,0,0,,,94.44,100.0,100.0,0
2026-08-04T01:50:00+00:00,2026-08-04,-17.08,0,0,,,97.22,100.0,100.0,0
2026-08-04T02:00:00+00:00,2026-08-04,-16.11,0,0,,,100.0,100.0,100.0,0
2026-08-04T02:10:00+00:00,2026-08-04,-15.09,0,0,,,100.0,100.0,100.0,0
2026-08-04T02:20:00+00:00,2026-08-04,-14.02,0,0,,,100.0,100.0,100.0,0
2026-08-04T02:30:00+00:00,2026-08-04,-12.9,0,0,,,100.0,100.0,100.0,0
2026-08-04T02:40:00+00:00,2026-08-04,-11.74,0,0,,,100.0,88.0,100.0,0
2026-08-04T02:50:00+00:00,2026-08-04,-10.53,0,0,,,100.0,88.0,100.0,0
2026-08-04T03:00:00+00:00,2026-08-04,-9.28,0,0,,,100.0,88.0,100.0,0
2026-08-04T03:10:00+00:00,2026-08-04,-8.0,0,0,,,100.0,100.0,100.0,0
2026-08-04T03:20:00+00:00,2026-08-04,-6.68,0,0,,,98.61,100.0,100.0,0
2026-08-04T03:30:00+00:00,2026-08-04,-5.33,0,0,,,88.89,100.0,100.0,0
2026-08-04T03:40:00+00:00,2026-08-04,-3.94,0,0,,,52.78,100.0,100.0,0
2026-08-04T03:50:00+00:00,2026-08-04,-2.53,0,0,,,20.83,100.0,100.0,0
2026-08-04T04:00:00+00:00,2026-08-04,-1.08,0,0,,,0.0,100.0,100.0,0
2026-08-04T04:10:00+00:00,2026-08-04,0.81,0,0,,,0.0,100.0,100.0,0
2026-08-04T04:20:00+00:00,2026-08-04,2.16,0,0,,,8.33,100.0,100.0,0
2026-08-04T04:30:00+00:00,2026-08-04,3.6,0,0,,,6.94,100.0,80.0,0
2026-08-04T04:40:00+00:00,2026-08-04,5.08,1,0,0,33.6464,5.56,88.0,80.0,1
2026-08-04T04:50:00+00:00,2026-08-04,6.61,1,0,0,26.1912,13.89,88.0,70.0,1
2026-08-04T05:00:00+00:00,2026-08-04,8.15,1,0,0,11.559,26.39,88.0,60.0,1
2026-08-04T05:10:00+00:00,2026-08-04,9.72,1,0,0,10.2831,37.5,0.0,60.0,1
2026-08-04T05:20:00+00:00,2026-08-04,11.31,1,0,0,10.168,25.0,0.0,68.0,1
2026-08-04T05:30:00+00:00,2026-08-04,12.91,1,0,0,1.5181,4.17,0.0,76.0,1
2026-08-04T05:40:00+00:00,2026-08-04,14.52,1,0,0,1.2612,0.0,0.0,76.0,1
2026-08-04T05:50:00+00:00,2026-08-04,16.15,1,0,0,1.0868,0.0,0.0,83.0,1
2026-08-04T06:00:00+00:00,2026-08-04,17.78,1,0,0,0.034,16.67,0.0,91.0,1
2026-08-04T06:10:00+00:00,2026-08-04,19.42,1,0,0,0.2633,56.94,75.0,91.0,1
2026-08-04T06:20:00+00:00,2026-08-04,21.06,1,0,0,1.0535,45.83,75.0,77.0,1
2026-08-04T06:30:00+00:00,2026-08-04,22.71,1,0,0,2.1581,33.33,75.0,63.0,1
2026-08-04T06:40:00+00:00,2026-08-04,24.35,1,0,0,7.9385,1.39,25.0,63.0,1
2026-08-04T06:50:00+00:00,2026-08-04,26.0,1,0,0,0.0507,0.0,25.0,49.0,1
2026-08-04T07:00:00+00:00,2026-08-04,27.64,1,0,0,0.0,0.0,25.0,35.0,1
2026-08-04T07:10:00+00:00,2026-08-04,29.28,1,0,0,0.0,0.0,75.0,35.0,1
2026-08-04T07:20:00+00:00,2026-08-04,30.91,1,0,0,0.0,0.0,75.0,27.0,1
2026-08-04T07:30:00+00:00,2026-08-04,32.53,1,0,0,0.0,11.11,75.0,41.0,1
2026-08-04T07:40:00+00:00,2026-08-04,34.14,1,0,0,0.0002,8.33,50.0,41.0,1
2026-08-04T07:50:00+00:00,2026-08-04,35.74,1,0,0,0.0,8.33,50.0,46.0,1
2026-08-04T08:00:00+00:00,2026-08-04,37.32,1,0,0,0.0079,15.28,50.0,51.0,1
2026-08-04T08:10:00+00:00,2026-08-04,38.88,1,0,0,0.1073,43.06,0.0,51.0,1
2026-08-04T08:20:00+00:00,2026-08-04,40.42,1,0,0,0.1083,43.06,0.0,38.0,1
2026-08-04T08:30:00+00:00,2026-08-04,41.93,1,0,0,0.0395,44.44,0.0,26.0,1
2026-08-04T08:40:00+00:00,2026-08-04,43.41,1,0,0,0.1005,56.94,0.0,26.0,1
2026-08-04T08:50:00+00:00,2026-08-04,44.86,1,0,0,0.9762,34.72,0.0,13.0,1
2026-08-04T09:00:00+00:00,2026-08-04,46.26,1,0,0,7.5654,15.28,0.0,0.0,1
2026-08-04T09:10:00+00:00,2026-08-04,47.63,1,0,0,3.0656,33.33,25.0,0.0,1
2026-08-04T09:20:00+00:00,2026-08-04,48.94,1,0,0,10.4371,29.17,25.0,0.0,1
2026-08-04T09:30:00+00:00,2026-08-04,50.2,1,0,0,32.2684,9.72,25.0,0.0,1
2026-08-04T09:40:00+00:00,2026-08-04,51.4,1,0,0,1.7871,0.0,38.0,0.0,1
2026-08-04T09:50:00+00:00,2026-08-04,52.53,1,0,0,0.0278,0.0,38.0,0.0,1
2026-08-04T10:00:00+00:00,2026-08-04,53.58,1,0,0,0.0321,0.0,38.0,0.0,1
2026-08-04T10:10:00+00:00,2026-08-04,54.56,1,0,0,0.0346,0.0,0.0,0.0,1
2026-08-04T10:20:00+00:00,2026-08-04,55.44,1,0,0,0.0408,0.0,0.0,1.0,0
2026-08-04T10:30:00+00:00,2026-08-04,56.22,1,0,0,0.1189,0.0,0.0,0.0,1
2026-08-04T10:40:00+00:00,2026-08-04,56.9,1,0,0,0.1371,0.0,0.0,0.0,1
2026-08-04T10:50:00+00:00,2026-08-04,57.47,1,0,0,0.1543,0.0,0.0,0.0,1
2026-08-04T11:00:00+00:00,2026-08-04,57.91,1,0,0,0.1734,0.0,0.0,0.0,1
2026-08-04T11:10:00+00:00,2026-08-04,58.24,1,0,0,0.348,0.0,0.0,0.0,0
2026-08-04T11:20:00+00:00,2026-08-04,58.43,1,0,0,0.9578,0.0,0.0,0.0,1
2026-08-04T11:30:00+00:00,2026-08-04,58.5,1,0,0,0.9633,0.0,0.0,0.0,1
2026-08-04T11:40:00+00:00,2026-08-04,58.43,1,0,0,1.0292,0.0,0.0,0.0,1
2026-08-04T11:50:00+00:00,2026-08-04,58.23,1,0,0,1.5735,0.0,0.0,0.0,1
2026-08-04T12:00:00+00:00,2026-08-04,57.91,1,0,0,2.3,0.0,0.0,0.0,1
2026-08-04T12:10:00+00:00,2026-08-04,57.46,1,0,1,4.1643,5.56,0.0,0.0,1
2026-08-04T12:20:00+00:00,2026-08-04,56.89,1,0,1,4.5998,33.33,0.0,0.0,1
2026-08-04T12:30:00+00:00,2026-08-04,56.21,1,0,1,26.0003,36.11,0.0,0.0,1
2026-08-04T12:40:00+00:00,2026-08-04,55.42,1,0,1,18.2785,51.39,0.0,0.0,1
2026-08-04T12:50:00+00:00,2026-08-04,54.53,1,0,1,25.1887,66.67,0.0,0.0,1
2026-08-04T13:00:00+00:00,2026-08-04,53.56,1,1,1,,79.17,0.0,0.0,0
2026-08-04T13:10:00+00:00,2026-08-04,52.5,1,0,1,75.2115,84.72,0.0,0.0,1
2026-08-04T13:20:00+00:00,2026-08-04,51.37,1,0,1,77.8372,91.67,0.0,4.0,1
2026-08-04T13:30:00+00:00,2026-08-04,50.17,1,0,1,62.8284,88.89,0.0,31.0,1
2026-08-04T13:40:00+00:00,2026-08-04,48.91,1,0,1,61.7746,91.67,0.0,31.0,1
2026-08-04T13:50:00+00:00,2026-08-04,47.59,1,0,1,58.5894,94.44,0.0,46.0,1
2026-08-04T14:00:00+00:00,2026-08-04,46.23,1,0,1,73.8925,98.61,0.0,61.0,1
2026-08-04T14:10:00+00:00,2026-08-04,44.82,1,0,1,97.0311,100.0,38.0,61.0,1
2026-08-04T14:20:00+00:00,2026-08-04,43.37,1,0,1,99.5533,100.0,38.0,56.0,1
2026-08-04T14:30:00+00:00,2026-08-04,41.88,1,0,1,95.5886,100.0,38.0,51.0,1
2026-08-04T14:40:00+00:00,2026-08-04,40.37,1,0,1,99.9066,100.0,100.0,51.0,1
2026-08-04T14:50:00+00:00,2026-08-04,38.83,1,0,1,100.0,100.0,100.0,45.0,1
2026-08-04T15:00:00+00:00,2026-08-04,37.27,1,0,1,100.0,100.0,100.0,40.0,1
2026-08-04T15:10:00+00:00,2026-08-04,35.69,1,1,1,,100.0,100.0,40.0,0
2026-08-04T15:20:00+00:00,2026-08-04,34.09,1,0,1,99.9997,100.0,100.0,55.0,1
2026-08-04T15:30:00+00:00,2026-08-04,32.48,1,0,1,99.9979,100.0,100.0,70.0,1
2026-08-04T15:40:00+00:00,2026-08-04,30.85,1,0,1,99.9997,100.0,100.0,70.0,1
2026-08-04T15:50:00+00:00,2026-08-04,29.22,1,0,1,100.0,100.0,100.0,85.0,1
2026-08-04T16:00:00+00:00,2026-08-04,27.58,1,0,1,99.9714,98.61,100.0,100.0,1
2026-08-04T16:10:00+00:00,2026-08-04,25.93,1,0,1,99.4691,98.61,100.0,,0
2026-08-04T16:20:00+00:00,2026-08-04,24.28,1,0,1,95.9834,95.83,100.0,85.0,1
2026-08-04T16:30:00+00:00,2026-08-04,22.63,1,0,1,86.7081,88.89,100.0,100.0,1
2026-08-04T16:40:00+00:00,2026-08-04,20.99,1,0,1,95.8321,93.06,100.0,100.0,1
2026-08-04T16:50:00+00:00,2026-08-04,19.34,1,0,1,97.6369,100.0,100.0,100.0,1
2026-08-04T17:00:00+00:00,2026-08-04,17.7,1,0,1,,100.0,100.0,100.0,0
2026-08-04T17:10:00+00:00,2026-08-04,16.06,1,0,1,,100.0,88.0,100.0,0
2026-08-04T17:20:00+00:00,2026-08-04,14.44,1,0,1,,100.0,88.0,100.0,0
2026-08-04T17:30:00+00:00,2026-08-04,12.82,1,0,1,,100.0,88.0,100.0,0
2026-08-04T17:40:00+00:00,2026-08-04,11.22,1,0,1,,100.0,88.0,100.0,0
2026-08-04T17:50:00+00:00,2026-08-04,9.63,1,0,1,,100.0,88.0,100.0,0
2026-08-04T18:00:00+00:00,2026-08-04,8.05,1,0,0,,100.0,88.0,100.0,0
2026-08-04T18:10:00+00:00,2026-08-04,6.5,1,0,0,,100.0,100.0,100.0,0
2026-08-04T18:20:00+00:00,2026-08-04,4.98,0,0,,,100.0,100.0,100.0,0
2026-08-04T18:30:00+00:00,2026-08-04,3.49,0,0,,,,100.0,100.0,0
2026-08-04T18:40:00+00:00,2026-08-04,2.05,0,0,,,,100.0,100.0,0
2026-08-04T18:50:00+00:00,2026-08-04,0.7,0,0,,,,100.0,100.0,0
2026-08-04T19:00:00+00:00,2026-08-04,-1.21,0,0,,,,,,0
2026-08-04T19:10:00+00:00,2026-08-04,-2.66,0,0,,,,,,0
2026-08-04T19:20:00+00:00,2026-08-04,-4.07,0,0,,,,,,0
2026-08-04T19:30:00+00:00,2026-08-04,-5.46,0,0,,,,,,0
2026-08-04T19:40:00+00:00,2026-08-04,-6.82,0,0,,,,,,0
2026-08-04T19:50:00+00:00,2026-08-04,-8.15,0,0,,,,,,0
2026-08-04T20:00:00+00:00,2026-08-04,-9.44,0,0,,,,,,0
2026-08-04T20:10:00+00:00,2026-08-04,-10.69,0,0,,,,,,0
2026-08-04T20:20:00+00:00,2026-08-04,-11.9,0,0,,,,,,0
2026-08-04T20:30:00+00:00,2026-08-04,-13.07,0,0,,,,,,0
2026-08-04T20:40:00+00:00,2026-08-04,-14.19,0,0,,,,,,0
2026-08-04T20:50:00+00:00,2026-08-04,-15.27,0,0,,,,,,0
2026-08-04T21:00:00+00:00,2026-08-04,-16.3,0,0,,,,,,0
2026-08-04T21:10:00+00:00,2026-08-04,-17.28,0,0,,,,,,0
2026-08-04T21:20:00+00:00,2026-08-04,-18.2,0,0,,,,,,0
2026-08-04T21:30:00+00:00,2026-08-04,-19.07,0,0,,,,,,0
2026-08-04T21:40:00+00:00,2026-08-04,-19.87,0,0,,,,,,0
2026-08-04T21:50:00+00:00,2026-08-04,-20.62,0,0,,,,,,0
2026-08-04T22:00:00+00:00,2026-08-04,-21.3,0,0,,,,,,0
2026-08-04T22:10:00+00:00,2026-08-04,-21.92,0,0,,,,,,0
2026-08-04T22:20:00+00:00,2026-08-04,-22.47,0,0,,,,,,0
2026-08-04T22:30:00+00:00,2026-08-04,-22.95,0,0,,,,,,0
2026-08-04T22:40:00+00:00,2026-08-04,-23.36,0,0,,,,,,0
2026-08-04T22:50:00+00:00,2026-08-04,-23.69,0,0,,,,,,0
2026-08-04T23:00:00+00:00,2026-08-04,-23.96,0,0,,,,,,0
2026-08-04T23:10:00+00:00,2026-08-04,-24.15,0,0,,,,,,0
2026-08-04T23:20:00+00:00,2026-08-04,-24.26,0,0,,,,,,0
2026-08-04T23:30:00+00:00,2026-08-04,-24.3,0,0,,,,,,0
2026-08-04T23:40:00+00:00,2026-08-04,-24.27,0,0,,,,,,0
2026-08-04T23:50:00+00:00,2026-08-04,-24.16,0,0,,,,,,0
